user_id,plan,signup_date,churn_date,monthly_fee,country
1,Basic,2023-02-20,2023-07-23,799,Germany
2,,2023-03-12,2023-12-27,799,
3,Standard,2023-02-17,,399,India
4,Standard,2023-01-19,2023-08-23,199,US
5,Basic,2023-09-19,,199,Australia
6,Basic,2023-03-25,,199,Germany
7,Basic,2023-06-04,2024-03-20,799,US
8,Premium,2023-02-22,,199,India
9,Standard,2023-04-17,,399,UK
10,Standard,2023-12-23,,399,Germany
11,Basic,2023-10-31,2023-07-02,399,India
12,,2023-05-15,2023-05-13,799,India
13,Premium,2023-03-10,,199,US
14,Basic,2023-01-11,,799,India
15,Basic,2023-05-23,,199,Germany
16,Basic,2023-07-11,,199,
17,Basic,2023-03-10,2023-08-20,199,Germany
18,Standard,2023-01-23,,199,India
19,Basic,2023-06-30,2023-11-06,799,US
20,Basic,2023-10-20,2023-04-05,399,Germany
21,Standard,2023-01-09,,199,UK
22,Basic,2023-09-28,2023-05-27,199,
23,Basic,2023-04-03,,399,Australia
24,Basic,2023-01-17,,799,US
25,Standard,2023-06-03,2023-07-02,199,US
26,Premium,2023-11-24,,399,Australia
27,Basic,2023-05-29,,799,Australia
28,Standard,2023-09-24,,399,Germany
29,Standard,2023-11-24,2023-07-05,199,India
30,Basic,2023-04-16,,399,India
31,Standard,2023-02-04,,399,UK
32,Basic,2023-04-29,,399,
33,Basic,2023-01-14,2023-07-13,399,India
34,Premium,2023-01-14,,,UK
35,,2023-09-23,2023-04-22,199,UK
36,Premium,2023-05-20,,,US
37,Basic,2023-10-21,2023-02-05,399,US
38,Basic,2023-12-30,,399,
39,Standard,2023-04-29,,199,Germany
40,Basic,2023-08-26,2023-12-18,199,Australia
41,Basic,2023-02-03,2023-04-07,799,Australia
42,Standard,2023-06-18,,399,
43,Basic,2023-01-10,,199,UK
44,Premium,2023-05-02,,399,
45,Basic,2023-05-25,,199,Australia
46,Standard,2023-08-11,2023-09-25,,UK
47,Basic,2023-09-14,,799,Australia
48,Standard,2023-09-25,,199,Germany
49,Standard,2023-12-25,,799,US
50,Basic,2023-01-04,,799,US
51,,2023-12-20,,199,UK
52,Premium,2023-04-16,,399,
53,Premium,2023-03-26,2023-04-12,199,Australia
54,Premium,2023-08-02,,399,India
55,Standard,2023-05-01,,199,Germany
56,Premium,2023-05-12,2023-05-05,199,Australia
57,Basic,2023-12-04,,199,India
58,Basic,2023-07-16,,199,Germany
59,Basic,2023-01-19,,799,Germany
60,Basic,2023-05-10,,199,US
61,Basic,2023-01-12,,199,UK
62,Basic,2023-03-22,2023-11-30,799,Australia
63,Premium,2023-11-26,,399,Germany
64,Basic,2023-12-20,,399,Australia
65,Basic,2023-09-19,,,Germany
66,Standard,2023-05-05,,799,
67,Basic,2023-11-03,2023-12-22,199,US
68,Premium,2023-09-24,,399,UK
69,Basic,2023-05-20,,,India
70,,2023-11-25,,199,India
71,Premium,2023-01-02,,199,
72,Basic,2023-01-08,,199,US
73,Basic,2023-09-07,,199,Germany
74,Premium,2023-05-19,,399,US
75,Standard,2023-05-04,,799,UK
76,Standard,2023-11-05,,,India
77,Premium,2023-08-16,,799,Australia
78,Basic,2023-01-10,,199,India
79,Basic,2023-07-31,,199,UK
80,Basic,2023-04-22,2023-04-18,,Germany
81,Premium,2023-01-08,,199,US
82,Standard,2023-10-19,2023-04-07,199,India
83,Basic,2023-12-28,,799,India
84,Basic,2023-09-10,,399,Australia
85,Basic,2023-01-14,,199,US
86,Basic,2023-08-28,,799,Australia
87,Standard,2023-08-30,2023-07-25,,Australia
88,Standard,2023-12-08,,199,Germany
89,Premium,2023-05-29,,799,India
90,Standard,2023-08-24,,199,
91,Basic,2023-11-02,2023-12-17,399,US
92,Standard,2023-06-16,,799,Germany
93,Premium,2023-01-20,,,
94,Standard,2023-08-04,,199,Germany
95,Premium,2023-12-09,,199,Germany
96,Standard,2023-05-15,,199,UK
97,Standard,2023-05-09,,399,UK
98,Basic,2023-10-21,,199,Germany
99,Basic,2023-09-03,,199,UK
100,Basic,2023-07-08,2023-07-21,199,US
101,Basic,2023-02-13,,199,India
102,Standard,2023-03-27,,199,
103,Basic,2023-02-13,2023-10-12,799,US
104,Standard,2023-11-26,2023-04-03,199,India
105,Premium,2023-05-25,,199,UK
106,Basic,2023-02-20,2023-11-28,799,
107,Basic,2023-08-30,,399,US
108,Premium,2023-10-21,2024-03-08,199,Australia
109,Basic,2023-02-20,,199,Germany
110,Basic,2023-09-23,2023-10-03,399,India
111,Basic,2023-04-30,2023-08-10,199,India
112,Basic,2023-07-19,,799,Australia
113,Premium,2023-09-05,,199,Australia
114,Premium,2023-03-11,2023-12-25,199,Germany
115,Standard,2023-12-07,,399,UK
116,Premium,2023-02-26,,399,US
117,Premium,2023-02-08,,799,US
118,Basic,2023-10-16,,199,US
119,Premium,2023-01-18,,399,UK
120,Standard,2023-08-08,,199,Germany
121,Premium,2023-11-09,,399,US
122,Premium,2023-09-01,2023-04-11,799,India
123,Basic,2023-12-18,,199,India
124,Basic,2023-10-31,,799,India
125,Basic,2023-10-25,,399,Australia
126,Basic,2023-10-10,,799,Australia
127,Premium,2023-03-15,,799,UK
128,Premium,2023-04-20,,199,US
129,Basic,2023-06-29,,199,Australia
130,Standard,2023-02-01,,199,India
131,Basic,2023-08-22,,199,Australia
132,Basic,2023-10-09,,399,India
133,Basic,2023-01-25,,399,US
134,Basic,2023-11-27,2024-01-31,,UK
135,Premium,2023-10-06,,199,Germany
136,Basic,2023-08-14,,799,Germany
137,Standard,2023-02-26,,799,India
138,Standard,2023-06-29,2023-09-16,799,Australia
139,Basic,2023-08-20,,199,Australia
140,,2023-12-09,,399,India
141,,2023-10-14,,199,US
142,Basic,2023-03-05,,199,India
143,Standard,2023-08-20,,199,US
144,Basic,2023-10-16,2023-04-03,799,UK
145,Basic,2023-08-01,2023-11-23,399,UK
146,Basic,2023-09-15,,399,India
147,Standard,2023-01-18,,,UK
148,Standard,2023-06-24,2023-10-02,199,Australia
149,Basic,2023-08-17,2023-02-06,399,US
150,Basic,2023-08-14,2024-02-27,799,Germany
151,Premium,2023-03-25,,199,Germany
152,Basic,2023-10-18,2023-10-17,399,UK
153,Basic,2023-09-03,,199,US
154,Standard,2023-04-20,,799,Australia
155,,2023-09-11,2023-04-29,199,Germany
156,Basic,2023-03-29,,199,Australia
157,Standard,2023-03-13,2023-07-26,399,Australia
158,Premium,2023-01-30,,199,Germany
159,Basic,2023-06-21,2023-08-22,199,Germany
160,Standard,2023-11-05,,199,UK
161,Basic,2023-12-09,,199,US
162,Standard,2023-06-26,2023-06-13,399,India
163,Standard,2023-05-19,2023-04-22,399,US
164,Standard,2023-07-13,,399,India
165,Basic,2023-07-05,2023-02-20,399,Germany
166,Premium,2023-08-06,,199,Australia
167,Basic,2023-06-13,,199,US
168,Basic,2023-06-10,,799,Australia
169,Basic,2023-01-13,,799,US
170,Standard,2023-10-23,,199,
171,Standard,2023-03-30,,199,US
172,Basic,2023-11-20,,399,Australia
173,Standard,2023-02-11,2024-03-04,399,
174,Basic,2023-07-29,2023-06-07,399,UK
175,Standard,2023-08-17,,199,Germany
176,Basic,2023-12-16,,399,UK
177,Standard,2023-10-02,,199,UK
178,Basic,2023-10-06,2023-08-13,399,US
179,Premium,2023-09-08,,799,Germany
180,Basic,2023-11-06,2023-08-12,399,
181,Basic,2023-07-27,2023-08-02,199,US
182,Basic,2023-11-17,,,India
183,Premium,2023-05-20,2023-10-04,799,US
184,Premium,2023-10-07,,799,
185,Basic,2023-02-03,,199,Australia
186,Standard,2023-11-05,,199,US
187,Premium,2023-01-18,,799,India
188,Standard,2023-02-26,2024-01-26,399,US
189,Standard,2023-04-22,2024-01-25,799,
190,Basic,2023-01-05,,199,India
191,Basic,2023-07-01,,199,Germany
192,Premium,2023-01-13,,,
193,Premium,2023-12-05,2023-12-20,399,US
194,Standard,2023-10-12,,199,India
195,Basic,2023-09-16,,199,
196,Basic,2023-03-31,,399,Germany
197,Standard,2023-04-14,,199,Australia
198,Premium,2023-07-05,2023-07-09,399,UK
199,Premium,2023-09-07,2023-08-12,199,India
200,Premium,2023-09-12,,799,Australia
201,Standard,2023-03-17,,199,Germany
202,Basic,2023-04-18,2023-05-20,,Australia
203,Basic,2023-06-05,,199,US
204,Premium,2023-03-23,2024-03-18,399,UK
205,Standard,2023-03-18,2023-04-06,199,India
206,Basic,2023-09-15,,399,
207,Basic,2023-05-07,2024-03-23,,Germany
208,Standard,2023-10-09,,799,UK
209,Basic,2023-03-29,,399,Germany
210,Basic,2023-07-23,2023-10-11,399,Australia
211,Standard,2023-01-16,2023-11-09,799,Germany
212,Standard,2023-05-31,,799,Germany
213,Standard,2023-09-11,2023-03-31,,Australia
214,Basic,2023-07-07,,199,Australia
215,Standard,2023-11-25,,,UK
216,Basic,2023-02-01,,199,India
217,Basic,2023-09-28,,199,Australia
218,Standard,2023-01-05,2023-05-28,199,UK
219,Standard,2023-11-26,2023-03-15,199,Germany
220,Premium,2023-11-04,2023-08-28,799,Germany
221,Standard,2023-11-29,,799,
222,Standard,2023-06-18,,799,US
223,Basic,2023-06-30,2023-03-07,399,Australia
224,Basic,2023-06-27,2023-02-18,399,UK
225,Basic,2023-05-23,,399,
226,Basic,2023-12-28,,199,UK
227,,2023-09-05,,799,India
228,Basic,2023-05-07,,399,
229,Premium,2023-09-20,,399,UK
230,Standard,2023-02-09,,399,Australia
231,Premium,2023-12-21,,799,UK
232,Standard,2023-09-12,,199,US
233,Standard,2023-05-23,,199,Germany
234,Standard,2023-08-28,2023-05-01,799,Germany
235,Basic,2023-08-16,2023-11-27,399,
236,Standard,2023-12-07,,799,UK
237,Basic,2023-07-17,,199,UK
238,Basic,2023-03-06,,199,UK
239,Standard,2023-01-11,2023-08-30,799,UK
240,Basic,2023-04-18,,399,US
241,Premium,2023-01-26,,399,Australia
242,,2023-05-31,2024-03-10,199,US
243,Premium,2023-08-09,,199,US
244,Basic,2023-12-07,,399,US
245,Basic,2023-08-25,,199,Germany
246,Premium,2023-08-25,,799,US
247,Basic,2023-08-07,,799,UK
248,,2023-05-31,,199,US
249,,2023-05-03,,399,UK
250,Premium,2023-05-24,,399,
251,Basic,2023-07-08,,199,Australia
252,Basic,2023-09-12,,199,Germany
253,Premium,2023-03-09,2024-03-12,199,Australia
254,Basic,2023-04-14,,399,
255,Basic,2023-12-02,,399,Australia
256,Standard,2023-06-08,,399,Germany
257,Premium,2023-11-05,,799,UK
258,Standard,2023-12-28,2023-09-09,799,
259,Standard,2023-10-27,,399,
260,Basic,2023-03-31,2023-09-04,799,UK
261,Standard,2023-12-23,2023-09-10,199,UK
262,,2023-09-13,,799,Germany
263,Basic,2023-12-19,2024-03-16,399,US
264,Standard,2023-08-08,,799,India
265,Premium,2023-01-09,,399,US
266,Standard,2023-01-12,,199,US
267,Standard,2023-11-21,,399,Australia
268,Standard,2023-09-01,2023-05-08,199,India
269,Basic,2023-07-01,2023-02-18,399,UK
270,Basic,2023-10-11,,399,US
271,Premium,2023-11-08,,799,Germany
272,Premium,2023-04-09,,399,US
273,Premium,2023-07-16,,399,UK
274,Premium,2023-08-14,2023-11-23,199,US
275,Standard,2023-11-29,,,
276,Standard,2023-04-13,,799,Australia
277,Premium,2023-04-16,2023-02-25,799,Australia
278,Standard,2023-12-31,2023-02-27,199,US
279,Standard,2023-02-27,2023-04-04,399,Australia
280,Premium,2023-03-19,2023-12-20,199,Germany
281,Premium,2023-03-16,,399,India
282,Basic,2023-02-11,2023-09-10,199,US
283,Basic,2023-11-20,2023-04-20,399,Germany
284,Basic,2023-06-30,2023-03-22,399,
285,Standard,2023-02-02,,199,Germany
286,Basic,2023-03-12,,399,Germany
287,Standard,2023-02-25,2023-05-12,799,
288,Standard,2023-04-15,,199,UK
289,Basic,2023-07-19,2023-07-25,799,US
290,Standard,2023-04-11,,199,US
291,Basic,2023-09-13,2023-02-09,199,US
292,Basic,2023-11-03,,199,India
293,Premium,2023-03-15,,799,Germany
294,Basic,2023-06-20,,199,US
295,Basic,2023-05-23,2023-09-24,799,Australia
296,Standard,2023-06-15,,399,UK
297,Premium,2023-09-18,,199,
298,Basic,2023-08-09,2023-05-10,399,
299,Standard,2023-03-24,,199,India
300,Basic,2023-07-01,2024-02-12,799,
301,Basic,2023-11-03,2023-09-15,199,UK
302,Standard,2023-01-10,2024-03-08,199,Germany
303,Standard,2023-01-04,,799,
304,Standard,2023-12-17,,,
305,Standard,2023-12-02,,199,Australia
306,,2023-10-19,2023-04-04,799,Germany
307,Standard,2023-10-08,,199,US
308,Basic,2023-08-03,2024-02-14,799,UK
309,Premium,2023-04-08,,399,
310,Basic,2023-04-11,,199,Australia
311,Basic,2023-01-09,2023-02-18,199,UK
312,Basic,2023-03-02,,199,India
313,Basic,2023-11-05,,199,Australia
314,,2023-05-26,,199,India
315,Premium,2023-03-04,,399,
316,Standard,2023-05-01,,,Australia
317,Basic,2023-08-14,,199,US
318,Basic,2023-04-15,,399,UK
319,Basic,2023-09-17,2023-12-28,399,UK
320,Basic,2023-12-15,,799,Germany
321,Standard,2023-09-12,,399,Australia
322,Standard,2023-07-26,2023-12-14,399,Australia
323,Standard,2023-01-28,2023-06-20,399,India
324,Basic,2023-06-19,,199,Australia
325,,2023-12-02,,199,UK
326,Standard,2023-03-17,,199,Australia
327,Standard,2023-04-26,2023-02-24,199,Germany
328,Standard,2023-03-10,,399,Germany
329,Basic,2023-12-20,2023-09-15,199,UK
330,Basic,2023-08-22,,399,UK
331,Basic,2023-01-01,,199,UK
332,Premium,2023-06-16,2023-04-29,799,Australia
333,Basic,2023-12-18,,799,Australia
334,Basic,2023-08-06,,199,US
335,Basic,2023-09-30,,199,
336,Basic,2023-09-08,,399,
337,Premium,2023-12-13,,199,India
338,Standard,2023-12-10,,199,Australia
339,Standard,2023-06-23,2023-05-02,199,US
340,Basic,2023-06-19,2023-03-13,799,US
341,Standard,2023-09-03,2024-02-07,799,Germany
342,Standard,2023-03-31,,399,Australia
343,Basic,2023-02-18,,399,US
344,Basic,2023-10-21,,799,Germany
345,Basic,2023-05-30,,799,India
346,Standard,2023-05-12,,,Germany
347,Standard,2023-02-28,,199,India
348,Basic,2023-11-20,,199,
349,Basic,2023-07-18,,399,
350,Standard,2023-08-03,,399,UK
351,Standard,2023-02-18,2023-11-21,199,UK
352,Premium,2023-08-20,,199,Germany
353,Standard,2023-09-04,2024-03-19,799,UK
354,Basic,2023-08-27,2024-02-23,799,Australia
355,Basic,2023-06-17,,199,Germany
356,Standard,2023-02-17,,799,US
357,Basic,2023-02-20,,399,Australia
358,Standard,2023-10-26,,799,Germany
359,Premium,2023-04-08,,199,
360,Standard,2023-08-04,2023-04-21,199,India
361,Basic,2023-06-26,,199,UK
362,Standard,2023-03-21,,399,UK
363,Standard,2023-07-04,,399,UK
364,Standard,2023-01-27,,199,Germany
365,Premium,2023-07-14,,,Australia
366,Basic,2023-08-02,2024-03-07,199,India
367,,2023-12-08,,199,UK
368,Premium,2023-04-24,,399,Australia
369,Basic,2023-08-30,,399,US
370,Basic,2023-05-04,2023-05-17,199,
371,Basic,2023-11-01,,799,US
372,Basic,2023-03-17,,399,India
373,Basic,2023-11-07,2023-05-21,399,UK
374,Standard,2023-11-08,,399,US
375,Basic,2023-07-15,2023-11-03,199,
376,Basic,2023-12-17,,399,Australia
377,Premium,2023-02-13,,799,Australia
378,Basic,2023-07-05,,199,US
379,Premium,2023-12-09,,199,UK
380,Basic,2023-09-03,2023-09-01,799,
381,Basic,2023-03-25,,199,India
382,Standard,2023-07-26,,399,UK
383,Standard,2023-05-31,2023-09-18,,Germany
384,Premium,2023-06-05,,199,US
385,Standard,2023-01-16,,199,Germany
386,Premium,2023-06-14,2023-12-02,799,US
387,Basic,2023-05-25,2023-05-31,799,India
388,Basic,2023-02-06,2023-06-13,399,UK
389,Premium,2023-11-29,,399,
390,Premium,2023-02-14,,799,UK
391,,2023-07-25,,399,US
392,Basic,2023-03-03,,199,Australia
393,Basic,2023-12-22,,199,Germany
394,Premium,2023-11-04,,399,
395,Basic,2023-01-19,2023-12-02,799,
396,Premium,2023-12-31,,799,UK
397,Premium,2023-10-27,,,UK
398,Basic,2023-01-07,,799,US
399,Premium,2023-09-06,,399,Australia
400,Premium,2023-04-27,,199,Germany
401,Basic,2023-03-09,,799,Australia
402,Premium,2023-02-03,2023-08-26,399,
403,Standard,2023-07-13,,399,Australia
404,Premium,2023-11-21,2024-02-05,199,US
405,Basic,2023-02-24,,799,Australia
406,Premium,2023-09-23,2023-10-14,399,Germany
407,Basic,2023-02-11,2023-08-03,199,
408,Basic,2023-10-24,,399,India
409,Premium,2023-08-19,,399,
410,Basic,2023-01-10,2023-11-12,199,India
411,Basic,2023-12-24,,799,Germany
412,,2023-05-08,,199,
413,,2023-06-28,2024-01-28,199,
414,Standard,2023-07-12,,199,
415,Standard,2023-04-02,,399,
416,Basic,2023-08-19,,,US
417,Basic,2023-03-19,,799,UK
418,Basic,2023-03-26,,799,
419,Standard,2023-01-30,,199,US
420,Premium,2023-08-01,2023-07-29,199,Germany
421,Premium,2023-02-18,2023-03-19,399,
422,Premium,2023-09-22,,199,Australia
423,Basic,2023-05-25,,799,
424,Standard,2023-03-10,,399,
425,Basic,2023-02-27,2023-04-27,,India
426,Standard,2023-07-04,2024-02-19,199,Australia
427,Basic,2023-03-03,,399,
428,Premium,2023-11-04,,399,
429,Basic,2023-10-23,2023-02-18,199,
430,Basic,2023-06-15,,399,US
431,Basic,2023-06-20,,199,Germany
432,Premium,2023-03-04,,199,India
433,Standard,2023-05-27,,199,
434,Basic,2023-11-02,,199,Germany
435,Basic,2023-06-10,,399,India
436,Standard,2023-05-21,,199,India
437,Basic,2023-11-30,,199,India
438,Premium,2023-04-07,,199,
439,Standard,2023-08-09,,199,US
440,Basic,2023-02-12,,199,
441,Basic,2023-10-19,,199,
442,,2023-04-18,,399,Germany
443,Basic,2023-09-23,,399,UK
444,Basic,2023-04-05,2023-03-17,399,UK
445,Premium,2023-09-19,2024-02-20,799,UK
446,Premium,2023-11-09,,399,Germany
447,,2023-03-12,,399,Australia
448,Premium,2023-08-07,,799,Germany
449,Basic,2023-01-21,,199,India
450,Basic,2023-04-02,,399,
451,Premium,2023-05-07,,199,Australia
452,Standard,2023-03-21,2023-03-27,199,India
453,Basic,2023-11-08,,799,
454,Premium,2023-08-26,,199,
455,Basic,2023-07-01,2023-09-16,199,India
456,Standard,2023-01-25,,199,Germany
457,Basic,2023-06-05,,199,UK
458,Standard,2023-01-05,2023-06-24,199,Australia
459,Basic,2023-04-30,2023-05-02,399,
460,Basic,2023-10-04,,799,US
461,Basic,2023-01-18,,799,
462,Standard,2023-07-17,2023-04-22,199,UK
463,Standard,2023-02-26,2023-09-12,,
464,Standard,2023-04-03,,399,US
465,,2023-01-19,,199,Germany
466,Basic,2023-12-19,,799,
467,Basic,2023-07-12,2023-04-19,399,Australia
468,Premium,2023-08-25,,399,Germany
469,Basic,2023-10-04,,199,US
470,,2023-08-15,,399,India
471,Basic,2023-08-21,,799,
472,,2023-02-09,,399,Germany
473,Basic,2023-11-19,,399,
474,Premium,2023-06-02,,399,Australia
475,Standard,2023-05-07,,799,
476,,2023-08-25,,199,Germany
477,Basic,2023-02-24,,399,UK
478,Standard,2023-06-21,,199,Germany
479,,2023-04-19,2023-06-29,399,US
480,Standard,2023-12-20,,399,Germany
481,Standard,2023-07-03,2024-01-26,199,Australia
482,Standard,2023-07-17,,399,Germany
483,Standard,2023-03-28,2023-11-09,199,Germany
484,Standard,2023-07-20,,199,Australia
485,Standard,2023-12-03,,199,Germany
486,Premium,2023-11-18,,199,Australia
487,Basic,2023-10-02,,199,US
488,Basic,2023-07-30,,199,Australia
489,,2023-04-28,,399,US
490,Premium,2023-07-10,,799,US
491,Standard,2023-02-11,2023-12-07,399,Australia
492,Standard,2023-02-11,,199,Germany
493,Basic,2023-11-11,,799,
494,Basic,2023-10-03,2023-07-09,399,UK
495,Standard,2023-11-25,,199,
496,Basic,2023-01-17,,799,Australia
497,Standard,2023-10-10,,199,Germany
498,Basic,2023-09-15,,399,US
499,,2023-03-04,,399,India
500,,2023-03-03,2023-12-12,199,UK
501,Standard,2023-04-10,2024-01-30,799,
502,Standard,2023-01-19,,199,Germany
503,Basic,2023-01-17,2023-07-05,199,UK
504,Premium,2023-11-21,2023-07-05,799,India
505,Standard,2023-09-03,,799,India
506,Basic,2023-09-08,,399,India
507,Premium,2023-03-22,,399,
508,Premium,2023-02-08,,199,Australia
509,Premium,2023-02-05,,799,UK
510,Standard,2023-07-16,,199,Australia
511,Standard,2023-06-07,,199,India
512,Basic,2023-07-23,,399,Germany
513,Premium,2023-07-15,,199,India
514,Premium,2023-08-04,,199,Australia
515,Basic,2023-10-12,2024-02-10,199,India
516,Basic,2023-07-15,,199,India
517,Basic,2023-11-03,,199,Australia
518,Premium,2023-06-01,,199,Australia
519,,2023-01-14,,199,Germany
520,Basic,2023-11-21,,399,Australia
521,Standard,2023-05-26,2023-08-20,799,Germany
522,Basic,2023-02-26,2024-03-14,399,US
523,,2023-07-30,,399,US
524,Premium,2023-09-25,,199,Australia
525,Premium,2023-07-29,2024-01-06,199,India
526,Standard,2023-01-17,,199,UK
527,Basic,2023-10-13,2024-01-07,399,India
528,Basic,2023-12-10,,399,Australia
529,Basic,2023-07-22,2023-05-27,399,Germany
530,Premium,2023-04-09,,199,India
531,Premium,2023-10-06,,199,US
532,,2023-07-28,,799,
533,,2023-05-09,,199,Australia
534,Standard,2023-12-01,,399,India
535,Premium,2023-10-15,,399,
536,Premium,2023-09-09,,399,India
537,Premium,2023-09-22,,799,Germany
538,Basic,2023-09-28,,799,Germany
539,Standard,2023-07-07,,399,Germany
540,Basic,2023-08-02,,399,
541,,2023-10-10,2023-07-03,199,UK
542,Standard,2023-07-30,,799,
543,Basic,2023-12-31,2024-01-29,399,Australia
544,Standard,2023-03-17,2023-12-27,199,Australia
545,Standard,2023-05-28,2023-05-29,199,US
546,Basic,2023-11-17,2023-08-17,199,US
547,Basic,2023-08-01,2024-03-06,399,Australia
548,Standard,2023-04-19,,399,India
549,Standard,2023-05-09,2023-10-20,199,Australia
550,Premium,2023-01-10,,199,UK
551,Standard,2023-02-16,2023-08-02,799,US
552,Premium,2023-11-11,,799,US
553,Standard,2023-04-06,,799,
554,Standard,2023-04-13,,199,US
555,Premium,2023-12-08,,799,Australia
556,Basic,2023-05-26,,399,US
557,Basic,2023-01-27,,199,US
558,Basic,2023-08-08,2023-06-27,199,
559,Premium,2023-01-18,,199,Australia
560,Standard,2023-06-16,,199,India
561,Standard,2023-03-23,,,US
562,Basic,2023-03-13,,199,US
563,Basic,2023-11-06,,199,US
564,Basic,2023-09-11,,399,UK
565,Basic,2023-06-11,,199,Australia
566,Standard,2023-11-23,,399,US
567,Basic,2023-02-07,2023-07-15,199,UK
568,Basic,2023-07-20,,799,India
569,Premium,2023-07-19,,199,India
570,Basic,2023-09-12,2023-04-15,399,
571,Standard,2023-06-28,2023-09-23,399,
572,Premium,2023-02-04,,799,
573,Basic,2023-03-23,,799,UK
574,Standard,2023-08-08,2023-12-10,399,India
575,Premium,2023-06-07,,199,
576,Premium,2023-01-04,2023-10-29,399,Germany
577,Basic,2023-06-16,,799,
578,Premium,2023-07-23,,799,India
579,Standard,2023-07-13,,199,Germany
580,Basic,2023-08-23,,199,UK
581,Standard,2023-07-25,,799,Germany
582,,2023-05-30,,199,India
583,Standard,2023-06-08,2023-07-28,199,US
584,Basic,2023-10-06,,199,Germany
585,Standard,2023-10-31,,399,India
586,Basic,2023-06-15,,,
587,Basic,2023-11-07,,399,US
588,Basic,2023-03-09,2023-11-09,199,UK
589,Basic,2023-03-29,2023-03-22,199,UK
590,Basic,2023-08-05,2023-04-15,199,Australia
591,Basic,2023-01-01,,399,UK
592,Standard,2023-05-15,,399,Australia
593,Basic,2023-07-04,,199,UK
594,Basic,2023-12-17,,399,UK
595,Premium,2023-05-20,,399,UK
596,Standard,2023-04-16,,199,Australia
597,Standard,2023-05-13,2023-06-23,199,
598,Basic,2023-04-18,,,Australia
599,Basic,2023-06-27,2024-01-08,199,Germany
600,Basic,2023-10-25,2023-08-06,799,India
601,Basic,2023-12-24,,399,India
602,Basic,2023-12-25,,799,
603,Basic,2023-05-26,,799,India
604,Basic,2023-03-15,,399,UK
605,Basic,2023-04-18,,799,
606,Standard,2023-05-02,,799,India
607,Basic,2023-01-17,,399,Australia
608,Basic,2023-07-15,,199,Germany
609,Standard,2023-11-23,,199,US
610,Standard,2023-11-14,2023-06-02,799,Germany
611,Basic,2023-10-24,,399,India
612,Premium,2023-09-09,,199,
613,Standard,2023-04-29,,199,India
614,Basic,2023-06-11,,399,Australia
615,Premium,2023-07-17,,199,Germany
616,Premium,2023-02-14,2023-12-28,399,Australia
617,Basic,2023-11-10,,399,Australia
618,Basic,2023-06-28,,399,US
619,Premium,2023-02-13,2023-10-08,199,Australia
620,Standard,2023-09-28,,199,Australia
621,Basic,2023-03-19,,199,US
622,Basic,2023-11-22,2023-11-22,199,UK
623,Basic,2023-06-27,,399,UK
624,Standard,2023-12-23,,399,
625,Standard,2023-01-03,,199,US
626,Basic,2023-08-02,,199,
627,Standard,2023-12-08,2023-12-19,199,
628,Standard,2023-03-15,2023-06-09,,Australia
629,Basic,2023-02-20,,399,
630,Basic,2023-03-08,,799,India
631,Standard,2023-11-28,,799,Germany
632,Premium,2023-04-03,,399,India
633,Standard,2023-06-25,,399,India
634,Standard,2023-05-25,,199,Australia
635,Basic,2023-01-07,2023-10-09,399,Germany
636,Basic,2023-09-26,2024-01-23,199,
637,Standard,2023-11-18,2023-07-29,799,Germany
638,Basic,2023-01-04,,199,
639,Basic,2023-05-18,2024-03-13,799,UK
640,Basic,2023-08-19,,199,US
641,Basic,2023-03-29,,799,Australia
642,Basic,2023-01-17,,199,
643,Basic,2023-02-21,,399,
644,Basic,2023-05-14,,399,Germany
645,Basic,2023-07-30,,199,Australia
646,Premium,2023-11-21,,399,
647,Standard,2023-08-07,,799,UK
648,Standard,2023-07-24,,199,India
649,Premium,2023-07-30,,799,
650,Standard,2023-10-04,,399,Germany
651,Basic,2023-01-24,,799,UK
652,Standard,2023-01-04,,199,Australia
653,Standard,2023-06-01,,399,
654,Standard,2023-09-16,,799,UK
655,Basic,2023-11-20,,199,UK
656,Basic,2023-12-23,,399,UK
657,Basic,2023-06-17,,199,UK
658,Basic,2023-06-25,,199,UK
659,Standard,2023-11-06,,399,UK
660,Standard,2023-10-18,,399,US
661,Basic,2023-02-25,2024-01-14,399,Australia
662,,2023-04-18,,199,India
663,Standard,2023-10-23,,199,Australia
664,Basic,2023-11-20,2023-05-20,199,Germany
665,Basic,2023-10-29,,399,Germany
666,Basic,2023-11-30,,799,Australia
667,Basic,2023-05-21,,799,UK
668,Basic,2023-06-04,,199,US
669,Basic,2023-09-19,,799,India
670,Basic,2023-09-30,,399,
671,Basic,2023-08-20,,399,
672,Premium,2023-08-29,2024-01-03,199,UK
673,Basic,2023-12-21,,399,Australia
674,Standard,2023-12-03,,199,
675,Basic,2023-09-15,,199,Australia
676,,2023-09-06,,199,US
677,Basic,2023-03-18,,199,US
678,Basic,2023-06-29,,199,Australia
679,,2023-03-07,,199,UK
680,Premium,2023-11-04,,199,UK
681,Premium,2023-12-14,,399,UK
682,Basic,2023-06-20,,199,
683,Basic,2023-01-22,2023-04-18,399,India
684,Standard,2023-04-17,,199,India
685,Premium,2023-11-19,2023-02-01,799,UK
686,Standard,2023-08-15,2023-12-17,799,Australia
687,Standard,2023-08-04,,199,US
688,Basic,2023-03-10,,399,Germany
689,Premium,2023-03-25,,199,US
690,Basic,2023-04-13,,799,US
691,Basic,2023-02-08,,399,Germany
692,Basic,2023-01-13,,199,UK
693,Standard,2023-10-24,,199,US
694,Basic,2023-11-09,,199,Germany
695,Basic,2023-06-30,,199,
696,Standard,2023-09-25,,399,Australia
697,Basic,2023-01-13,,399,Australia
698,Standard,2023-04-30,2023-11-02,199,Australia
699,Basic,2023-12-19,2023-11-16,199,UK
700,Standard,2023-02-26,2023-11-23,199,US
701,Standard,2023-02-09,2023-07-18,199,US
702,Basic,2023-12-02,,799,India
703,Basic,2023-05-08,2023-09-27,199,Australia
704,Basic,2023-06-22,2023-02-22,399,UK
705,Basic,2023-02-04,2023-11-20,199,Germany
706,,2023-09-16,2023-07-21,199,UK
707,Basic,2023-01-05,2023-12-19,399,US
708,Premium,2023-08-06,,399,Australia
709,Basic,2023-01-11,,199,India
710,Standard,2023-11-23,2023-12-14,399,
711,Premium,2023-04-27,,399,UK
712,Standard,2023-07-03,,199,India
713,Standard,2023-12-28,2024-03-01,399,US
714,Basic,2023-04-26,,399,Germany
715,Basic,2023-06-11,,199,UK
716,Premium,2023-03-08,,399,
717,Premium,2023-07-19,,199,US
718,,2023-01-31,2023-11-12,199,Australia
719,Basic,2023-03-16,,399,UK
720,Standard,2023-08-25,,799,India
721,Premium,2023-11-23,,799,UK
722,Basic,2023-03-07,2024-01-08,199,US
723,Basic,2023-03-11,,199,US
724,Standard,2023-10-24,,399,India
725,Standard,2023-01-20,,199,
726,Premium,2023-08-14,2023-08-11,799,US
727,Basic,2023-07-18,,399,UK
728,Premium,2023-02-08,,799,
729,Basic,2023-05-25,,199,India
730,Basic,2023-02-14,,199,US
731,Basic,2023-11-22,,799,US
732,Premium,2023-04-01,,399,UK
733,Standard,2023-08-26,,799,US
734,Standard,2023-03-11,,199,UK
735,Basic,2023-06-15,,399,Australia
736,Premium,2023-05-10,2023-07-18,399,
737,Basic,2023-08-02,,199,UK
738,Premium,2023-12-06,,399,Germany
739,Basic,2023-03-30,,399,US
740,Basic,2023-12-01,,199,Australia
741,Standard,2023-09-09,,199,
742,Basic,2023-12-15,,399,India
743,Standard,2023-03-13,2024-03-09,399,Germany
744,Standard,2023-06-14,,799,India
745,Basic,2023-02-18,2023-05-28,199,Germany
746,Premium,2023-02-21,,199,Australia
747,Basic,2023-10-16,,,
748,Standard,2023-10-05,,799,Australia
749,Premium,2023-04-24,,199,Australia
750,Standard,2023-08-27,2023-02-05,799,Germany
751,Basic,2023-05-13,2023-12-27,199,UK
752,Premium,2023-10-01,,199,
753,Standard,2023-06-15,,199,India
754,Basic,2023-10-20,2023-06-11,199,UK
755,Basic,2023-08-31,,799,UK
756,Premium,2023-11-16,,399,US
757,Standard,2023-05-18,,,India
758,Standard,2023-03-20,,399,Germany
759,Premium,2023-06-19,,199,US
760,Premium,2023-05-03,,399,US
761,Basic,2023-06-25,,,Australia
762,Basic,2023-10-27,2023-05-03,399,Germany
763,Basic,2023-03-23,,799,UK
764,Standard,2023-03-28,,799,
765,Basic,2023-08-13,,199,UK
766,Standard,2023-01-16,,399,UK
767,Premium,2023-11-06,2023-10-08,799,Australia
768,Premium,2023-12-24,2023-02-09,,UK
769,Basic,2023-06-12,,199,India
770,Premium,2023-04-08,,399,UK
771,Basic,2023-06-05,,399,UK
772,Premium,2023-01-02,,199,India
773,Basic,2023-12-16,,399,Australia
774,Basic,2023-06-18,,199,US
775,Premium,2023-11-11,,199,Germany
776,Basic,2023-11-21,,199,Australia
777,Basic,2023-04-02,,399,UK
778,Standard,2023-06-30,,199,US
779,Standard,2023-08-19,2023-03-22,399,Germany
780,Standard,2023-10-28,,199,Germany
781,Standard,2023-05-28,2024-01-14,199,Germany
782,Standard,2023-10-07,,199,India
783,Basic,2023-07-08,2023-11-20,199,India
784,Basic,2023-12-13,,399,US
785,Basic,2023-12-16,,799,UK
786,Premium,2023-11-10,,199,US
787,Standard,2023-05-08,2023-06-08,199,UK
788,Basic,2023-01-07,2024-02-26,399,Australia
789,Standard,2023-02-16,,199,Germany
790,Premium,2023-02-22,2023-10-06,,Germany
791,Basic,2023-07-06,,399,India
792,Standard,2023-02-07,,199,Australia
793,Standard,2023-08-14,,199,
794,Standard,2023-02-22,,399,Australia
795,Basic,2023-08-12,,199,UK
796,Premium,2023-06-03,2023-05-12,199,Australia
797,Premium,2023-02-17,2024-01-02,199,India
798,Standard,2023-12-17,2023-04-23,799,UK
799,Standard,2023-05-27,2023-08-09,399,US
800,Premium,2023-03-05,2024-03-22,199,UK
801,Standard,2023-12-15,,399,US
802,Basic,2023-07-01,,199,
803,Standard,2023-05-05,,399,UK
804,Standard,2023-06-28,,199,Germany
805,Basic,2023-02-08,,399,
806,Standard,2023-09-17,,,US
807,Premium,2023-01-03,2023-06-22,199,India
808,Premium,2023-03-05,,199,
809,Standard,2023-01-29,2023-09-24,199,
810,Basic,2023-01-11,2023-11-13,199,
811,,2023-04-07,,199,US
812,Premium,2023-12-24,,799,US
813,Basic,2023-07-22,,799,UK
814,Premium,2023-01-21,2023-11-03,199,Germany
815,Premium,2023-02-08,,399,
816,Standard,2023-08-11,,399,UK
817,Standard,2023-04-12,,399,UK
818,Basic,2023-02-15,,199,Germany
819,Basic,2023-03-07,,199,UK
820,Basic,2023-04-01,2024-02-21,399,Germany
821,Premium,2023-06-13,,199,India
822,Basic,2023-04-21,,799,Germany
823,Basic,2023-12-04,,799,Australia
824,Basic,2023-05-03,,199,Germany
825,Standard,2023-07-12,,199,Germany
826,Premium,2023-04-09,,799,Australia
827,Basic,2023-10-18,,399,Germany
828,Basic,2023-06-08,,799,US
829,Standard,2023-04-13,,199,UK
830,Standard,2023-10-08,2024-02-16,399,UK
831,Basic,2023-02-12,2023-11-17,399,India
832,Standard,2023-03-25,,799,India
833,Basic,2023-07-10,,199,Australia
834,Basic,2023-02-20,,199,US
835,Standard,2023-07-29,,199,India
836,Basic,2023-05-06,2023-07-18,799,UK
837,Premium,2023-03-10,2023-06-23,799,India
838,Basic,2023-09-22,,,India
839,Standard,2023-09-15,2023-08-02,,Germany
840,Standard,2023-07-07,,199,India
841,Basic,2023-08-18,2023-03-16,199,Australia
842,Standard,2023-07-08,,199,UK
843,Basic,2023-01-10,,199,Australia
844,,2023-04-24,,799,Australia
845,Basic,2023-03-17,,799,
846,Basic,2023-06-13,2023-09-30,199,US
847,Basic,2023-03-26,,399,
848,,2023-02-18,,799,
849,Standard,2023-11-22,,399,Germany
850,Standard,2023-06-26,,199,Australia
851,Basic,2023-08-06,2023-12-11,399,US
852,Standard,2023-07-08,,199,UK
853,Basic,2023-12-12,,399,UK
854,Premium,2023-08-18,,199,US
855,Basic,2023-09-12,2023-10-25,199,Australia
856,Basic,2023-08-24,,,Australia
857,Basic,2023-01-26,,399,Germany
858,Standard,2023-03-13,2023-10-10,399,Germany
859,Standard,2023-09-18,,,
860,Basic,2023-09-11,,199,UK
861,Premium,2023-09-28,,199,Germany
862,Standard,2023-05-03,,799,US
863,Standard,2023-05-24,,199,UK
864,Basic,2023-09-14,,799,Australia
865,Basic,2023-05-24,,199,UK
866,Standard,2023-09-16,2024-03-01,199,India
867,Basic,2023-02-16,,399,UK
868,Basic,2023-12-17,,199,Germany
869,Premium,2023-01-13,,799,US
870,Premium,2023-07-27,,399,Australia
871,Basic,2023-11-07,,799,Australia
872,Basic,2023-08-23,,799,Germany
873,Standard,2023-05-29,,199,Germany
874,Basic,2023-11-18,,799,Germany
875,Basic,2023-06-04,2023-11-15,399,India
876,Basic,2023-06-15,,399,US
877,Standard,2023-03-31,,799,India
878,Standard,2023-07-05,,399,Germany
879,Basic,2023-11-14,,399,US
880,Basic,2023-12-24,,399,Germany
881,Basic,2023-06-23,2023-08-30,199,US
882,Standard,2023-08-05,,199,Australia
883,Basic,2023-09-21,,399,India
884,Basic,2023-04-07,2023-07-26,199,
885,Premium,2023-04-27,2023-02-20,199,Germany
886,Basic,2023-07-18,,199,Germany
887,Standard,2023-11-16,,399,UK
888,Basic,2023-01-21,2023-12-12,199,
889,Basic,2023-07-19,,799,Australia
890,Basic,2023-12-07,,199,Germany
891,Standard,2023-09-05,,399,India
892,Premium,2023-10-03,,199,Australia
893,Premium,2023-09-21,,399,Germany
894,Basic,2023-02-27,2023-03-23,199,India
895,Standard,2023-10-29,2023-09-20,,UK
896,Basic,2023-01-31,,799,UK
897,Basic,2023-09-06,,799,India
898,Premium,2023-04-03,,799,Australia
899,Basic,2023-09-22,,199,India
900,Basic,2023-09-28,,399,
901,Basic,2023-04-04,,399,India
902,Basic,2023-06-03,2023-06-02,399,UK
903,Basic,2023-10-12,2024-01-27,799,UK
904,Standard,2023-03-21,,399,UK
905,Basic,2023-10-19,2023-05-10,,
906,Premium,2023-03-25,2023-09-01,199,Germany
907,Premium,2023-12-31,,799,
908,Basic,2023-02-06,,399,Germany
909,Basic,2023-12-08,,399,
910,Basic,2023-11-23,2024-03-15,199,US
911,Standard,2023-08-20,2023-12-23,799,Germany
912,Basic,2023-04-03,,799,Australia
913,Standard,2023-12-02,,199,Australia
914,Basic,2023-04-12,,399,UK
915,Standard,2023-06-15,,199,
916,Basic,2023-06-08,,,India
917,Basic,2023-01-14,,399,UK
918,Premium,2023-08-13,2023-06-14,199,India
919,Premium,2023-03-14,,199,
920,Basic,2023-09-06,,399,UK
921,Premium,2023-04-01,,199,UK
922,Standard,2023-08-04,,399,Australia
923,Premium,2023-03-31,2023-12-14,799,India
924,Premium,2023-01-29,,799,US
925,Basic,2023-11-01,,199,US
926,Basic,2023-08-08,2023-09-05,,UK
927,Basic,2023-11-24,2023-04-28,399,
928,Standard,2023-08-03,,199,UK
929,Standard,2023-08-09,,199,Australia
930,Basic,2023-02-11,2023-11-06,199,India
931,Basic,2023-05-15,,799,UK
932,Premium,2023-02-11,2023-03-11,199,
933,,2023-06-13,,199,US
934,Standard,2023-12-27,,799,India
935,Basic,2023-10-10,2023-09-27,399,UK
936,Basic,2023-02-27,,799,India
937,Basic,2023-10-29,2023-12-28,399,Australia
938,Premium,2023-11-18,,199,US
939,Basic,2023-01-25,2023-06-15,799,
940,Standard,2023-03-14,,199,India
941,Basic,2023-05-09,2023-07-31,399,US
942,Standard,2023-03-28,,399,UK
943,Standard,2023-11-26,,199,
944,Premium,2023-06-02,2023-10-22,,
945,Basic,2023-07-01,,399,Germany
946,Basic,2023-05-05,2023-10-16,199,India
947,Basic,2023-03-08,,799,US
948,Premium,2023-01-06,2023-07-31,399,India
949,Premium,2023-05-05,,399,UK
950,Standard,2023-11-10,,399,UK
951,Standard,2023-11-22,,799,
952,Standard,2023-02-22,,199,
953,Basic,2023-03-07,,199,US
954,Premium,2023-11-10,,399,Australia
955,Basic,2023-03-23,,199,India
956,Basic,2023-03-28,,399,India
957,Standard,2023-01-02,2023-02-20,199,UK
958,Basic,2023-07-23,,199,India
959,Basic,2023-05-30,,199,US
960,Standard,2023-10-20,,399,Germany
961,Basic,2023-04-13,,799,
962,Standard,2023-01-24,2024-01-16,199,UK
963,Basic,2023-07-31,,399,
964,Basic,2023-03-06,2023-08-14,199,
965,Basic,2023-07-28,2023-08-30,399,
966,Basic,2023-09-08,2023-02-15,199,Germany
967,Standard,2023-04-27,,399,India
968,Basic,2023-04-26,2023-08-20,399,Australia
969,Standard,2023-08-25,2024-01-28,799,
970,Standard,2023-04-15,,199,US
971,Standard,2023-09-16,2023-09-05,799,
972,Premium,2023-02-15,2023-05-03,399,
973,Standard,2023-11-07,2023-06-12,799,India
974,Basic,2023-11-27,,199,US
975,Basic,2023-08-04,,199,India
976,Basic,2023-10-28,2023-06-18,799,
977,Standard,2023-11-29,,199,India
978,Basic,2023-01-24,,199,India
979,Standard,2023-02-04,,199,UK
980,Standard,2023-01-24,,799,Germany
981,Basic,2023-01-28,,199,Australia
982,Premium,2023-01-16,,799,Germany
983,Basic,2023-02-28,2023-07-06,399,Germany
984,Basic,2023-08-31,2023-12-31,199,US
985,Standard,2023-07-26,,199,UK
986,Standard,2023-09-28,2023-04-10,199,UK
987,Standard,2023-09-06,,399,India
988,Basic,2023-09-24,,399,Germany
989,Basic,2023-07-12,,399,Australia
990,Premium,2023-12-01,,199,US
991,Premium,2023-08-06,,399,UK
992,Standard,2023-04-25,2023-11-30,799,India
993,Basic,2023-03-09,,399,Australia
994,Standard,2023-10-26,,799,Germany
995,Basic,2023-11-21,,199,Australia
996,Basic,2023-03-16,,799,UK
997,Premium,2023-04-13,,199,US
998,Basic,2023-10-24,,199,Germany
999,,2023-06-27,,799,US
1000,Basic,2023-08-03,,799,
1001,Basic,2023-11-11,,399,Australia
1002,Standard,2023-02-08,,199,Australia
1003,Premium,2023-09-16,,199,India
1004,Standard,2023-07-23,2023-02-14,399,Germany
1005,Premium,2023-01-07,,799,Australia
1006,Standard,2023-02-18,,199,UK
1007,Standard,2023-01-26,,799,
1008,Premium,2023-06-10,,199,UK
1009,Basic,2023-12-23,2023-09-22,799,US
1010,Standard,2023-06-25,2023-08-30,799,
1011,Basic,2023-03-20,2023-11-16,199,
1012,,2023-01-02,2023-03-31,199,UK
1013,Premium,2023-05-12,,799,Australia
1014,Basic,2023-10-03,,399,UK
1015,Standard,2023-04-27,,399,Germany
1016,Premium,2023-06-13,,399,US
1017,Basic,2023-10-15,2023-10-09,199,
1018,Standard,2023-01-28,2023-02-01,799,Germany
1019,Premium,2023-11-29,2023-09-23,199,Australia
1020,Basic,2023-01-01,,799,Australia
1021,Standard,2023-07-07,,199,UK
1022,Basic,2023-02-25,2024-01-01,399,India
1023,Premium,2023-02-04,,199,
1024,,2023-04-22,2023-02-18,199,
1025,Premium,2023-10-13,,199,India
1026,Standard,2023-11-06,,399,Australia
1027,Premium,2023-02-05,,399,Australia
1028,Premium,2023-08-05,,799,
1029,Basic,2023-03-21,,199,US
1030,Premium,2023-11-10,2023-03-20,399,
1031,Basic,2023-03-24,,799,Australia
1032,Standard,2023-03-06,,199,Australia
1033,Basic,2023-11-21,,199,US
1034,Basic,2023-05-08,,399,Germany
1035,Basic,2023-11-03,,199,Germany
1036,Standard,2023-01-22,,199,US
1037,Basic,2023-08-04,2023-04-18,399,US
1038,Standard,2023-04-17,,199,Germany
1039,Basic,2023-04-19,2023-02-27,399,Germany
1040,Basic,2023-12-23,2023-03-19,799,Germany
1041,Standard,2023-06-30,,399,Germany
1042,Premium,2023-12-22,,399,
1043,Basic,2023-06-13,2023-05-06,199,
1044,Standard,2023-03-09,,799,UK
1045,Premium,2023-10-19,,199,US
1046,Standard,2023-06-29,2023-07-14,399,India
1047,Basic,2023-06-30,,,UK
1048,Basic,2023-06-18,,399,India
1049,Premium,2023-01-22,,399,India
1050,Basic,2023-03-07,,199,Australia
1051,Premium,2023-01-21,,199,US
1052,Standard,2023-04-10,,799,
1053,Premium,2023-10-27,,199,UK
1054,Premium,2023-04-13,,399,US
1055,,2023-02-16,2024-01-30,199,Germany
1056,Basic,2023-02-08,,799,US
1057,Premium,2023-10-12,,199,India
1058,Basic,2023-11-06,2023-07-25,399,
1059,Standard,2023-03-31,,399,Germany
1060,Standard,2023-03-26,,399,US
1061,Premium,2023-09-30,2023-04-13,199,US
1062,,2023-12-02,,399,
1063,Premium,2023-07-07,,199,India
1064,Basic,2023-06-08,,199,Germany
1065,Basic,2023-08-31,,199,India
1066,Standard,2023-03-14,,399,
1067,Basic,2023-02-18,,199,US
1068,Basic,2023-04-11,,,UK
1069,Basic,2023-01-02,2024-01-21,399,UK
1070,Basic,2023-09-01,,199,Australia
1071,Basic,2023-06-25,2023-02-28,399,UK
1072,Basic,2023-08-26,,799,
1073,Basic,2023-02-28,,199,
1074,Basic,2023-12-19,,399,
1075,,2023-04-09,,399,Germany
1076,Basic,2023-12-25,2023-07-06,199,Australia
1077,Basic,2023-01-02,2023-12-10,799,Germany
1078,Standard,2023-08-31,2023-11-30,199,UK
1079,Basic,2023-10-24,,199,UK
1080,Premium,2023-07-30,,799,US
1081,Premium,2023-05-03,2023-11-05,399,Germany
1082,Basic,2023-08-17,,799,India
1083,Basic,2023-03-23,,399,US
1084,Premium,2023-05-24,,399,Germany
1085,Premium,2023-05-20,,799,
1086,Standard,2023-01-29,,199,Australia
1087,Standard,2023-09-27,2023-11-09,799,Germany
1088,Basic,2023-09-04,,399,Australia
1089,,2023-01-12,,199,Australia
1090,Basic,2023-12-21,,399,UK
1091,Premium,2023-12-03,,199,India
1092,Standard,2023-04-16,2023-02-06,399,Germany
1093,Standard,2023-02-01,,399,India
1094,Standard,2023-03-15,,,Australia
1095,Basic,2023-06-20,,199,UK
1096,Basic,2023-12-03,,399,India
1097,Basic,2023-03-10,,199,US
1098,Basic,2023-10-28,,399,Australia
1099,Premium,2023-12-28,,399,US
1100,Basic,2023-05-17,,399,
1101,Basic,2023-04-10,,799,India
1102,,2023-05-26,2023-12-01,799,India
1103,Premium,2023-01-09,2023-07-31,199,India
1104,Premium,2023-03-03,2023-05-19,199,
1105,,2023-07-04,,399,Germany
1106,Basic,2023-01-29,,399,Australia
1107,Basic,2023-04-24,,199,Australia
1108,Premium,2023-05-23,,399,Australia
1109,Standard,2023-04-30,2023-12-20,199,Germany
1110,Basic,2023-06-19,2023-08-24,199,India
1111,Premium,2023-06-06,2023-09-21,799,India
1112,Basic,2023-12-01,,199,
1113,Basic,2023-12-15,2023-08-05,199,US
1114,Standard,2023-09-17,2024-03-15,199,Germany
1115,Standard,2023-03-23,,799,UK
1116,Standard,2023-08-30,,,Germany
1117,Basic,2023-06-21,2024-03-12,399,
1118,Premium,2023-08-19,,199,US
1119,Basic,2023-07-27,,799,US
1120,Basic,2023-03-16,,399,US
1121,Premium,2023-09-27,,799,India
1122,,2023-04-24,2023-12-25,799,UK
1123,Premium,2023-03-03,,199,US
1124,Premium,2023-12-28,,399,Australia
1125,Standard,2023-11-16,2024-01-22,199,India
1126,Standard,2023-04-12,,199,UK
1127,Basic,2023-12-28,,799,Australia
1128,Basic,2023-07-29,,799,UK
1129,Basic,2023-09-12,2023-02-07,399,
1130,Basic,2023-01-20,,399,UK
1131,Standard,2023-02-27,2023-03-24,199,Australia
1132,Standard,2023-04-22,,199,Germany
1133,Basic,2023-11-09,2024-03-03,199,UK
1134,Basic,2023-07-15,2023-08-17,399,Germany
1135,Standard,2023-12-19,,399,UK
1136,Basic,2023-04-02,,199,
1137,Premium,2023-02-21,,,Australia
1138,Standard,2023-10-20,,199,UK
1139,Standard,2023-01-08,2024-02-25,799,US
1140,Standard,2023-10-27,,399,
1141,Premium,2023-04-08,,199,US
1142,Basic,2023-08-24,2023-06-16,799,
1143,Standard,2023-03-10,,399,
1144,Standard,2023-02-14,2023-10-16,399,UK
1145,Basic,2023-05-17,,399,Australia
1146,Premium,2023-08-22,,199,Australia
1147,Premium,2023-02-01,,399,India
1148,Standard,2023-10-16,,799,Australia
1149,Premium,2023-05-06,,199,Germany
1150,Premium,2023-03-08,2023-12-30,199,UK
1151,Standard,2023-01-30,,799,US
1152,Premium,2023-04-24,2024-03-06,199,Australia
1153,Standard,2023-07-23,,399,US
1154,Standard,2023-01-29,,399,India
1155,Standard,2023-05-11,,399,UK
1156,Premium,2023-07-04,,199,Australia
1157,Basic,2023-09-10,,199,US
1158,Premium,2023-10-13,,199,
1159,Premium,2023-03-03,2023-07-21,399,Australia
1160,Basic,2023-01-03,,399,India
1161,Premium,2023-03-09,2023-04-26,399,
1162,Basic,2023-01-25,,399,US
1163,Basic,2023-06-28,2023-03-17,199,US
1164,Standard,2023-05-21,,199,UK
1165,Basic,2023-08-19,2024-01-11,799,UK
1166,Premium,2023-10-27,2023-08-04,399,US
1167,Premium,2023-06-12,,199,
1168,Standard,2023-11-07,2023-07-05,199,UK
1169,Basic,2023-05-10,,199,US
1170,Basic,2023-09-03,2024-03-03,199,
1171,Standard,2023-10-24,,799,Germany
1172,,2023-06-21,,799,Australia
1173,Standard,2023-03-05,,799,Germany
1174,Basic,2023-01-31,2023-02-08,799,Germany
1175,Standard,2023-02-16,,799,Australia
1176,Standard,2023-05-10,,399,US
1177,Premium,2023-12-18,,199,US
1178,Basic,2023-11-29,,799,UK
1179,Premium,2023-04-20,,199,India
1180,Standard,2023-03-10,2023-05-25,199,US
1181,,2023-02-27,2023-07-03,199,Australia
1182,Basic,2023-04-16,2023-06-09,399,India
1183,Standard,2023-10-27,2023-12-27,199,Australia
1184,Premium,2023-11-26,2023-04-21,199,Australia
1185,Basic,2023-09-13,,399,Australia
1186,Premium,2023-11-08,,799,India
1187,Standard,2023-06-20,,399,Germany
1188,Basic,2023-06-11,2024-02-18,799,
1189,Basic,2023-10-13,,199,Australia
1190,Standard,2023-03-12,,199,UK
1191,Basic,2023-09-12,,399,US
1192,Standard,2023-02-24,2023-11-16,399,
1193,Basic,2023-11-19,2023-06-26,399,US
1194,Standard,2023-01-03,2023-11-21,799,US
1195,Basic,2023-01-26,,799,India
1196,Premium,2023-11-09,,799,UK
1197,,2023-05-06,2023-10-26,199,UK
1198,,2023-02-22,2023-06-12,199,
1199,Standard,2023-07-17,,399,UK
1200,Basic,2023-10-26,,199,UK
1201,Premium,2023-07-07,,199,UK
1202,Basic,2023-07-05,,199,
1203,Basic,2023-11-01,,199,Germany
1204,Basic,2023-10-25,2023-03-21,199,UK
1205,Standard,2023-07-23,,199,UK
1206,Premium,2023-01-11,,399,India
1207,Standard,2023-12-25,,399,India
1208,Basic,2023-12-20,2023-02-22,399,UK
1209,Basic,2023-05-26,,399,Germany
1210,,2023-03-26,,199,UK
1211,Basic,2023-04-10,,199,UK
1212,Standard,2023-04-14,2024-02-12,199,UK
1213,Basic,2023-02-15,,799,Australia
1214,Premium,2023-02-13,,399,Germany
1215,Standard,2023-10-05,,199,US
1216,Basic,2023-06-30,,199,UK
1217,Basic,2023-07-06,2024-02-10,,US
1218,Standard,2023-04-24,2023-04-28,399,Germany
1219,Standard,2023-09-12,,799,UK
1220,Basic,2023-01-30,,199,US
1221,,2023-09-21,,199,
1222,Basic,2023-04-08,,799,US
1223,Basic,2023-11-09,,399,Germany
1224,Premium,2023-11-25,,399,UK
1225,Basic,2023-04-25,,399,Australia
1226,Standard,2023-10-03,,399,Germany
1227,Basic,2023-10-08,2024-03-18,399,Australia
1228,Basic,2023-10-02,,199,UK
1229,,2023-09-18,,199,US
1230,Basic,2023-11-27,,799,
1231,Premium,2023-07-26,,199,
1232,Basic,2023-11-24,2023-05-22,399,Germany
1233,Basic,2023-07-30,,399,Germany
1234,Basic,2023-08-03,,,Germany
1235,Standard,2023-02-09,,199,India
1236,Basic,2023-01-26,2023-05-21,199,
1237,Premium,2023-01-27,2023-04-12,799,
1238,Standard,2023-07-09,,799,UK
1239,,2023-03-24,,399,India
1240,Basic,2023-06-19,,399,Germany
1241,Premium,2023-06-16,2023-07-03,199,Germany
1242,Premium,2023-07-07,,399,Australia
1243,Premium,2023-06-18,2023-03-28,799,India
1244,Premium,2023-10-16,2023-10-14,799,US
1245,Premium,2023-08-17,,199,
1246,Standard,2023-04-07,,199,UK
1247,Basic,2023-01-16,2023-07-05,399,US
1248,Basic,2023-10-06,2023-05-23,,US
1249,Premium,2023-05-15,2023-12-14,399,UK
1250,Standard,2023-01-26,,199,Germany
1251,Premium,2023-12-18,,199,
1252,Standard,2023-01-12,,399,Australia
1253,Basic,2023-03-13,,199,Germany
1254,Basic,2023-05-13,,799,Germany
1255,Standard,2023-04-16,2023-03-18,799,India
1256,Basic,2023-08-08,,399,US
1257,Basic,2023-06-26,,199,US
1258,Standard,2023-10-09,2023-09-25,799,
1259,Basic,2023-05-13,2023-12-30,199,US
1260,Standard,2023-01-22,2023-05-16,199,Australia
1261,Basic,2023-09-26,2023-08-05,799,Australia
1262,Premium,2023-06-10,,799,Australia
1263,Basic,2023-04-17,,799,UK
1264,Standard,2023-10-06,,199,
1265,Basic,2023-12-19,,199,Australia
1266,Basic,2023-08-23,,199,India
1267,Basic,2023-01-18,,199,India
1268,Standard,2023-08-30,2023-07-08,799,Germany
1269,Standard,2023-04-27,,199,Germany
1270,Basic,2023-10-13,,399,
1271,Standard,2023-10-09,2023-08-16,199,Germany
1272,Premium,2023-05-24,2024-02-16,199,Germany
1273,Premium,2023-07-24,,,India
1274,Basic,2023-02-08,,199,Germany
1275,Standard,2023-06-03,2023-07-26,199,India
1276,Basic,2023-06-25,,199,Australia
1277,Basic,2023-08-29,,199,Australia
1278,,2023-05-14,,399,
1279,Basic,2023-02-15,2023-10-18,199,UK
1280,Standard,2023-02-19,,399,Germany
1281,Standard,2023-06-15,,799,Australia
1282,Standard,2023-04-16,2023-11-13,399,Australia
1283,Standard,2023-08-04,,199,
1284,Basic,2023-05-26,,399,US
1285,Basic,2023-03-13,2023-11-19,199,US
1286,Standard,2023-11-26,2023-12-31,399,
1287,Basic,2023-09-30,2023-06-22,399,India
1288,Basic,2023-09-04,,199,UK
1289,Basic,2023-07-05,2023-12-04,799,
1290,Basic,2023-03-11,,799,US
1291,Basic,2023-05-30,,799,UK
1292,Basic,2023-09-03,2023-08-15,199,Australia
1293,Standard,2023-09-19,,399,
1294,Standard,2023-01-26,,799,India
1295,Premium,2023-05-20,,199,UK
1296,Basic,2023-04-09,2023-09-12,799,US
1297,Basic,2023-10-05,,199,Australia
1298,Basic,2023-02-20,,199,
1299,Standard,2023-05-31,,799,Germany
1300,Standard,2023-04-14,2024-02-29,799,Australia
1301,Basic,2023-03-30,,799,US
1302,Premium,2023-05-21,,799,
1303,Basic,2023-08-01,2023-03-14,199,US
1304,Standard,2023-08-21,,199,Germany
1305,Standard,2023-07-02,,799,Australia
1306,Premium,2023-09-08,,199,UK
1307,Standard,2023-01-09,,399,UK
1308,Premium,2023-03-20,,399,Australia
1309,Basic,2023-02-21,,199,UK
1310,Premium,2023-09-26,,199,
1311,Basic,2023-08-14,,399,Australia
1312,Premium,2023-02-20,,799,Australia
1313,Standard,2023-07-05,,399,US
1314,Premium,2023-02-03,,399,India
1315,Standard,2023-10-18,,399,US
1316,Standard,2023-08-18,,199,UK
1317,Standard,2023-05-11,2023-06-30,199,India
1318,Standard,2023-04-30,2023-11-22,199,Australia
1319,Basic,2023-11-22,,199,UK
1320,Basic,2023-09-04,2023-04-03,199,Germany
1321,Basic,2023-07-11,2023-06-09,199,UK
1322,Basic,2023-11-19,,199,India
1323,Premium,2023-07-29,2023-10-12,199,India
1324,Basic,2023-04-13,2024-01-08,399,Australia
1325,,2023-11-25,,399,
1326,Basic,2023-05-13,,199,Germany
1327,Basic,2023-11-19,,799,Australia
1328,Premium,2023-05-19,,199,Germany
1329,Standard,2023-05-01,,799,Germany
1330,Standard,2023-04-04,,199,Australia
1331,Standard,2023-05-09,,799,UK
1332,Standard,2023-04-01,2023-09-01,199,US
1333,Basic,2023-04-02,2023-04-13,799,Germany
1334,,2023-03-04,,199,India
1335,,2023-01-29,,399,Australia
1336,Standard,2023-07-29,,199,
1337,Basic,2023-01-12,,199,UK
1338,Standard,2023-11-29,,799,Germany
1339,Basic,2023-10-24,,199,
1340,Basic,2023-05-10,,799,UK
1341,Basic,2023-10-20,2023-05-14,199,Australia
1342,Standard,2023-06-22,,399,
1343,Premium,2023-07-27,2023-07-07,399,India
1344,Standard,2023-01-24,,199,Germany
1345,Standard,2023-04-09,,199,Germany
1346,Basic,2023-12-22,,799,
1347,Basic,2023-05-19,,799,UK
1348,Basic,2023-11-10,,799,Australia
1349,,2023-06-23,,199,US
1350,Basic,2023-01-29,,399,Germany
1351,Premium,2023-05-23,,199,India
1352,Standard,2023-11-12,,199,Germany
1353,Basic,2023-12-17,,799,Germany
1354,Standard,2023-02-11,2023-10-29,199,US
1355,Standard,2023-10-26,,199,US
1356,Premium,2023-07-27,,199,Australia
1357,Premium,2023-11-26,,399,Germany
1358,Basic,2023-07-11,,799,Germany
1359,Basic,2023-06-09,,399,UK
1360,Standard,2023-03-05,,399,UK
1361,Premium,2023-08-31,,799,
1362,Basic,2023-09-15,,399,
1363,Standard,2023-06-01,2023-12-11,199,India
1364,Standard,2023-08-03,,199,India
1365,Standard,2023-11-18,2023-09-25,199,UK
1366,Basic,2023-06-15,2023-11-29,399,
1367,Standard,2023-01-31,,799,India
1368,Premium,2023-08-20,2024-02-06,199,Germany
1369,Basic,2023-10-09,,199,
1370,Basic,2023-01-29,,799,US
1371,,2023-07-14,,799,
1372,Basic,2023-11-30,,399,Germany
1373,Premium,2023-09-13,2023-07-07,199,UK
1374,Standard,2023-10-08,,199,Australia
1375,Basic,2023-10-31,2023-05-19,199,Australia
1376,Premium,2023-11-17,,199,UK
1377,Basic,2023-11-19,,199,Germany
1378,Standard,2023-12-12,,399,India
1379,Basic,2023-10-21,,199,
1380,Standard,2023-03-28,,199,
1381,Basic,2023-05-29,,199,India
1382,Basic,2023-09-06,,399,Australia
1383,,2023-11-17,2023-02-08,399,UK
1384,Basic,2023-10-10,,399,UK
1385,Standard,2023-12-28,,199,US
1386,Basic,2023-07-17,,199,Australia
1387,Premium,2023-02-13,2023-12-17,199,UK
1388,Basic,2023-12-22,,199,US
1389,,2023-01-28,,799,India
1390,Standard,2023-01-17,2023-03-30,,Australia
1391,Basic,2023-05-07,,399,Australia
1392,Basic,2023-06-17,,799,UK
1393,Basic,2023-09-01,,399,UK
1394,Standard,2023-03-17,,199,Germany
1395,Basic,2023-08-19,,,India
1396,Premium,2023-07-23,2024-01-23,199,India
1397,Basic,2023-09-05,,399,
1398,Basic,2023-10-29,2023-08-10,199,US
1399,Standard,2023-08-02,,199,US
1400,Standard,2023-08-03,2023-06-15,399,Germany
1401,Basic,2023-06-07,2023-10-08,199,
1402,Basic,2023-03-10,,199,India
1403,Basic,2023-03-26,2024-02-13,199,US
1404,Standard,2023-09-24,2023-06-25,199,India
1405,Standard,2023-03-10,,,India
1406,Standard,2023-04-09,2024-01-12,799,
1407,Premium,2023-12-13,2024-01-17,399,US
1408,Premium,2023-08-04,,199,UK
1409,Standard,2023-06-10,,799,UK
1410,Premium,2023-04-04,,199,
1411,Basic,2023-06-23,,199,US
1412,Basic,2023-06-14,,199,Germany
1413,Basic,2023-04-25,,799,Australia
1414,Basic,2023-08-08,,199,
1415,Standard,2023-01-31,2023-03-29,199,India
1416,Premium,2023-01-11,,399,
1417,Basic,2023-12-09,,199,Australia
1418,Basic,2023-05-10,,399,
1419,Standard,2023-04-15,2023-07-26,399,US
1420,Premium,2023-01-27,2023-11-14,199,India
1421,Basic,2023-08-15,,199,Australia
1422,Standard,2023-01-02,2023-10-02,199,UK
1423,Basic,2023-12-25,,799,Germany
1424,Basic,2023-04-11,,799,
1425,,2023-01-21,,199,
1426,,2023-02-27,2023-03-19,199,Australia
1427,Basic,2023-06-29,,199,Germany
1428,,2023-12-07,,399,
1429,Standard,2023-12-15,,399,UK
1430,Premium,2023-01-20,2023-11-27,199,Australia
1431,Standard,2023-09-12,2024-01-21,399,US
1432,Standard,2023-11-13,,399,India
1433,Standard,2023-02-07,2023-05-10,799,UK
1434,Standard,2023-05-28,,199,Germany
1435,Basic,2023-01-25,,199,Germany
1436,Basic,2023-05-01,,199,UK
1437,Basic,2023-01-26,,799,US
1438,Standard,2023-06-18,2023-08-31,799,
1439,Basic,2023-11-19,2023-11-28,399,US
1440,Standard,2023-08-13,2024-03-20,199,
1441,,2023-01-01,,199,
1442,Basic,2023-11-03,,199,Germany
1443,Standard,2023-09-18,2023-07-14,399,
1444,Basic,2023-01-13,,199,UK
1445,Premium,2023-02-17,,199,
1446,Basic,2023-11-09,,399,UK
1447,Standard,2023-10-18,2024-03-05,199,India
1448,Premium,2023-11-28,2023-06-05,399,Germany
1449,Premium,2023-04-04,2023-11-28,199,US
1450,Standard,2023-09-18,,799,Australia
1451,Standard,2023-10-05,2023-05-31,399,US
1452,Standard,2023-12-25,,799,US
1453,Premium,2023-07-24,,399,Australia
1454,Standard,2023-07-04,,799,Germany
1455,Basic,2023-06-24,,799,
1456,Premium,2023-11-05,2023-04-28,399,India
1457,Standard,2023-03-10,,799,US
1458,Standard,2023-04-14,,199,
1459,Basic,2023-09-03,,199,US
1460,Standard,2023-06-10,,199,Germany
1461,Basic,2023-07-19,,399,Germany
1462,Standard,2023-08-04,2023-09-04,399,UK
1463,Basic,2023-07-31,2023-04-01,799,Germany
1464,Standard,2023-01-16,2023-11-28,199,Germany
1465,,2023-11-28,,199,US
1466,Basic,2023-07-24,2023-07-28,199,India
1467,,2023-12-31,,399,US
1468,Basic,2023-02-08,,199,
1469,Premium,2023-03-30,,799,Germany
1470,Premium,2023-09-13,,199,UK
1471,Standard,2023-09-11,,199,India
1472,Standard,2023-08-04,2023-08-08,799,UK
1473,Premium,2023-10-30,2023-07-12,399,Australia
1474,Basic,2023-06-21,,199,UK
1475,Basic,2023-05-17,2023-04-21,399,UK
1476,Standard,2023-06-27,2023-07-19,199,
1477,Premium,2023-03-18,,,Germany
1478,Premium,2023-07-07,2023-11-27,399,
1479,Premium,2023-01-15,,199,Germany
1480,Basic,2023-10-19,,399,
1481,Premium,2023-11-15,,199,Germany
1482,Basic,2023-11-21,,799,Germany
1483,Standard,2023-08-02,,799,Germany
1484,Basic,2023-07-27,2024-02-08,799,UK
1485,Basic,2023-06-18,2023-08-14,199,Australia
1486,Basic,2023-11-26,,199,Germany
1487,Basic,2023-10-07,,199,Australia
1488,Standard,2023-11-01,,399,Australia
1489,Basic,2023-05-26,,399,US
1490,Basic,2023-09-20,2023-08-21,399,US
1491,Basic,2023-01-04,,799,India
1492,Basic,2023-03-31,,199,
1493,Basic,2023-03-01,,199,US
1494,Basic,2023-11-07,,199,Germany
1495,Standard,2023-01-16,,199,Australia
1496,Standard,2023-08-15,,199,
1497,Standard,2023-01-29,,399,India
1498,Standard,2023-05-31,2023-03-18,199,US
1499,Basic,2023-09-02,,199,UK
1500,Premium,2023-09-27,2023-07-07,799,
1501,Standard,2023-03-20,2024-03-13,199,India
1502,Standard,2023-10-16,,399,Germany
1503,Basic,2023-06-02,,199,
1504,Basic,2023-10-04,2023-08-12,399,Australia
1505,Basic,2023-10-06,,799,Germany
1506,Basic,2023-02-26,2024-03-23,199,Germany
1507,Standard,2023-07-05,,399,
1508,Standard,2023-04-03,,799,UK
1509,Standard,2023-10-03,,399,UK
1510,Premium,2023-06-07,,199,
1511,Premium,2023-10-02,,199,
1512,Standard,2023-06-30,,399,
1513,,2023-12-25,,799,Australia
1514,Basic,2023-03-18,,199,US
1515,Basic,2023-05-31,,199,Germany
1516,Basic,2023-08-26,,199,
1517,Standard,2023-10-16,,199,US
1518,Premium,2023-08-19,2023-11-05,199,Australia
1519,Basic,2023-01-18,2023-12-13,199,Germany
1520,Premium,2023-03-14,,199,US
1521,Basic,2023-07-08,,199,Germany
1522,Premium,2023-01-17,,799,UK
1523,Basic,2023-01-19,,199,
1524,Basic,2023-08-07,,199,UK
1525,Standard,2023-11-22,2023-10-26,199,India
1526,Basic,2023-04-30,,799,Australia
1527,Basic,2023-04-11,,799,
1528,Basic,2023-02-03,,799,US
1529,Premium,2023-03-25,,199,Germany
1530,Standard,2023-07-15,2023-08-17,799,India
1531,Basic,2023-11-26,,199,Australia
1532,Standard,2023-07-21,,199,Australia
1533,Standard,2023-12-10,2023-09-11,399,Australia
1534,Basic,2023-12-07,,799,US
1535,Basic,2023-01-11,,799,
1536,Basic,2023-12-13,,799,UK
1537,Basic,2023-08-06,2023-10-20,799,India
1538,Standard,2023-09-10,,199,US
1539,Basic,2023-08-10,,199,Germany
1540,Standard,2023-03-21,,199,US
1541,Standard,2023-01-07,,799,Germany
1542,Basic,2023-09-29,,199,Germany
1543,Standard,2023-08-15,,799,Australia
1544,Basic,2023-01-16,,199,US
1545,,2023-01-12,,199,UK
1546,Standard,2023-10-18,2023-07-15,199,Germany
1547,Premium,2023-08-29,2023-07-29,199,Australia
1548,Standard,2023-01-21,2023-08-10,799,UK
1549,Basic,2023-06-27,2024-03-02,199,US
1550,Standard,2023-08-16,2023-09-03,199,UK
1551,,2023-09-30,2023-11-10,199,US
1552,Standard,2023-10-15,2024-01-17,199,Germany
1553,Premium,2023-10-24,,199,India
1554,Premium,2023-05-14,2023-05-17,199,India
1555,Basic,2023-10-10,,799,
1556,Basic,2023-06-02,2023-05-08,199,
1557,Standard,2023-03-07,,199,Germany
1558,Basic,2023-05-17,,399,UK
1559,Premium,2023-04-02,,199,US
1560,Premium,2023-11-13,,199,India
1561,Basic,2023-09-16,2024-02-02,399,US
1562,Basic,2023-04-13,,199,Germany
1563,Premium,2023-02-24,,399,UK
1564,Basic,2023-09-14,,399,US
1565,Premium,2023-04-11,,799,UK
1566,Basic,2023-07-17,,799,India
1567,Standard,2023-10-28,,199,US
1568,Basic,2023-08-14,2023-09-17,199,Australia
1569,Standard,2023-08-25,,199,India
1570,Standard,2023-01-26,2023-10-14,199,UK
1571,Standard,2023-05-01,,799,Germany
1572,Basic,2023-07-01,2023-03-14,799,Australia
1573,Standard,2023-07-18,2023-09-29,399,
1574,Premium,2023-10-29,,399,US
1575,Basic,2023-09-12,,199,
1576,Basic,2023-05-02,,399,India
1577,Basic,2023-01-31,2023-03-13,799,US
1578,Standard,2023-11-11,2023-05-05,399,US
1579,Standard,2023-10-12,,199,Australia
1580,Standard,2023-04-16,,399,Australia
1581,Basic,2023-08-12,,199,Australia
1582,Basic,2023-09-30,,399,Australia
1583,Standard,2023-08-20,,399,Germany
1584,Standard,2023-09-13,,199,UK
1585,,2023-01-24,,399,Australia
1586,Basic,2023-04-19,,799,India
1587,Standard,2023-07-10,,199,US
1588,Basic,2023-12-13,,799,
1589,Basic,2023-01-25,,399,Australia
1590,Standard,2023-07-06,,399,India
1591,Standard,2023-10-15,2023-10-11,799,Germany
1592,,2023-04-26,2023-08-06,399,India
1593,Basic,2023-12-04,,799,
1594,Basic,2023-02-06,2024-02-19,199,
1595,Standard,2023-10-09,2023-12-03,199,India
1596,Standard,2023-05-17,,399,Germany
1597,Basic,2023-08-15,,799,
1598,Basic,2023-11-16,,799,Germany
1599,Basic,2023-11-24,,399,US
1600,Premium,2023-07-01,,399,Australia
1601,Basic,2023-12-28,,199,
1602,Basic,2023-03-27,,,India
1603,Basic,2023-02-22,,199,UK
1604,Basic,2023-12-14,,399,UK
1605,Basic,2023-12-21,,399,US
1606,Standard,2023-08-23,2024-03-05,399,UK
1607,Basic,2023-09-24,2023-07-16,199,US
1608,Premium,2023-10-14,,,Australia
1609,Basic,2023-04-10,2023-10-28,399,US
1610,Standard,2023-03-28,,799,Germany
1611,Premium,2023-01-15,,199,Germany
1612,Standard,2023-04-11,,399,Germany
1613,Standard,2023-06-14,,399,
1614,Basic,2023-01-29,,399,Germany
1615,Basic,2023-04-24,2023-06-04,799,Germany
1616,Standard,2023-04-17,,199,Germany
1617,,2023-12-30,,199,Germany
1618,Standard,2023-05-10,,399,
1619,Standard,2023-03-25,,199,Germany
1620,Standard,2023-09-28,2023-07-10,,Germany
1621,Standard,2023-09-01,2023-04-27,199,Australia
1622,Basic,2023-08-02,2023-12-05,399,
1623,Standard,2023-11-02,,199,Germany
1624,,2023-06-15,,399,US
1625,Basic,2023-10-06,,199,Australia
1626,Standard,2023-02-28,,199,
1627,Basic,2023-03-31,,199,UK
1628,Standard,2023-11-27,,199,India
1629,Basic,2023-07-13,2023-09-13,,
1630,Standard,2023-05-03,2023-06-24,199,Australia
1631,Premium,2023-05-16,,399,Germany
1632,Basic,2023-05-19,,,Australia
1633,Standard,2023-08-17,,799,India
1634,Premium,2023-10-01,,,India
1635,Premium,2023-02-19,,,
1636,Basic,2023-04-28,2024-01-10,399,Germany
1637,Basic,2023-07-21,2023-10-05,399,Germany
1638,Basic,2023-07-10,,199,US
1639,,2023-12-30,,199,India
1640,Premium,2023-11-19,2024-01-27,799,Germany
1641,Standard,2023-06-30,2023-02-05,399,India
1642,Premium,2023-03-19,2023-03-02,399,US
1643,Standard,2023-03-16,,399,UK
1644,Standard,2023-10-22,,199,India
1645,Basic,2023-10-08,2023-08-15,799,US
1646,Premium,2023-01-21,2023-09-19,399,US
1647,Basic,2023-06-20,2023-11-22,199,US
1648,Premium,2023-01-15,,799,Australia
1649,Premium,2023-07-30,2024-03-19,199,
1650,Standard,2023-02-17,,799,Germany
1651,Basic,2023-03-27,2023-12-21,399,India
1652,Basic,2023-05-29,2023-06-14,199,
1653,Basic,2023-07-07,,799,Australia
1654,Basic,2023-11-02,,399,India
1655,Basic,2023-05-31,2023-02-12,199,
1656,Premium,2023-05-21,,199,Australia
1657,Standard,2023-03-10,,799,Germany
1658,Basic,2023-09-17,,199,US
1659,Basic,2023-11-30,,799,
1660,Basic,2023-01-09,,199,
1661,Standard,2023-05-01,,399,India
1662,Standard,2023-04-11,2023-02-03,799,US
1663,Premium,2023-05-29,,199,Germany
1664,Standard,2023-05-26,,399,India
1665,,2023-12-19,2023-07-27,799,UK
1666,Premium,2023-08-31,2023-09-21,799,UK
1667,Basic,2023-08-29,2023-10-16,399,UK
1668,Premium,2023-12-03,,399,Germany
1669,Basic,2023-02-12,,799,UK
1670,Premium,2023-04-05,,799,
1671,Basic,2023-08-14,2023-06-19,799,India
1672,Premium,2023-01-06,,199,
1673,Premium,2023-08-02,,,UK
1674,Premium,2023-07-25,,199,India
1675,Premium,2023-03-08,,199,
1676,Basic,2023-04-10,,199,Germany
1677,Basic,2023-01-12,,199,US
1678,Basic,2023-08-25,,199,
1679,Basic,2023-11-18,,199,Australia
1680,Standard,2023-09-15,,199,UK
1681,Basic,2023-12-03,,399,Australia
1682,,2023-05-15,2023-04-05,199,US
1683,Standard,2023-08-10,2023-11-09,199,Germany
1684,Premium,2023-06-05,2024-01-28,199,
1685,Basic,2023-05-22,,199,Germany
1686,Premium,2023-06-07,,199,US
1687,Premium,2023-11-22,2023-12-02,399,Australia
1688,Standard,2023-12-10,2023-08-23,,
1689,Standard,2023-09-19,,799,UK
1690,Premium,2023-10-10,,799,India
1691,Basic,2023-12-04,,199,Germany
1692,Standard,2023-12-10,,199,US
1693,Basic,2023-08-17,,199,
1694,Basic,2023-10-07,,799,Australia
1695,Basic,2023-12-24,,199,UK
1696,Basic,2023-10-17,2023-02-16,399,Australia
1697,Basic,2023-06-17,,199,UK
1698,Basic,2023-02-16,,199,
1699,,2023-07-22,,,India
1700,Standard,2023-08-02,,799,India
1701,,2023-09-03,,799,US
1702,Basic,2023-01-24,2023-08-18,399,US
1703,Basic,2023-11-17,,799,UK
1704,Standard,2023-10-01,2023-03-03,399,UK
1705,Basic,2023-02-13,2023-08-30,799,UK
1706,Basic,2023-11-28,2023-10-30,199,UK
1707,Standard,2023-11-09,,399,
1708,Basic,2023-12-29,,399,
1709,Standard,2023-06-05,,199,India
1710,Standard,2023-07-18,,799,US
1711,Basic,2023-06-11,,,US
1712,Basic,2023-08-22,,399,Germany
1713,Premium,2023-06-12,,199,US
1714,Standard,2023-04-26,,399,US
1715,Basic,2023-04-03,,799,Australia
1716,,2023-02-11,,399,Australia
1717,Basic,2023-10-11,,199,Germany
1718,Standard,2023-07-29,,399,UK
1719,,2023-07-25,2023-11-16,199,Germany
1720,Basic,2023-08-08,2023-11-17,799,Germany
1721,Basic,2023-10-07,,199,India
1722,Basic,2023-05-16,,399,
1723,Basic,2023-04-16,2023-09-21,799,US
1724,Basic,2023-04-28,,199,India
1725,Standard,2023-08-25,2024-03-13,199,
1726,Basic,2023-11-05,,199,US
1727,Standard,2023-04-10,,199,Germany
1728,,2023-09-18,,199,US
1729,Premium,2023-11-01,2023-07-31,,UK
1730,Standard,2023-12-20,2023-06-25,799,UK
1731,Basic,2023-10-13,,799,Germany
1732,Standard,2023-11-24,2023-03-21,799,Australia
1733,Standard,2023-04-13,,199,UK
1734,Basic,2023-03-04,,199,Germany
1735,Basic,2023-06-24,2023-05-13,199,India
1736,Premium,2023-10-09,2023-03-04,799,Australia
1737,Basic,2023-10-20,,399,UK
1738,Basic,2023-08-14,2023-04-29,199,Germany
1739,Basic,2023-01-07,2024-03-16,199,Germany
1740,Basic,2023-05-07,,399,India
1741,Premium,2023-04-02,,399,India
1742,Standard,2023-07-09,,799,Australia
1743,Premium,2023-12-25,2024-02-19,199,
1744,Basic,2023-02-22,,799,UK
1745,Basic,2023-08-30,,199,Germany
1746,Standard,2023-05-12,,399,Australia
1747,Basic,2023-12-30,,799,Australia
1748,Basic,2023-04-22,,799,India
1749,Premium,2023-01-07,,199,Germany
1750,Basic,2023-08-18,2024-01-06,199,US
1751,Standard,2023-06-05,,399,
1752,Basic,2023-07-16,,199,
1753,Basic,2023-11-19,,399,India
1754,Basic,2023-12-30,2023-12-11,799,Germany
1755,,2023-08-11,2023-09-28,199,Australia
1756,Premium,2023-09-07,,399,
1757,,2023-03-24,,199,Australia
1758,Standard,2023-08-28,,799,UK
1759,Basic,2023-12-26,2023-10-23,,US
1760,Standard,2023-11-19,2023-09-10,399,India
1761,Standard,2023-09-20,,199,
1762,Premium,2023-07-08,,799,UK
1763,Basic,2023-10-17,,399,UK
1764,Standard,2023-12-28,,199,US
1765,Basic,2023-02-27,,799,India
1766,Basic,2023-01-09,,,India
1767,Standard,2023-10-31,,399,Australia
1768,Standard,2023-04-25,,399,India
1769,Basic,2023-07-29,,199,UK
1770,Basic,2023-02-10,2023-09-23,399,Australia
1771,Standard,2023-10-31,,199,India
1772,Premium,2023-06-22,2023-07-02,199,US
1773,Premium,2023-08-22,,199,UK
1774,,2023-10-08,,199,Germany
1775,Premium,2023-03-19,2023-03-28,199,US
1776,Basic,2023-04-18,,399,US
1777,Standard,2023-10-08,2023-12-18,399,India
1778,Basic,2023-02-08,,399,Australia
1779,Basic,2023-04-29,,199,Australia
1780,Premium,2023-12-01,2024-02-09,199,UK
1781,Basic,2023-12-02,,799,India
1782,Premium,2023-01-27,2023-05-22,399,Australia
1783,Standard,2023-04-14,2023-02-14,,
1784,Standard,2023-03-15,,199,Germany
1785,Standard,2023-07-10,,399,
1786,Premium,2023-11-20,2024-03-17,199,India
1787,Standard,2023-05-27,,399,India
1788,Standard,2023-09-12,,799,Australia
1789,Basic,2023-10-11,,799,US
1790,Standard,2023-08-01,2023-10-26,,India
1791,Basic,2023-05-03,,199,US
1792,Standard,2023-07-25,,399,UK
1793,Standard,2023-08-28,,399,UK
1794,Standard,2023-12-05,,399,Australia
1795,Basic,2023-10-13,,199,UK
1796,Basic,2023-01-22,2023-05-24,799,
1797,Standard,2023-09-16,,799,
1798,Basic,2023-12-23,,199,
1799,Basic,2023-04-15,,199,Australia
1800,Basic,2023-09-15,,199,Australia
1801,,2023-07-23,,399,
1802,Standard,2023-11-06,,199,US
1803,Basic,2023-09-19,,799,
1804,Basic,2023-04-17,2023-10-09,399,US
1805,Basic,2023-09-08,,399,UK
1806,Premium,2023-08-09,,399,US
1807,Standard,2023-08-10,,199,India
1808,Basic,2023-09-15,,799,Germany
1809,Basic,2023-07-20,,399,India
1810,Basic,2023-09-15,,,India
1811,Standard,2023-12-15,,399,Australia
1812,Premium,2023-08-13,,399,Germany
1813,Basic,2023-07-21,,199,Australia
1814,Basic,2023-08-14,,399,US
1815,Basic,2023-08-24,2024-02-08,799,
1816,,2023-07-02,2023-06-21,799,US
1817,Basic,2023-07-19,,799,Germany
1818,Premium,2023-12-23,2023-05-24,199,UK
1819,Standard,2023-09-03,,,US
1820,Basic,2023-12-19,2023-11-16,,India
1821,Basic,2023-04-21,,199,Germany
1822,Basic,2023-01-06,2024-01-22,799,Germany
1823,Standard,2023-08-24,,199,US
1824,Premium,2023-05-07,,399,US
1825,Standard,2023-04-14,,199,Australia
1826,Standard,2023-08-25,,,Australia
1827,Basic,2023-06-04,,199,India
1828,,2023-09-14,,399,Germany
1829,Premium,2023-08-23,2023-02-24,199,UK
1830,Basic,2023-10-16,,199,UK
1831,,2023-02-09,,399,Germany
1832,Standard,2023-10-15,,199,India
1833,Standard,2023-07-16,2024-02-02,399,Australia
1834,Standard,2023-09-30,,,Australia
1835,Premium,2023-09-21,2023-12-06,799,Australia
1836,Standard,2023-02-26,,799,UK
1837,Basic,2023-10-25,,199,UK
1838,Basic,2023-04-08,2023-10-12,199,India
1839,Premium,2023-05-17,,399,UK
1840,Basic,2023-03-28,,199,US
1841,Basic,2023-08-30,,799,UK
1842,Basic,2023-07-18,2023-10-25,199,Australia
1843,Basic,2023-11-06,,799,India
1844,Standard,2023-03-25,2023-06-05,199,Germany
1845,Premium,2023-08-30,,799,Germany
1846,Basic,2023-10-08,,199,India
1847,Basic,2023-11-19,,199,US
1848,Basic,2023-09-09,2024-02-27,399,Germany
1849,Premium,2023-07-09,,199,Australia
1850,Standard,2023-06-01,2023-10-07,399,Germany
1851,Basic,2023-10-29,,399,Germany
1852,Premium,2023-10-05,2023-11-13,199,Australia
1853,Premium,2023-05-19,,799,UK
1854,Premium,2023-06-25,2023-12-30,399,US
1855,Premium,2023-01-08,2023-03-24,399,Australia
1856,Basic,2023-10-22,2024-02-02,399,Australia
1857,Premium,2023-08-23,,399,
1858,Standard,2023-06-12,2023-03-14,199,India
1859,Premium,2023-02-18,,199,US
1860,Standard,2023-10-29,,399,UK
1861,Premium,2023-02-07,,199,
1862,Standard,2023-05-16,,199,Australia
1863,Basic,2023-11-06,2023-07-15,399,
1864,Standard,2023-08-07,,399,UK
1865,,2023-12-14,2023-03-13,199,
1866,Premium,2023-10-23,,199,
1867,Basic,2023-02-03,2024-02-14,199,
1868,Basic,2023-12-18,,199,Australia
1869,Basic,2023-03-20,,199,Australia
1870,Standard,2023-08-24,,199,India
1871,Premium,2023-09-30,2023-07-25,,Germany
1872,Basic,2023-06-10,,399,US
1873,Standard,2023-06-24,2023-04-07,199,India
1874,Premium,2023-11-04,,199,UK
1875,Standard,2023-08-09,,399,
1876,Standard,2023-01-09,,199,Australia
1877,Standard,2023-10-16,,799,
1878,Standard,2023-04-23,,799,Australia
1879,Basic,2023-07-24,,399,US
1880,Standard,2023-07-05,,199,India
1881,Standard,2023-12-07,,799,India
1882,Premium,2023-07-16,,,UK
1883,Standard,2023-09-23,2023-04-06,399,India
1884,Premium,2023-09-19,,399,India
1885,Basic,2023-09-05,,199,Germany
1886,Standard,2023-04-25,2024-03-05,199,US
1887,Basic,2023-05-01,,399,
1888,Basic,2023-05-21,,799,India
1889,Standard,2023-03-06,2023-04-23,399,UK
1890,,2023-10-03,,799,
1891,Basic,2023-11-09,,199,Australia
1892,Basic,2023-08-27,,199,India
1893,Premium,2023-10-29,,399,India
1894,Basic,2023-01-10,,199,
1895,Standard,2023-08-21,2024-01-15,399,Australia
1896,Standard,2023-07-14,,199,Germany
1897,Standard,2023-01-12,,799,US
1898,Basic,2023-06-26,,799,Germany
1899,Basic,2023-06-26,,399,UK
1900,Premium,2023-08-05,,199,
1901,Standard,2023-01-11,,399,India
1902,Basic,2023-04-28,,,Germany
1903,Premium,2023-06-13,,399,US
1904,Basic,2023-02-08,,199,UK
1905,Standard,2023-02-22,,199,Germany
1906,Basic,2023-08-06,,199,India
1907,,2023-07-25,2023-05-15,199,US
1908,Basic,2023-11-08,,799,India
1909,Basic,2023-12-26,,799,India
1910,Basic,2023-02-25,,199,UK
1911,Basic,2023-04-28,,199,US
1912,Premium,2023-09-10,,199,Australia
1913,,2023-10-13,2024-03-05,799,India
1914,Basic,2023-09-25,,399,US
1915,Basic,2023-10-18,,399,India
1916,Standard,2023-11-29,2023-11-13,199,Germany
1917,Premium,2023-06-29,2024-02-08,399,Germany
1918,Standard,2023-12-24,,199,US
1919,Basic,2023-08-23,,199,UK
1920,Basic,2023-12-09,,399,Australia
1921,Standard,2023-07-15,,399,Germany
1922,Basic,2023-11-04,,199,UK
1923,Standard,2023-03-21,,199,Australia
1924,Basic,2023-05-15,,199,Germany
1925,Premium,2023-01-22,2023-08-04,199,Australia
1926,Basic,2023-11-27,,399,
1927,Standard,2023-08-13,,799,India
1928,Standard,2023-02-27,,199,US
1929,Standard,2023-04-03,,199,Germany
1930,Basic,2023-07-11,,199,Germany
1931,Standard,2023-04-13,2023-11-10,399,India
1932,Standard,2023-01-07,2023-02-03,199,Germany
1933,Standard,2023-05-08,2023-06-17,399,Germany
1934,Standard,2023-02-24,2023-07-28,199,
1935,Standard,2023-08-19,,399,Germany
1936,Premium,2023-12-28,2023-09-24,799,Germany
1937,Basic,2023-03-03,2023-02-17,799,Germany
1938,Premium,2023-08-28,,,UK
1939,Standard,2023-03-31,,799,Germany
1940,Basic,2023-08-20,2023-11-29,799,India
1941,Basic,2023-08-21,,199,
1942,Basic,2023-12-20,,199,Germany
1943,Premium,2023-11-29,2024-03-21,199,Australia
1944,Standard,2023-10-19,2024-03-19,399,
1945,Premium,2023-12-11,,799,
1946,Standard,2023-06-01,,199,Australia
1947,Basic,2023-05-25,,399,India
1948,Basic,2023-05-10,2024-03-25,399,UK
1949,Basic,2023-05-21,,799,India
1950,Basic,2023-04-03,,399,UK
1951,Basic,2023-04-24,2023-02-08,,US
1952,Basic,2023-10-11,,199,Australia
1953,Standard,2023-05-23,,199,
1954,Standard,2023-08-11,,399,
1955,,2023-08-20,,199,
1956,Premium,2023-02-02,,199,Australia
1957,Standard,2023-10-03,,399,Australia
1958,Basic,2023-06-19,,799,UK
1959,Standard,2023-05-20,2024-03-25,399,
1960,Premium,2023-12-23,,199,India
1961,Basic,2023-07-20,2023-02-28,399,UK
1962,Basic,2023-01-23,2023-06-23,199,
1963,Premium,2023-08-12,,199,Australia
1964,Basic,2023-09-27,,399,Australia
1965,Standard,2023-12-13,,199,Australia
1966,Standard,2023-06-02,,199,
1967,Basic,2023-11-29,2024-01-13,799,Australia
1968,Basic,2023-03-26,,199,US
1969,Basic,2023-04-19,,,Australia
1970,Basic,2023-01-31,,399,
1971,Basic,2023-08-17,,,UK
1972,Premium,2023-08-28,,199,Australia
1973,Basic,2023-12-29,,399,Germany
1974,Standard,2023-11-06,,199,US
1975,Basic,2023-05-21,2023-06-28,799,
1976,Premium,2023-06-05,,199,Australia
1977,Basic,2023-10-26,,199,Germany
1978,Basic,2023-12-11,,799,
1979,Premium,2023-04-09,,199,UK
1980,Premium,2023-02-16,,199,US
1981,Basic,2023-11-23,,199,Australia
1982,Premium,2023-03-08,,399,UK
1983,Standard,2023-03-03,,199,
1984,Standard,2023-04-19,,199,Germany
1985,Basic,2023-06-16,,199,
1986,Basic,2023-02-06,,399,
1987,Standard,2023-04-29,2023-04-04,799,US
1988,Standard,2023-03-27,,199,Australia
1989,Basic,2023-02-21,2024-02-01,199,UK
1990,Standard,2023-04-01,,199,US
1991,Premium,2023-10-16,,199,Germany
1992,Basic,2023-12-03,,199,Australia
1993,Standard,2023-10-25,,399,US
1994,Basic,2023-07-23,,399,Germany
1995,Premium,2023-08-26,2024-02-14,799,Germany
1996,Standard,2023-06-04,,199,UK
1997,,2023-08-28,,399,
1998,Basic,2023-05-16,,399,Germany
1999,Basic,2023-12-28,,399,Germany
2000,Basic,2023-03-05,,799,
2001,Basic,2023-05-03,,199,India
2002,Basic,2023-09-11,,199,Germany
2003,Premium,2023-04-24,,399,Australia
2004,Basic,2023-01-20,2023-08-05,199,US
2005,Basic,2023-01-16,,199,
2006,Premium,2023-05-25,,199,
2007,Basic,2023-07-27,2024-01-31,199,
2008,Premium,2023-01-19,2023-09-14,399,Australia
2009,Basic,2023-06-15,,199,
2010,Standard,2023-02-07,,199,Australia
2011,Basic,2023-06-30,2023-05-28,399,UK
2012,Basic,2023-12-15,,399,India
2013,Premium,2023-04-15,,,
2014,Basic,2023-04-10,2024-03-17,199,India
2015,Standard,2023-03-31,2024-01-21,,
2016,Basic,2023-10-27,,399,Australia
2017,Basic,2023-11-28,2023-10-11,799,US
2018,Premium,2023-03-20,,199,India
2019,Basic,2023-03-14,,399,India
2020,Standard,2023-06-25,,799,Australia
2021,,2023-04-06,2023-03-02,799,India
2022,Standard,2023-12-11,2023-07-10,199,UK
2023,Premium,2023-04-13,2023-09-02,199,Australia
2024,Basic,2023-08-12,2023-07-18,399,India
2025,Basic,2023-01-06,,799,India
2026,Basic,2023-05-02,2023-04-21,199,India
2027,Standard,2023-08-24,,399,Australia
2028,,2023-04-26,,399,US
2029,Basic,2023-06-12,2023-03-17,799,Germany
2030,Standard,2023-08-14,2023-03-20,399,
2031,Basic,2023-08-18,2023-11-24,199,India
2032,Standard,2023-07-01,2024-03-12,,Germany
2033,Standard,2023-09-06,,399,Germany
2034,,2023-11-14,,399,India
2035,Standard,2023-07-29,,199,India
2036,Basic,2023-05-24,,399,
2037,Basic,2023-12-11,,199,Germany
2038,Basic,2023-04-06,,199,US
2039,Basic,2023-12-12,,399,Germany
2040,Basic,2023-09-01,2024-02-02,399,US
2041,Premium,2023-03-27,2023-11-09,399,UK
2042,Standard,2023-07-03,,199,US
2043,Standard,2023-05-01,,399,
2044,Basic,2023-11-28,,199,Australia
2045,Premium,2023-04-02,,399,India
2046,Standard,2023-03-11,,199,UK
2047,Basic,2023-05-13,,399,Germany
2048,Standard,2023-10-06,,799,US
2049,Standard,2023-05-17,,199,UK
2050,Basic,2023-11-10,,199,Australia
2051,Standard,2023-07-06,,399,US
2052,Standard,2023-08-09,,399,
2053,Basic,2023-02-15,,399,Germany
2054,Premium,2023-10-05,,399,Germany
2055,Premium,2023-07-11,,199,US
2056,Standard,2023-01-08,,199,Australia
2057,Standard,2023-10-03,,199,India
2058,Basic,2023-06-28,2024-03-21,199,India
2059,Standard,2023-11-30,,399,Germany
2060,Standard,2023-02-08,2023-04-28,199,Australia
2061,Basic,2023-10-20,,799,Germany
2062,Standard,2023-06-27,,799,India
2063,Premium,2023-06-11,,799,Germany
2064,Standard,2023-11-27,2023-05-31,799,US
2065,Basic,2023-04-14,,199,
2066,Premium,2023-06-10,,799,US
2067,Basic,2023-10-14,,199,
2068,Basic,2023-05-03,2023-02-02,199,Australia
2069,Basic,2023-02-23,,799,India
2070,Basic,2023-02-03,,199,Australia
2071,Premium,2023-08-30,2023-12-12,,Australia
2072,Standard,2023-04-23,,399,India
2073,Basic,2023-11-14,,799,UK
2074,Premium,2023-01-23,,199,UK
2075,Premium,2023-02-15,,399,Germany
2076,Premium,2023-11-08,,199,UK
2077,Basic,2023-05-15,,799,US
2078,Standard,2023-04-28,,199,
2079,,2023-07-08,2023-09-14,399,Australia
2080,Premium,2023-05-11,2023-04-19,199,Germany
2081,Basic,2023-07-31,,199,Australia
2082,Basic,2023-04-23,,399,India
2083,Standard,2023-02-13,,199,UK
2084,Premium,2023-05-08,,399,India
2085,Standard,2023-12-30,,199,Germany
2086,Standard,2023-06-07,,199,
2087,Basic,2023-09-30,2023-06-24,399,US
2088,Standard,2023-11-11,,199,UK
2089,Premium,2023-12-21,,199,India
2090,Basic,2023-12-06,,799,
2091,Premium,2023-02-14,2023-09-29,199,UK
2092,,2023-04-18,,199,Australia
2093,Basic,2023-08-07,2023-03-03,199,US
2094,Standard,2023-11-14,2023-10-20,199,
2095,Basic,2023-11-11,2023-08-29,399,UK
2096,Premium,2023-06-26,,199,US
2097,Standard,2023-08-16,,799,
2098,Standard,2023-07-10,,199,Australia
2099,Premium,2023-06-09,,199,Australia
2100,Basic,2023-09-24,,199,India
2101,Premium,2023-12-24,,399,Germany
2102,Standard,2023-11-22,,,India
2103,Basic,2023-07-09,2023-04-11,399,US
2104,Standard,2023-06-24,,,India
2105,Premium,2023-10-17,,199,
2106,Basic,2023-12-23,,199,UK
2107,Premium,2023-05-25,,199,
2108,Premium,2023-08-20,,199,India
2109,Basic,2023-12-26,2024-02-18,199,Germany
2110,,2023-07-23,,199,
2111,Basic,2023-08-01,,199,
2112,Basic,2023-02-09,,199,
2113,Basic,2023-10-02,,199,Germany
2114,Premium,2023-11-19,,199,
2115,Standard,2023-03-23,,799,US
2116,Basic,2023-06-30,,199,Australia
2117,Basic,2023-11-16,2023-08-15,399,Germany
2118,Standard,2023-03-24,,399,US
2119,Basic,2023-10-30,,199,Germany
2120,Premium,2023-09-19,2023-03-29,199,Germany
2121,Premium,2023-09-29,,199,Australia
2122,Standard,2023-07-19,,399,UK
2123,,2023-08-28,,199,US
2124,Basic,2023-06-29,2023-05-22,199,Germany
2125,,2023-06-20,,199,Germany
2126,Standard,2023-10-22,,799,India
2127,Standard,2023-06-26,,199,
2128,Basic,2023-08-25,,399,UK
2129,Premium,2023-05-18,2023-03-19,399,Australia
2130,Basic,2023-11-23,,799,US
2131,Basic,2023-11-07,2023-08-03,399,Germany
2132,Basic,2023-05-09,2024-02-01,399,
2133,Standard,2023-02-18,,799,US
2134,Standard,2023-06-13,,399,Australia
2135,Standard,2023-10-04,,199,UK
2136,Premium,2023-10-20,2023-12-23,199,India
2137,Basic,2023-04-26,,799,UK
2138,Standard,2023-01-24,,799,India
2139,Basic,2023-11-07,,399,US
2140,Premium,2023-01-25,,399,UK
2141,Premium,2023-05-07,,399,UK
2142,Standard,2023-08-22,,199,UK
2143,Standard,2023-07-28,2023-07-14,399,Australia
2144,Basic,2023-04-03,,199,US
2145,Standard,2023-04-04,,,India
2146,Premium,2023-11-23,,799,UK
2147,Standard,2023-08-13,,399,US
2148,Basic,2023-10-07,,199,
2149,Standard,2023-01-11,2023-09-02,199,Australia
2150,Premium,2023-11-25,2023-12-27,199,Australia
2151,Basic,2023-01-12,,399,
2152,Basic,2023-02-04,2023-12-26,399,US
2153,Standard,2023-08-16,,199,India
2154,Premium,2023-08-08,,399,US
2155,Basic,2023-05-21,,799,US
2156,Basic,2023-01-23,,199,Germany
2157,Basic,2023-03-24,,399,Australia
2158,Basic,2023-08-17,,799,India
2159,Standard,2023-12-10,2023-05-31,399,Germany
2160,Standard,2023-03-21,,399,
2161,Standard,2023-12-19,,399,US
2162,Standard,2023-10-17,,,
2163,Basic,2023-11-27,2023-08-31,199,Australia
2164,Premium,2023-06-08,,399,Germany
2165,Standard,2023-05-08,,199,Germany
2166,,2023-07-09,,199,India
2167,Standard,2023-01-31,,199,US
2168,Basic,2023-12-25,,199,India
2169,Standard,2023-01-15,,,Germany
2170,Basic,2023-11-09,2023-12-07,799,Germany
2171,Standard,2023-03-16,,199,India
2172,Basic,2023-02-03,,399,Germany
2173,Basic,2023-12-25,,399,UK
2174,Premium,2023-07-15,,799,Australia
2175,Basic,2023-11-27,2023-03-12,399,US
2176,Premium,2023-01-29,2024-01-18,199,Australia
2177,Basic,2023-07-13,,799,US
2178,Standard,2023-01-16,,399,Germany
2179,Standard,2023-03-18,,399,India
2180,Standard,2023-10-20,,799,India
2181,Basic,2023-03-22,,799,Germany
2182,Basic,2023-05-04,,399,US
2183,Basic,2023-01-19,,399,Germany
2184,Basic,2023-04-12,,,US
2185,Standard,2023-03-18,,199,Germany
2186,Premium,2023-08-17,,199,Germany
2187,Premium,2023-10-24,,199,Germany
2188,Premium,2023-07-22,,799,India
2189,Premium,2023-03-02,,399,US
2190,Standard,2023-01-26,,199,
2191,Basic,2023-03-12,,,Germany
2192,Premium,2023-04-13,2024-03-09,399,Australia
2193,Standard,2023-11-22,,799,Australia
2194,Standard,2023-12-29,,199,India
2195,Basic,2023-06-06,,399,UK
2196,Basic,2023-12-29,2023-11-15,399,
2197,Standard,2023-12-25,2023-07-17,399,India
2198,Premium,2023-07-13,2023-03-05,399,UK
2199,Standard,2023-10-02,,799,India
2200,Basic,2023-11-20,2023-12-14,199,Australia
2201,,2023-07-05,,799,Germany
2202,Basic,2023-11-22,2023-11-01,199,US
2203,Basic,2023-04-23,2023-08-15,199,Germany
2204,Basic,2023-11-09,2023-08-09,199,Australia
2205,Standard,2023-06-14,2023-09-08,199,US
2206,Premium,2023-03-02,,199,UK
2207,Basic,2023-04-02,,799,UK
2208,Premium,2023-10-13,,399,Australia
2209,Basic,2023-06-02,2023-02-09,199,US
2210,Premium,2023-08-13,2023-05-30,399,Germany
2211,Premium,2023-05-07,,199,Australia
2212,Premium,2023-07-12,,199,UK
2213,Basic,2023-04-25,2023-06-02,399,Australia
2214,,2023-09-19,,399,Germany
2215,Standard,2023-01-18,,799,India
2216,Basic,2023-01-10,2023-10-04,199,
2217,Premium,2023-04-02,,399,
2218,Basic,2023-05-19,2024-01-25,399,
2219,Premium,2023-11-29,,,India
2220,Basic,2023-12-23,2024-03-02,199,Germany
2221,Standard,2023-12-06,,399,US
2222,Standard,2023-02-21,2023-09-08,399,Australia
2223,Basic,2023-07-14,,,Germany
2224,Basic,2023-07-25,2023-10-18,199,India
2225,Basic,2023-10-14,,399,UK
2226,Standard,2023-04-03,,199,
2227,Basic,2023-11-05,,399,
2228,Standard,2023-05-25,,199,Germany
2229,Basic,2023-03-27,,199,
2230,Basic,2023-06-02,,399,
2231,Standard,2023-01-02,2023-03-29,199,Germany
2232,Basic,2023-12-08,,199,Germany
2233,Premium,2023-09-17,2023-12-11,199,India
2234,Premium,2023-06-13,,199,India
2235,Standard,2023-01-06,2023-06-07,,
2236,Standard,2023-05-29,,399,Germany
2237,Premium,2023-07-24,,799,Germany
2238,Basic,2023-04-28,,199,
2239,Basic,2023-03-30,,799,US
2240,Basic,2023-06-03,2023-08-05,399,UK
2241,Premium,2023-06-16,,399,Australia
2242,Basic,2023-06-10,2023-08-23,399,Australia
2243,Standard,2023-09-27,,399,
2244,,2023-02-25,,399,Australia
2245,Premium,2023-08-16,,199,India
2246,Standard,2023-12-03,2023-04-26,199,India
2247,Basic,2023-05-29,2023-05-14,399,US
2248,Premium,2023-02-15,2023-06-22,399,
2249,Standard,2023-05-24,2023-08-23,199,India
2250,Basic,2023-08-26,2023-06-08,199,
2251,Basic,2023-09-29,,399,
2252,Premium,2023-04-30,2023-10-03,799,Germany
2253,Standard,2023-12-06,,199,UK
2254,Premium,2023-08-08,,199,UK
2255,Premium,2023-01-08,,799,
2256,Standard,2023-12-10,,399,UK
2257,Standard,2023-10-02,,199,UK
2258,Basic,2023-12-19,,799,Australia
2259,Basic,2023-03-07,2023-03-09,399,Australia
2260,Basic,2023-03-20,,399,Germany
2261,Premium,2023-03-27,,,US
2262,Standard,2023-05-04,,799,India
2263,Premium,2023-07-21,,199,India
2264,Basic,2023-05-30,,199,Australia
2265,Standard,2023-02-15,,199,
2266,Standard,2023-04-23,2024-01-28,199,UK
2267,Standard,2023-04-01,,199,Germany
2268,Standard,2023-05-21,,199,US
2269,Basic,2023-10-16,2023-05-19,799,Australia
2270,Standard,2023-08-06,2023-12-05,799,
2271,Basic,2023-03-18,2023-03-23,399,Germany
2272,Basic,2023-11-30,,399,
2273,Standard,2023-06-01,2023-01-31,199,Germany
2274,Standard,2023-11-19,,199,Australia
2275,,2023-08-27,,199,Germany
2276,Standard,2023-04-25,,799,UK
2277,Standard,2023-11-15,,199,Germany
2278,Standard,2023-04-04,,799,US
2279,Standard,2023-02-17,,399,Germany
2280,Basic,2023-07-10,2023-02-10,199,India
2281,Basic,2023-01-12,,199,Germany
2282,Basic,2023-06-05,,399,
2283,Standard,2023-06-21,,799,Australia
2284,Basic,2023-10-23,,399,India
2285,Basic,2023-06-26,2023-12-10,199,Australia
2286,Basic,2023-12-07,,399,
2287,,2023-02-26,2023-09-22,199,US
2288,Basic,2023-12-09,,,UK
2289,Standard,2023-12-06,,399,US
2290,Basic,2023-07-22,,399,India
2291,Standard,2023-07-04,2023-06-07,199,
2292,Basic,2023-05-01,,399,
2293,Basic,2023-08-14,,199,UK
2294,Standard,2023-07-21,2023-09-01,199,Germany
2295,Basic,2023-11-26,,199,India
2296,Basic,2023-12-29,,799,UK
2297,Basic,2023-12-22,,399,Australia
2298,Basic,2023-08-04,,199,UK
2299,Basic,2023-02-12,,799,Australia
2300,Basic,2023-01-23,,199,Australia
2301,Premium,2023-06-04,,199,
2302,Standard,2023-07-05,,199,UK
2303,Standard,2023-09-06,,399,
2304,Basic,2023-08-25,2023-09-30,399,
2305,Premium,2023-10-20,2023-03-15,399,US
2306,Basic,2023-05-14,2023-02-05,399,US
2307,Basic,2023-11-17,,199,
2308,Standard,2023-01-22,,799,
2309,Basic,2023-12-27,,199,Australia
2310,Basic,2023-03-29,2023-07-05,799,
2311,Standard,2023-06-02,,399,India
2312,Premium,2023-05-05,,399,UK
2313,Standard,2023-03-20,,399,India
2314,Standard,2023-12-12,,399,US
2315,,2023-02-20,,199,India
2316,Basic,2023-08-04,2024-03-20,799,Germany
2317,Basic,2023-06-25,2023-02-07,199,Germany
2318,Basic,2023-12-24,2023-02-04,199,US
2319,Basic,2023-09-10,,399,India
2320,Basic,2023-09-03,,399,UK
2321,Premium,2023-08-15,,199,US
2322,Standard,2023-04-16,,799,Germany
2323,Standard,2023-07-12,,,US
2324,Basic,2023-11-12,2024-01-27,399,India
2325,Premium,2023-10-29,2023-07-31,399,India
2326,,2023-02-05,,399,India
2327,Premium,2023-07-23,,199,Australia
2328,Basic,2023-09-24,,399,India
2329,Standard,2023-09-25,,799,
2330,Basic,2023-06-19,2023-05-22,,Germany
2331,Basic,2023-02-08,,799,Germany
2332,Basic,2023-05-19,,199,Australia
2333,Standard,2023-10-19,2023-10-30,199,Germany
2334,Standard,2023-02-21,,199,Germany
2335,Basic,2023-10-14,,199,US
2336,Basic,2023-10-16,2023-10-22,199,India
2337,Standard,2023-05-21,2023-08-30,199,
2338,Basic,2023-05-26,,399,
2339,Basic,2023-11-10,,799,US
2340,Basic,2023-07-03,,399,
2341,Premium,2023-06-01,,799,US
2342,Basic,2023-07-20,,199,
2343,Basic,2023-05-08,2023-04-18,199,Germany
2344,Basic,2023-10-14,,799,UK
2345,Premium,2023-11-07,,399,India
2346,Standard,2023-09-10,,399,UK
2347,Standard,2023-09-23,,199,Germany
2348,Basic,2023-07-07,,199,Australia
2349,Standard,2023-08-18,2023-10-27,399,US
2350,Basic,2023-09-28,,799,
2351,Standard,2023-09-16,,799,
2352,Premium,2023-10-26,2023-07-03,399,Germany
2353,Standard,2023-07-17,,399,
2354,Premium,2023-11-19,2023-09-08,799,Germany
2355,Standard,2023-02-25,,399,UK
2356,Basic,2023-11-15,,399,Australia
2357,Premium,2023-07-22,2024-02-03,799,US
2358,Basic,2023-09-28,,799,
2359,Standard,2023-04-19,,799,Australia
2360,Basic,2023-04-26,,199,Australia
2361,Basic,2023-04-02,2024-01-12,399,Australia
2362,Basic,2023-05-18,2023-02-24,799,India
2363,Basic,2023-10-30,,199,Australia
2364,Standard,2023-02-26,2024-03-25,799,Germany
2365,Standard,2023-02-19,,199,India
2366,Basic,2023-03-12,,799,India
2367,Basic,2023-03-23,,399,Australia
2368,Standard,2023-04-15,,199,
2369,Basic,2023-03-29,,399,
2370,Standard,2023-01-02,,399,
2371,Standard,2023-12-26,,399,
2372,Premium,2023-03-25,,199,Germany
2373,Standard,2023-02-12,,799,
2374,Basic,2023-06-03,2024-01-19,399,US
2375,Standard,2023-11-23,2023-08-26,399,Australia
2376,Basic,2023-04-04,,199,India
2377,Basic,2023-10-25,,799,US
2378,Premium,2023-05-13,,199,
2379,Basic,2023-03-06,,399,US
2380,Premium,2023-10-17,2024-03-22,799,India
2381,Premium,2023-09-14,,199,
2382,Premium,2023-08-01,,399,US
2383,Premium,2023-05-28,,199,Germany
2384,Basic,2023-03-02,,799,Germany
2385,Basic,2023-05-29,2023-02-02,399,Australia
2386,Standard,2023-03-29,,799,Australia
2387,Basic,2023-11-20,,799,US
2388,Standard,2023-10-05,2023-09-02,399,India
2389,Standard,2023-03-23,,399,Germany
2390,Standard,2023-05-09,,399,UK
2391,Basic,2023-10-13,,199,Australia
2392,Basic,2023-12-19,,399,Germany
2393,Basic,2023-10-07,2024-02-29,799,
2394,Basic,2023-09-27,,199,US
2395,Premium,2023-10-19,2023-05-22,199,Germany
2396,Basic,2023-07-22,,199,Germany
2397,Basic,2023-01-24,2023-08-10,199,US
2398,Basic,2023-12-17,,199,Australia
2399,Standard,2023-11-07,,399,Australia
2400,Standard,2023-07-27,,399,UK
2401,Basic,2023-10-07,2024-03-07,399,UK
2402,Basic,2023-07-24,,199,Australia
2403,Basic,2023-06-01,,399,Australia
2404,Basic,2023-01-26,2023-03-18,799,Australia
2405,Standard,2023-07-13,,,Australia
2406,Standard,2023-12-02,,399,Germany
2407,Basic,2023-08-26,,199,UK
2408,Basic,2023-11-17,,,US
2409,,2023-03-16,2023-09-08,399,India
2410,Standard,2023-06-12,,199,US
2411,Standard,2023-10-26,,199,
2412,Basic,2023-01-29,2023-08-05,199,India
2413,Standard,2023-06-14,,199,Germany
2414,Basic,2023-12-03,,199,
2415,Standard,2023-07-05,,799,UK
2416,,2023-02-23,,399,India
2417,Basic,2023-10-22,2023-03-21,399,Australia
2418,Basic,2023-02-11,2023-08-15,799,
2419,Basic,2023-10-12,,799,Germany
2420,Basic,2023-05-18,2023-09-03,799,India
2421,Basic,2023-07-06,,,Australia
2422,Basic,2023-07-23,2024-03-18,199,
2423,Premium,2023-02-11,,,Germany
2424,Standard,2023-12-16,,399,
2425,Basic,2023-10-15,,199,India
2426,Premium,2023-01-26,2023-09-08,399,Australia
2427,Basic,2023-02-25,2024-02-14,399,UK
2428,,2023-09-10,2023-04-30,799,Germany
2429,Basic,2023-05-02,2023-09-19,199,India
2430,Premium,2023-04-16,,399,Australia
2431,Standard,2023-05-10,,199,UK
2432,Premium,2023-12-03,,199,
2433,,2023-06-07,,199,Australia
2434,Basic,2023-08-19,,399,UK
2435,,2023-11-04,,799,India
2436,Basic,2023-04-01,,199,Australia
2437,Basic,2023-01-22,,399,Australia
2438,Basic,2023-10-17,,199,US
2439,Standard,2023-04-20,,199,Germany
2440,Basic,2023-02-18,2023-12-19,399,Australia
2441,Standard,2023-05-09,2023-10-15,199,UK
2442,Standard,2023-03-14,,399,Germany
2443,Premium,2023-12-06,2023-07-02,199,India
2444,Premium,2023-02-22,,199,Germany
2445,Basic,2023-12-22,,399,US
2446,Basic,2023-06-17,2023-10-13,399,India
2447,Basic,2023-02-14,2024-03-08,199,Australia
2448,Basic,2023-04-15,,399,
2449,Basic,2023-05-30,,799,India
2450,Basic,2023-05-26,2023-10-15,399,India
2451,Basic,2023-07-23,,199,US
2452,,2023-12-28,,399,UK
2453,Standard,2023-10-26,,399,India
2454,Basic,2023-06-16,2023-04-05,199,UK
2455,Standard,2023-07-20,,799,Germany
2456,Basic,2023-05-14,2023-08-08,799,
2457,Basic,2023-07-30,,799,US
2458,Standard,2023-02-17,,799,Australia
2459,Standard,2023-05-06,,399,India
2460,Basic,2023-08-27,,399,
2461,,2023-01-07,,399,
2462,Premium,2023-09-29,,799,UK
2463,Standard,2023-02-06,2023-05-01,399,India
2464,Standard,2023-07-30,,199,
2465,Standard,2023-06-14,,199,US
2466,Basic,2023-05-05,2023-07-22,799,Australia
2467,Basic,2023-12-03,,199,Germany
2468,Basic,2023-07-11,2023-10-04,399,Germany
2469,Standard,2023-08-06,2023-10-13,,UK
2470,Standard,2023-08-02,2023-05-26,399,
2471,Basic,2023-03-03,,,Germany
2472,,2023-11-24,,399,UK
2473,Premium,2023-06-10,,199,Australia
2474,Standard,2023-03-07,,799,India
2475,Standard,2023-10-13,,199,US
2476,Premium,2023-08-27,,199,Australia
2477,Basic,2023-01-20,2023-03-20,199,Australia
2478,Premium,2023-07-07,,199,Germany
2479,Basic,2023-03-23,2023-09-14,199,Germany
2480,Premium,2023-12-29,,199,US
2481,Basic,2023-07-21,2023-04-09,399,India
2482,Premium,2023-05-12,,799,Australia
2483,Premium,2023-02-06,2024-02-22,199,
2484,Basic,2023-05-12,2024-03-06,199,Germany
2485,Standard,2023-03-18,,399,Australia
2486,,2023-03-30,,399,India
2487,Standard,2023-09-10,,799,UK
2488,Premium,2023-12-10,,199,India
2489,Standard,2023-07-13,,799,Australia
2490,Basic,2023-06-25,,399,Australia
2491,Basic,2023-02-02,,399,US
2492,Basic,2023-02-27,,199,Australia
2493,Premium,2023-07-20,,199,Germany
2494,Basic,2023-01-28,,199,
2495,Standard,2023-02-04,,199,US
2496,Standard,2023-05-05,2023-06-05,399,Australia
2497,Standard,2023-11-17,2023-08-31,799,India
2498,Premium,2023-02-11,,399,Australia
2499,,2023-03-26,,399,India
2500,Basic,2023-07-07,2023-03-24,399,India
2501,Premium,2023-04-21,,199,Australia
2502,Premium,2023-09-28,,,India
2503,Standard,2023-11-21,2023-05-22,399,
2504,,2023-04-15,,199,UK
2505,Basic,2023-11-16,,199,US
2506,Basic,2023-02-10,,399,Australia
2507,Premium,2023-08-03,,399,UK
2508,Basic,2023-03-12,,199,India
2509,Premium,2023-02-25,,799,India
2510,Premium,2023-08-24,,399,US
2511,Basic,2023-10-08,,399,UK
2512,Premium,2023-04-15,,199,UK
2513,Basic,2023-06-11,,199,Australia
2514,Standard,2023-07-10,,799,India
2515,Standard,2023-01-09,2023-07-08,799,Germany
2516,Premium,2023-03-01,2023-09-27,199,Australia
2517,Basic,2023-11-01,2023-06-29,199,Australia
2518,Standard,2023-08-13,2023-06-18,199,Australia
2519,Standard,2023-11-03,,199,US
2520,Standard,2023-07-07,,399,US
2521,Standard,2023-03-11,,,Australia
2522,Basic,2023-10-20,,199,
2523,Basic,2023-10-14,,199,Germany
2524,Basic,2023-06-18,,799,UK
2525,Premium,2023-03-03,,199,UK
2526,Basic,2023-12-15,,,India
2527,Basic,2023-01-14,,399,UK
2528,,2023-06-13,,799,UK
2529,Basic,2023-09-02,2024-03-23,199,Germany
2530,,2023-12-01,,199,UK
2531,Standard,2023-01-08,,399,Germany
2532,Premium,2023-06-03,2023-05-23,399,US
2533,Basic,2023-02-05,,199,Germany
2534,Basic,2023-02-17,,,US
2535,Standard,2023-03-26,2023-06-22,799,Germany
2536,Premium,2023-01-28,,399,Australia
2537,Standard,2023-07-15,,199,
2538,Basic,2023-07-27,,399,US
2539,Premium,2023-07-23,,399,US
2540,Premium,2023-11-03,,199,UK
2541,Standard,2023-04-14,,799,US
2542,Premium,2023-08-18,,199,Germany
2543,Premium,2023-04-11,,199,Australia
2544,Standard,2023-01-29,2024-02-04,199,Australia
2545,Basic,2023-05-07,,799,UK
2546,Standard,2023-12-04,,399,Germany
2547,Basic,2023-01-10,,199,Germany
2548,Basic,2023-04-16,,199,India
2549,Basic,2023-06-16,,199,US
2550,Basic,2023-09-14,,199,UK
2551,Basic,2023-10-22,,399,Australia
2552,Basic,2023-10-04,2023-06-17,199,
2553,Premium,2023-03-06,,199,India
2554,Premium,2023-09-28,,799,Germany
2555,Basic,2023-07-07,,399,US
2556,,2023-11-13,,399,Australia
2557,Standard,2023-05-18,2023-11-30,199,India
2558,Basic,2023-12-09,,199,Germany
2559,Basic,2023-04-15,,399,Australia
2560,Standard,2023-02-03,2023-03-02,199,Australia
2561,Premium,2023-04-20,2023-11-19,199,Germany
2562,Standard,2023-02-02,2023-05-18,799,Germany
2563,Basic,2023-12-20,,799,UK
2564,Basic,2023-08-19,,199,Australia
2565,Basic,2023-11-13,,199,Germany
2566,Basic,2023-09-23,,,
2567,Basic,2023-07-01,,199,
2568,Basic,2023-12-06,2023-11-10,399,India
2569,Premium,2023-03-06,,,US
2570,Premium,2023-11-29,,,
2571,Basic,2023-01-01,,399,UK
2572,Premium,2023-05-13,,199,Germany
2573,Basic,2023-03-21,,199,US
2574,Standard,2023-09-28,,799,UK
2575,Basic,2023-08-29,,799,Australia
2576,Standard,2023-01-28,,399,US
2577,,2023-08-11,2023-07-08,799,
2578,Standard,2023-01-23,,399,UK
2579,Basic,2023-04-19,,399,Germany
2580,Standard,2023-04-17,2023-12-22,799,Germany
2581,Basic,2023-05-25,2023-02-13,399,UK
2582,Premium,2023-12-20,2023-06-01,399,Australia
2583,Standard,2023-05-19,,199,
2584,Basic,2023-10-11,,399,UK
2585,Standard,2023-10-25,,399,India
2586,Standard,2023-04-09,,199,UK
2587,Basic,2023-11-13,,799,UK
2588,Standard,2023-05-03,,399,
2589,Basic,2023-11-16,2023-09-02,799,Germany
2590,Standard,2023-10-14,,199,Australia
2591,Premium,2023-03-22,,399,UK
2592,Premium,2023-01-10,2023-10-29,199,US
2593,Standard,2023-01-08,,799,Germany
2594,Standard,2023-07-24,,199,Germany
2595,Basic,2023-11-11,2023-02-24,399,UK
2596,Premium,2023-07-16,2023-12-18,799,
2597,Basic,2023-07-17,2023-11-20,199,US
2598,Standard,2023-01-30,,,UK
2599,Basic,2023-01-20,,799,US
2600,Basic,2023-02-17,,199,Germany
2601,Standard,2023-05-10,2023-07-18,199,US
2602,Basic,2023-10-20,,199,UK
2603,Standard,2023-05-12,,199,India
2604,Basic,2023-12-22,2023-05-13,799,India
2605,Basic,2023-02-23,,,US
2606,Standard,2023-10-08,,199,
2607,Basic,2023-09-22,,399,UK
2608,Basic,2023-08-03,2024-01-19,399,Australia
2609,Standard,2023-10-17,2024-02-05,199,India
2610,Basic,2023-02-12,,199,Germany
2611,Premium,2023-03-15,,199,UK
2612,Basic,2023-12-16,,399,UK
2613,Basic,2023-10-05,,399,India
2614,Standard,2023-11-22,,399,Australia
2615,Basic,2023-08-30,,199,Germany
2616,Basic,2023-05-10,,799,Australia
2617,Basic,2023-12-16,,399,Germany
2618,Basic,2023-07-13,,799,India
2619,Premium,2023-02-01,,199,UK
2620,Basic,2023-04-16,,799,Germany
2621,Premium,2023-07-23,,799,UK
2622,Premium,2023-01-01,,199,US
2623,Basic,2023-09-02,2023-03-11,199,US
2624,Premium,2023-03-13,,799,India
2625,Basic,2023-11-02,,399,India
2626,,2023-01-15,,799,
2627,Basic,2023-02-22,,799,India
2628,Standard,2023-01-08,,399,US
2629,Standard,2023-11-26,,199,Germany
2630,Basic,2023-02-15,,199,Australia
2631,Standard,2023-11-21,2023-09-22,,India
2632,Standard,2023-04-24,,199,Australia
2633,Basic,2023-05-27,,199,Australia
2634,Basic,2023-06-15,,399,US
2635,Standard,2023-05-19,,399,
2636,Standard,2023-04-27,2023-12-16,199,Germany
2637,,2023-10-26,,199,US
2638,Premium,2023-10-03,,399,India
2639,,2023-10-04,2023-04-29,199,US
2640,Standard,2023-12-04,,799,US
2641,Basic,2023-11-09,,199,US
2642,Basic,2023-06-27,2023-05-10,799,India
2643,Premium,2023-11-26,2023-06-23,799,India
2644,Standard,2023-12-20,,399,US
2645,Basic,2023-06-03,,199,US
2646,Basic,2023-07-20,,399,Australia
2647,,2023-04-25,,199,Germany
2648,Standard,2023-06-08,,199,Australia
2649,Basic,2023-02-11,,799,
2650,Standard,2023-09-04,,399,Germany
2651,Basic,2023-03-09,,799,
2652,Basic,2023-11-22,2023-04-22,199,Germany
2653,Basic,2023-11-30,,199,US
2654,Basic,2023-07-15,,,Australia
2655,Premium,2023-03-31,2023-04-17,399,Germany
2656,Basic,2023-04-21,,399,
2657,Premium,2023-12-25,,399,Germany
2658,Premium,2023-05-25,,199,India
2659,Basic,2023-10-02,,399,Germany
2660,Standard,2023-06-28,,199,US
2661,Standard,2023-08-29,,399,UK
2662,Premium,2023-11-22,2023-03-30,399,India
2663,Basic,2023-11-15,,799,UK
2664,Standard,2023-11-27,,399,US
2665,Standard,2023-06-02,,199,UK
2666,Basic,2023-04-14,2023-09-16,399,Germany
2667,Basic,2023-03-16,,199,UK
2668,Standard,2023-05-08,,199,Australia
2669,Standard,2023-07-18,,199,US
2670,Basic,2023-06-03,,399,Australia
2671,Standard,2023-02-25,,199,UK
2672,Basic,2023-10-05,,399,Australia
2673,Standard,2023-12-11,2023-05-01,799,India
2674,Basic,2023-01-19,,399,UK
2675,Premium,2023-06-08,2024-01-19,199,
2676,Basic,2023-01-26,,199,Australia
2677,Basic,2023-06-18,,399,Germany
2678,Basic,2023-01-23,,799,UK
2679,Basic,2023-02-16,,199,
2680,Standard,2023-01-13,,799,India
2681,Basic,2023-08-05,2024-02-29,399,Germany
2682,Premium,2023-11-18,,399,UK
2683,Basic,2023-07-13,,,Germany
2684,Basic,2023-05-24,,399,UK
2685,Basic,2023-03-14,,799,UK
2686,Basic,2023-06-05,,199,US
2687,Basic,2023-03-18,,399,Australia
2688,Basic,2023-06-18,2023-01-31,399,UK
2689,Standard,2023-10-14,,199,India
2690,Basic,2023-03-26,,399,
2691,Standard,2023-07-01,2023-10-26,199,Australia
2692,Standard,2023-11-11,,199,US
2693,Basic,2023-10-24,,199,Australia
2694,Standard,2023-04-22,,399,Australia
2695,,2023-08-18,,799,UK
2696,Standard,2023-04-06,,399,India
2697,Standard,2023-06-17,2023-11-12,399,UK
2698,Basic,2023-06-05,2023-08-15,199,India
2699,Premium,2023-04-15,,799,India
2700,Premium,2023-07-12,2023-10-31,399,Germany
2701,Standard,2023-11-26,,799,UK
2702,,2023-05-12,,799,US
2703,Basic,2023-12-21,,199,
2704,Basic,2023-05-18,,399,Australia
2705,Premium,2023-11-27,,,Germany
2706,Premium,2023-09-27,,199,US
2707,Basic,2023-02-07,,399,
2708,Basic,2023-02-14,,,
2709,Basic,2023-06-12,,199,UK
2710,Basic,2023-11-27,2023-04-18,799,India
2711,Premium,2023-09-10,,799,UK
2712,Standard,2023-06-18,,399,
2713,Basic,2023-10-12,,199,UK
2714,Basic,2023-10-01,,199,Germany
2715,Basic,2023-01-20,,199,US
2716,Basic,2023-08-27,,799,
2717,Standard,2023-09-27,2023-06-20,799,Germany
2718,,2023-11-06,,399,US
2719,Premium,2023-01-31,2023-11-14,199,Germany
2720,Basic,2023-11-10,,199,Australia
2721,Premium,2023-04-14,,799,India
2722,Premium,2023-06-19,2023-04-11,399,India
2723,Premium,2023-07-05,2023-03-21,799,India
2724,Standard,2023-05-08,,399,Australia
2725,Basic,2023-07-29,2024-02-06,799,
2726,Basic,2023-10-08,2024-02-03,399,
2727,Basic,2023-09-10,,399,Australia
2728,Basic,2023-01-19,,199,India
2729,Basic,2023-07-19,,799,India
2730,Standard,2023-08-08,,399,US
2731,Standard,2023-05-16,2023-04-20,199,US
2732,Standard,2023-08-11,,199,UK
2733,Basic,2023-01-03,,199,Germany
2734,,2023-08-24,,399,US
2735,Premium,2023-12-08,,199,US
2736,Premium,2023-08-16,,199,US
2737,,2023-05-22,,399,US
2738,Standard,2023-01-09,2023-09-22,199,Australia
2739,,2023-07-09,2023-11-13,799,UK
2740,Basic,2023-12-16,,399,US
2741,Basic,2023-06-14,2023-12-03,399,
2742,Basic,2023-05-19,,199,Germany
2743,Basic,2023-10-03,,199,US
2744,Basic,2023-10-18,2023-07-04,199,Australia
2745,Standard,2023-02-22,,799,
2746,Premium,2023-06-24,2023-03-31,799,India
2747,Standard,2023-04-20,,199,India
2748,Basic,2023-07-22,,399,UK
2749,Premium,2023-05-16,,199,India
2750,Standard,2023-01-04,,,US
2751,Basic,2023-06-04,2023-03-04,,Australia
2752,Standard,2023-06-21,,399,UK
2753,Basic,2023-12-24,,399,
2754,Basic,2023-02-16,,799,US
2755,Premium,2023-04-04,,399,India
2756,Basic,2023-02-17,,399,Germany
2757,Standard,2023-08-28,,,US
2758,Premium,2023-12-13,,399,Germany
2759,Standard,2023-08-01,2023-06-06,399,
2760,Basic,2023-12-06,,799,Germany
2761,Basic,2023-11-20,,399,
2762,Basic,2023-05-19,,399,UK
2763,Standard,2023-07-24,2023-09-08,199,Australia
2764,Basic,2023-03-14,,199,India
2765,Basic,2023-01-04,2023-08-18,199,India
2766,,2023-03-17,,399,US
2767,Standard,2023-11-25,,399,India
2768,Basic,2023-03-18,,,UK
2769,Standard,2023-10-31,,399,India
2770,Standard,2023-09-13,2024-03-22,799,US
2771,Basic,2023-04-12,2023-06-05,199,India
2772,Basic,2023-04-16,,799,Australia
2773,Premium,2023-11-29,2023-03-12,399,
2774,Standard,2023-02-08,,399,Germany
2775,Standard,2023-11-10,2023-11-01,199,Germany
2776,Basic,2023-10-02,,399,
2777,Basic,2023-03-29,,399,Germany
2778,Basic,2023-07-30,,399,Australia
2779,Basic,2023-03-18,,799,UK
2780,Basic,2023-03-18,,799,US
2781,Basic,2023-01-28,,,Australia
2782,Premium,2023-09-02,,399,US
2783,,2023-03-07,,,UK
2784,Premium,2023-09-23,,799,Australia
2785,Premium,2023-07-24,,199,India
2786,Basic,2023-02-27,,199,UK
2787,,2023-07-20,2023-11-23,199,Germany
2788,Basic,2023-08-13,,199,Australia
2789,,2023-05-22,,199,UK
2790,,2023-03-25,2023-04-25,199,UK
2791,Standard,2023-05-23,2023-04-29,399,Australia
2792,,2023-12-18,,199,Germany
2793,Standard,2023-02-02,,199,
2794,Basic,2023-06-01,,799,Germany
2795,Basic,2023-06-07,,799,UK
2796,Standard,2023-05-21,,,US
2797,Basic,2023-09-08,,399,
2798,Standard,2023-10-30,2023-03-13,399,
2799,,2023-04-22,,199,UK
2800,Basic,2023-05-24,2023-05-30,199,Australia
2801,Premium,2023-07-28,2023-11-05,199,Australia
2802,Premium,2023-08-12,2023-03-04,199,Australia
2803,Premium,2023-02-12,,,Germany
2804,,2023-09-21,2023-11-02,199,India
2805,Standard,2023-09-01,2023-07-02,199,Australia
2806,,2023-01-03,,199,Australia
2807,Premium,2023-05-05,2023-04-30,399,
2808,Basic,2023-09-25,,199,US
2809,Standard,2023-03-25,,399,US
2810,Standard,2023-01-16,,199,UK
2811,Basic,2023-11-30,2023-05-14,199,UK
2812,Standard,2023-02-28,2023-02-11,199,UK
2813,Standard,2023-06-26,,399,Australia
2814,Basic,2023-03-04,2023-07-09,199,US
2815,Standard,2023-02-18,,799,UK
2816,Premium,2023-11-03,2024-03-22,399,US
2817,Standard,2023-09-03,,399,Australia
2818,Basic,2023-10-16,,199,
2819,Basic,2023-10-13,,199,Australia
2820,Basic,2023-11-28,,199,UK
2821,Premium,2023-01-15,,399,Australia
2822,Basic,2023-12-04,,399,Australia
2823,Standard,2023-09-12,,399,US
2824,Basic,2023-04-02,,399,India
2825,Basic,2023-10-06,2023-08-14,799,Germany
2826,Premium,2023-07-25,2024-03-04,799,UK
2827,Standard,2023-04-04,,199,India
2828,Basic,2023-08-13,2023-12-03,399,
2829,Basic,2023-10-28,,199,UK
2830,Basic,2023-11-14,2023-10-19,399,India
2831,Standard,2023-07-18,,199,Australia
2832,Standard,2023-09-28,2023-05-01,199,UK
2833,Basic,2023-08-22,,799,India
2834,Basic,2023-02-15,2023-08-15,399,Germany
2835,Basic,2023-03-05,2023-04-09,199,Australia
2836,Premium,2023-08-18,2023-09-07,199,UK
2837,,2023-09-06,,399,
2838,Basic,2023-09-03,2024-03-24,799,
2839,Premium,2023-03-16,,399,UK
2840,Basic,2023-06-06,2024-02-13,,India
2841,Basic,2023-08-11,2023-09-01,199,UK
2842,Premium,2023-07-09,,399,Australia
2843,Premium,2023-02-21,,799,US
2844,,2023-03-29,,399,
2845,Standard,2023-11-09,,199,India
2846,Basic,2023-12-05,,399,Germany
2847,Premium,2023-03-07,,399,UK
2848,Basic,2023-05-30,,399,Australia
2849,Standard,2023-01-20,,799,UK
2850,Basic,2023-02-02,,799,Germany
2851,Standard,2023-11-24,,399,Australia
2852,Basic,2023-10-08,,199,Germany
2853,Basic,2023-02-15,2024-03-23,199,Australia
2854,Premium,2023-03-14,2023-06-25,799,US
2855,Basic,2023-12-20,,,
2856,Standard,2023-11-09,,199,Australia
2857,Basic,2023-12-09,,399,Germany
2858,Basic,2023-05-13,2023-09-20,199,India
2859,Basic,2023-02-24,,199,
2860,Basic,2023-03-02,2024-02-05,399,US
2861,Premium,2023-12-11,,399,UK
2862,Basic,2023-01-08,2024-03-15,199,US
2863,,2023-09-29,,799,US
2864,Standard,2023-09-03,,799,UK
2865,Basic,2023-06-25,2023-09-21,,Australia
2866,Standard,2023-04-26,,199,US
2867,Standard,2023-11-13,,399,
2868,Premium,2023-09-28,2023-09-01,199,US
2869,Basic,2023-07-12,,199,India
2870,Basic,2023-05-30,,399,
2871,Premium,2023-05-11,,799,India
2872,Premium,2023-04-12,2024-02-01,199,
2873,Premium,2023-11-06,,,Germany
2874,Basic,2023-09-27,,799,UK
2875,Premium,2023-10-19,,799,
2876,Standard,2023-07-29,,799,
2877,Standard,2023-12-27,,199,Australia
2878,Basic,2023-12-04,2023-04-01,799,Australia
2879,Standard,2023-03-08,2024-01-28,199,Germany
2880,Basic,2023-01-10,,799,Australia
2881,Basic,2023-02-18,,199,Australia
2882,Premium,2023-04-21,2023-04-18,199,India
2883,Basic,2023-11-17,2023-05-05,399,Australia
2884,Basic,2023-08-07,,199,Australia
2885,Basic,2023-02-26,,199,Germany
2886,Premium,2023-10-10,2023-12-26,399,Germany
2887,Standard,2023-04-23,2023-09-03,799,US
2888,Basic,2023-05-13,,399,Australia
2889,Premium,2023-03-12,,199,Australia
2890,Premium,2023-03-24,,199,
2891,Basic,2023-02-26,,199,Australia
2892,Standard,2023-12-15,,399,India
2893,Premium,2023-09-28,,399,
2894,Standard,2023-04-21,,199,Australia
2895,Basic,2023-12-23,2023-08-31,199,India
2896,Premium,2023-03-17,,199,US
2897,Standard,2023-06-07,,199,
2898,Basic,2023-01-20,,199,UK
2899,Basic,2023-05-11,,799,Australia
2900,Basic,2023-11-25,,199,
2901,Basic,2023-05-02,,399,Germany
2902,Premium,2023-02-10,2023-11-30,399,
2903,Basic,2023-06-16,,199,Germany
2904,Basic,2023-05-10,,399,Australia
2905,Standard,2023-01-23,,399,India
2906,Basic,2023-10-06,,199,Germany
2907,,2023-09-08,,799,
2908,Basic,2023-01-09,,199,
2909,Basic,2023-01-13,2023-08-18,799,Germany
2910,Basic,2023-11-03,2024-01-17,399,US
2911,Basic,2023-11-16,,399,US
2912,Basic,2023-02-21,,799,US
2913,Standard,2023-07-28,,799,Germany
2914,,2023-02-07,,399,Germany
2915,Basic,2023-04-10,2023-03-02,799,
2916,Standard,2023-07-12,,199,Australia
2917,Standard,2023-07-10,2023-11-16,399,Australia
2918,Premium,2023-02-20,,199,India
2919,Basic,2023-05-21,,199,Germany
2920,Basic,2023-06-17,,799,Australia
2921,Basic,2023-11-07,2024-01-08,199,Australia
2922,Standard,2023-04-19,2023-06-14,199,US
2923,Premium,2023-07-26,,799,US
2924,Basic,2023-10-27,,199,US
2925,Basic,2023-04-20,,199,UK
2926,Premium,2023-07-15,2023-04-23,399,Australia
2927,Premium,2023-06-01,,399,US
2928,,2023-08-31,,799,US
2929,Premium,2023-05-08,,399,Germany
2930,Basic,2023-04-15,,399,
2931,Standard,2023-01-10,2024-02-25,399,US
2932,Standard,2023-12-22,,399,Germany
2933,Basic,2023-05-28,,399,India
2934,Standard,2023-12-31,,799,US
2935,Standard,2023-12-30,,199,
2936,Basic,2023-05-20,,199,Germany
2937,Premium,2023-07-09,2023-03-18,199,
2938,Standard,2023-04-04,,399,US
2939,,2023-08-17,,199,India
2940,Basic,2023-03-04,,399,US
2941,Basic,2023-12-06,2024-02-26,799,Germany
2942,Standard,2023-01-25,,399,India
2943,Basic,2023-09-25,2023-08-24,199,India
2944,Standard,2023-10-08,2024-02-19,799,India
2945,Premium,2023-01-11,,199,UK
2946,Basic,2023-11-16,,399,Germany
2947,Standard,2023-07-20,,399,UK
2948,Standard,2023-05-06,,199,
2949,Basic,2023-11-02,,799,India
2950,Premium,2023-07-09,,199,UK
2951,Premium,2023-03-30,,,US
2952,Standard,2023-12-21,2024-02-15,199,UK
2953,Standard,2023-04-26,,199,Australia
2954,Standard,2023-12-18,,199,
2955,Premium,2023-06-26,,199,India
2956,Standard,2023-01-14,,399,India
2957,Standard,2023-09-14,2023-04-17,399,
2958,Premium,2023-07-28,,799,
2959,Basic,2023-10-08,2023-10-16,199,Germany
2960,Premium,2023-11-24,,199,US
2961,Basic,2023-11-21,2023-05-02,399,
2962,Basic,2023-04-15,,199,
2963,Basic,2023-05-27,,399,Germany
2964,,2023-10-06,,399,
2965,Premium,2023-01-09,,199,UK
2966,Standard,2023-04-28,,799,Australia
2967,Standard,2023-04-04,,399,Australia
2968,Standard,2023-05-24,,399,Australia
2969,Premium,2023-10-16,,199,
2970,Standard,2023-01-14,,199,Australia
2971,Basic,2023-09-14,2024-03-04,199,US
2972,Basic,2023-12-12,,199,UK
2973,Premium,2023-07-05,2023-05-10,199,Australia
2974,Standard,2023-12-11,,799,India
2975,Basic,2023-07-26,,399,
2976,Basic,2023-12-12,,399,UK
2977,Premium,2023-06-21,,199,US
2978,Basic,2023-09-27,,799,Australia
2979,Standard,2023-08-09,2024-02-17,199,US
2980,,2023-06-01,,799,
2981,Basic,2023-04-21,2023-08-13,,Australia
2982,Basic,2023-07-02,,399,India
2983,Standard,2023-12-05,2023-08-10,,UK
2984,Premium,2023-03-13,,399,India
2985,Standard,2023-10-10,,199,Australia
2986,,2023-03-15,2023-04-08,199,Germany
2987,Basic,2023-12-21,,199,UK
2988,Standard,2023-08-03,,199,US
2989,Standard,2023-11-24,,399,Australia
2990,Premium,2023-01-23,,199,India
2991,Basic,2023-03-09,2024-02-23,799,
2992,Premium,2023-12-28,2023-09-29,199,Germany
2993,Standard,2023-04-03,,399,
2994,Basic,2023-11-17,,,Australia
2995,Basic,2023-11-20,,199,US
2996,Premium,2023-03-04,2023-04-30,399,India
2997,Basic,2023-08-12,2024-01-10,799,UK
2998,Basic,2023-08-13,,199,Germany
2999,Basic,2023-12-12,2023-02-09,399,Australia
3000,Premium,2023-12-03,,199,Australia
3001,Standard,2023-04-13,2023-10-21,799,Australia
3002,Premium,2023-08-03,2023-10-25,399,Australia
3003,Basic,2023-07-11,,399,India
3004,Standard,2023-06-09,,799,UK
3005,Standard,2023-07-26,,199,US
3006,Premium,2023-09-26,2023-12-16,799,Germany
3007,Premium,2023-07-13,,799,Australia
3008,Basic,2023-06-01,,799,
3009,Standard,2023-08-25,,799,Australia
3010,Basic,2023-03-29,,199,UK
3011,Standard,2023-01-11,,,UK
3012,Basic,2023-07-06,,199,India
3013,Basic,2023-08-02,,399,India
3014,Basic,2023-01-15,,199,
3015,Standard,2023-09-23,2023-05-28,,
3016,Basic,2023-10-24,,399,India
3017,Standard,2023-03-14,,799,Germany
3018,Basic,2023-02-21,,199,
3019,Basic,2023-05-08,,799,India
3020,Premium,2023-01-28,,799,Australia
3021,Basic,2023-03-06,,399,India
3022,Basic,2023-01-17,2023-10-07,199,Germany
3023,Standard,2023-12-17,,399,India
3024,Basic,2023-05-18,,199,India
3025,Basic,2023-11-15,,399,Australia
3026,Basic,2023-08-17,,199,
3027,Premium,2023-09-11,2023-03-30,199,Australia
3028,Standard,2023-07-29,,199,Australia
3029,Standard,2023-10-21,2023-08-13,199,India
3030,Standard,2023-08-19,,199,Australia
3031,Basic,2023-08-29,,799,UK
3032,Basic,2023-03-11,,399,US
3033,Premium,2023-04-14,,199,US
3034,Basic,2023-07-23,,399,Australia
3035,Basic,2023-02-22,,399,
3036,Basic,2023-11-26,,799,Germany
3037,Basic,2023-02-23,,199,Australia
3038,,2023-10-03,2023-03-21,199,
3039,Basic,2023-12-01,,,Australia
3040,Standard,2023-01-31,,199,India
3041,Basic,2023-05-15,2024-03-12,199,
3042,,2023-02-27,,199,Germany
3043,Basic,2023-04-15,,199,Australia
3044,Basic,2023-09-23,,,UK
3045,Standard,2023-01-10,,199,
3046,Standard,2023-09-10,,799,US
3047,Basic,2023-10-22,,,
3048,Basic,2023-06-05,2023-11-22,399,UK
3049,Basic,2023-06-07,,199,UK
3050,Basic,2023-02-06,,199,UK
3051,Basic,2023-04-29,,399,Germany
3052,Standard,2023-03-08,2024-02-12,199,Germany
3053,Basic,2023-08-30,2023-05-07,399,
3054,Basic,2023-10-26,2023-06-06,199,Germany
3055,Standard,2023-08-01,,799,US
3056,,2023-11-04,,399,India
3057,Standard,2023-04-11,2023-10-03,399,
3058,Basic,2023-02-25,,799,Australia
3059,Basic,2023-11-28,,199,Australia
3060,,2023-11-20,,199,
3061,Basic,2023-08-27,,199,India
3062,Basic,2023-08-19,2023-04-27,199,Australia
3063,Standard,2023-12-28,,399,
3064,Standard,2023-04-02,2023-04-17,199,
3065,Standard,2023-10-06,,199,UK
3066,Basic,2023-04-19,,,US
3067,Basic,2023-11-13,,199,Australia
3068,,2023-06-17,,399,US
3069,Basic,2023-10-27,,199,
3070,Standard,2023-08-06,,199,India
3071,Standard,2023-08-10,,399,
3072,Standard,2023-06-10,2024-02-11,799,Australia
3073,Basic,2023-01-16,,199,US
3074,Basic,2023-10-05,,199,UK
3075,Standard,2023-02-26,,199,UK
3076,Premium,2023-03-03,,199,
3077,Premium,2023-12-29,,199,India
3078,Basic,2023-11-23,,399,Germany
3079,Basic,2023-08-30,,199,Australia
3080,Premium,2023-03-31,,399,
3081,Standard,2023-03-13,2023-08-22,399,UK
3082,Premium,2023-11-22,,199,UK
3083,Basic,2023-01-30,,199,India
3084,Standard,2023-12-25,,,UK
3085,Standard,2023-10-15,,199,Australia
3086,Standard,2023-03-27,,799,India
3087,Basic,2023-08-22,,199,US
3088,Basic,2023-08-23,,399,India
3089,Standard,2023-11-09,2023-06-25,199,Australia
3090,Basic,2023-12-31,,199,Australia
3091,Standard,2023-09-22,,199,US
3092,,2023-10-14,2023-06-28,199,
3093,Basic,2023-11-23,,799,India
3094,Premium,2023-09-26,,399,Australia
3095,Basic,2023-07-05,,199,Australia
3096,Standard,2023-05-11,2023-05-21,399,US
3097,,2023-10-18,2023-06-08,799,Germany
3098,Basic,2023-10-04,,399,India
3099,Basic,2023-11-16,2023-10-10,199,Australia
3100,Basic,2023-12-17,,799,UK
3101,Basic,2023-06-29,2023-07-15,199,US
3102,Standard,2023-10-17,,399,Germany
3103,Premium,2023-06-12,2023-11-23,399,Germany
3104,Basic,2023-09-28,2023-06-16,799,US
3105,Basic,2023-04-06,,799,Germany
3106,Basic,2023-09-19,2023-11-05,799,Australia
3107,Standard,2023-12-31,,199,Germany
3108,Basic,2023-12-19,,799,India
3109,Standard,2023-10-15,,199,UK
3110,Standard,2023-03-24,,199,Australia
3111,Standard,2023-08-13,2023-12-30,399,US
3112,Basic,2023-08-11,2023-02-10,399,UK
3113,Standard,2023-04-28,,399,
3114,Basic,2023-07-11,,399,Australia
3115,Basic,2023-03-20,,799,UK
3116,Premium,2023-03-19,,199,Germany
3117,Standard,2023-05-27,,199,
3118,Basic,2023-04-17,2023-04-11,799,US
3119,Basic,2023-09-28,,199,US
3120,Basic,2023-09-01,,399,India
3121,Basic,2023-03-14,,399,Germany
3122,Basic,2023-12-23,,399,India
3123,Basic,2023-12-20,,399,India
3124,Standard,2023-01-26,2023-07-08,199,Germany
3125,Standard,2023-07-29,,799,Australia
3126,Standard,2023-04-02,,199,
3127,Standard,2023-05-05,,199,India
3128,Basic,2023-03-14,2023-09-03,199,UK
3129,,2023-05-03,2023-02-25,399,
3130,Premium,2023-11-05,,399,Australia
3131,Premium,2023-07-03,,799,Germany
3132,Premium,2023-07-06,,399,US
3133,Premium,2023-07-17,,399,Australia
3134,Standard,2023-03-19,,799,India
3135,Basic,2023-12-14,,399,UK
3136,Standard,2023-07-05,,399,
3137,Standard,2023-12-10,,399,Germany
3138,Standard,2023-09-10,2023-11-12,199,US
3139,Standard,2023-01-13,2023-07-11,799,
3140,Basic,2023-10-26,,199,UK
3141,Basic,2023-03-17,,399,US
3142,Premium,2023-02-20,2023-05-12,399,Germany
3143,Standard,2023-10-02,2023-04-09,799,
3144,Standard,2023-05-29,,799,Australia
3145,Basic,2023-08-07,2023-06-12,399,India
3146,Basic,2023-05-02,,399,Germany
3147,Premium,2023-07-30,,199,UK
3148,Standard,2023-10-07,2023-08-07,399,Australia
3149,Premium,2023-01-26,,799,
3150,Standard,2023-06-22,2023-08-29,799,US
3151,Standard,2023-06-05,,799,Australia
3152,Basic,2023-08-26,2023-09-30,199,Australia
3153,Standard,2023-03-23,2023-07-15,799,UK
3154,Basic,2023-12-22,2024-03-17,799,India
3155,Basic,2023-09-30,2024-03-15,199,Australia
3156,Standard,2023-03-09,2023-04-01,399,Australia
3157,Premium,2023-02-13,,799,India
3158,Basic,2023-03-02,,399,India
3159,Premium,2023-05-03,,,US
3160,Basic,2023-12-15,,399,
3161,Basic,2023-07-15,,399,US
3162,Basic,2023-11-26,,799,India
3163,Basic,2023-11-19,,399,Germany
3164,Standard,2023-04-21,,799,India
3165,Basic,2023-09-15,,399,US
3166,Standard,2023-03-30,,199,UK
3167,Premium,2023-07-17,,199,UK
3168,Basic,2023-10-09,,199,
3169,Premium,2023-07-19,,399,Australia
3170,Basic,2023-04-09,,799,UK
3171,Standard,2023-01-27,,199,US
3172,Basic,2023-03-30,,199,UK
3173,Basic,2023-05-26,,199,Germany
3174,Basic,2023-07-01,,399,India
3175,Basic,2023-09-14,2024-01-27,,India
3176,Basic,2023-07-08,2023-11-05,399,US
3177,Standard,2023-08-28,,399,Australia
3178,Premium,2023-12-25,,399,India
3179,Premium,2023-07-15,2023-05-23,199,UK
3180,Standard,2023-10-24,,399,Germany
3181,Basic,2023-06-14,,399,Australia
3182,Basic,2023-11-03,,399,Australia
3183,Basic,2023-09-28,2023-03-01,799,Australia
3184,Basic,2023-01-08,2023-12-19,799,India
3185,Standard,2023-02-07,,799,
3186,Standard,2023-04-24,,799,Australia
3187,Basic,2023-12-05,,,US
3188,Basic,2023-02-25,,399,UK
3189,Premium,2023-12-25,,199,
3190,Premium,2023-05-18,2023-07-10,399,Germany
3191,Basic,2023-04-12,,799,UK
3192,Premium,2023-11-30,,199,US
3193,,2023-06-26,,199,US
3194,Basic,2023-06-18,,199,
3195,Basic,2023-12-05,,399,UK
3196,Standard,2023-10-13,,399,India
3197,Premium,2023-09-18,,199,US
3198,Premium,2023-08-11,,199,Australia
3199,Basic,2023-07-18,,399,Germany
3200,Basic,2023-07-30,2023-09-21,199,Germany
3201,Standard,2023-10-14,,199,US
3202,Standard,2023-06-29,2024-02-21,399,Australia
3203,Basic,2023-09-07,2024-02-11,399,UK
3204,Premium,2023-08-19,,199,Germany
3205,Standard,2023-01-23,2024-01-04,399,Australia
3206,Premium,2023-02-17,2023-07-19,199,Australia
3207,Premium,2023-04-19,,799,India
3208,Standard,2023-10-23,,199,US
3209,Basic,2023-01-06,,199,Australia
3210,Standard,2023-02-07,2023-12-14,799,UK
3211,Basic,2023-06-18,2023-08-04,399,Germany
3212,Standard,2023-12-22,2023-03-28,199,India
3213,Basic,2023-10-10,,199,UK
3214,Standard,2023-07-22,2023-09-27,799,Germany
3215,Basic,2023-11-21,,799,US
3216,Basic,2023-11-09,,199,UK
3217,Basic,2023-09-30,2023-10-14,399,Germany
3218,Basic,2023-09-01,,199,India
3219,Standard,2023-11-23,,399,Germany
3220,Standard,2023-02-16,,199,Australia
3221,Standard,2023-09-06,2024-01-23,199,India
3222,Basic,2023-03-20,,199,UK
3223,Basic,2023-04-20,,399,
3224,Basic,2023-01-13,,199,US
3225,Basic,2023-12-31,2023-08-19,199,India
3226,Premium,2023-03-31,,199,India
3227,Basic,2023-12-08,,199,India
3228,Basic,2023-12-14,,799,Germany
3229,Basic,2023-10-07,,199,Australia
3230,Basic,2023-08-09,2023-12-21,399,
3231,Standard,2023-03-14,2023-12-11,199,US
3232,Standard,2023-08-22,,199,US
3233,Basic,2023-09-17,2023-11-28,399,Australia
3234,Basic,2023-04-23,,,Germany
3235,Basic,2023-02-15,2023-05-16,199,Germany
3236,Basic,2023-10-01,,199,Australia
3237,Basic,2023-02-12,,399,Australia
3238,,2023-07-27,,799,UK
3239,Standard,2023-12-15,,,Germany
3240,Standard,2023-04-13,,399,India
3241,Basic,2023-05-04,,399,US
3242,Basic,2023-01-10,2023-11-16,399,Germany
3243,Standard,2023-11-25,,399,Australia
3244,Standard,2023-07-06,,399,India
3245,Standard,2023-01-31,2023-05-11,799,UK
3246,Basic,2023-06-05,,399,
3247,Standard,2023-03-01,2023-05-07,399,UK
3248,Basic,2023-09-06,,399,India
3249,Premium,2023-09-27,2023-07-02,399,India
3250,Standard,2023-08-05,,399,Australia
3251,Standard,2023-01-02,2023-02-28,399,
3252,Basic,2023-01-24,,199,Australia
3253,Standard,2023-07-25,,199,US
3254,Basic,2023-11-16,,399,
3255,Basic,2023-07-18,,799,
3256,Basic,2023-12-22,,199,US
3257,Standard,2023-04-24,2023-07-02,399,UK
3258,Basic,2023-10-07,,199,India
3259,Basic,2023-06-04,2024-02-13,199,UK
3260,Premium,2023-06-14,2023-04-13,,Australia
3261,Basic,2023-08-10,,799,Germany
3262,Standard,2023-04-01,2023-10-11,199,Australia
3263,Basic,2023-06-16,,399,Germany
3264,Basic,2023-07-26,,199,India
3265,Premium,2023-10-09,,,India
3266,Basic,2023-03-06,,199,
3267,Standard,2023-01-04,,199,India
3268,Standard,2023-06-06,,399,US
3269,Standard,2023-09-06,,799,US
3270,Standard,2023-09-14,2024-03-04,199,Germany
3271,Basic,2023-08-23,,399,UK
3272,Basic,2023-11-02,,199,
3273,Standard,2023-03-15,,799,UK
3274,Standard,2023-07-06,,199,Germany
3275,Premium,2023-03-03,,799,US
3276,Premium,2023-12-03,2023-02-03,399,Australia
3277,Premium,2023-06-13,2023-09-24,199,
3278,Standard,2023-02-25,2023-03-09,,Germany
3279,Basic,2023-04-21,2023-02-19,,UK
3280,Premium,2023-08-06,2023-05-23,399,Germany
3281,Standard,2023-08-28,,199,Germany
3282,Basic,2023-01-21,,399,India
3283,Premium,2023-05-21,,399,US
3284,Premium,2023-09-22,2023-02-22,399,
3285,Standard,2023-05-19,,399,India
3286,Basic,2023-03-11,,199,US
3287,Basic,2023-04-28,,399,Germany
3288,Premium,2023-07-17,,399,US
3289,Premium,2023-07-24,,199,UK
3290,Basic,2023-08-02,,399,
3291,Basic,2023-02-25,,399,India
3292,Premium,2023-10-14,2024-02-01,399,
3293,Basic,2023-10-20,,199,Germany
3294,Standard,2023-06-24,2023-06-15,399,UK
3295,,2023-12-13,,199,US
3296,Basic,2023-05-08,,399,US
3297,Standard,2023-11-21,2023-10-05,799,UK
3298,Basic,2023-10-19,2023-11-27,399,US
3299,Basic,2023-10-15,2023-05-07,199,India
3300,Premium,2023-08-14,2023-03-04,399,Australia
3301,Basic,2023-03-05,2023-06-14,,US
3302,,2023-02-17,2023-10-12,199,Germany
3303,Standard,2023-07-21,2023-11-04,799,US
3304,Basic,2023-12-03,2023-06-12,399,
3305,Basic,2023-03-01,,799,Germany
3306,Basic,2023-09-14,,199,US
3307,Basic,2023-03-06,2023-09-25,199,US
3308,Basic,2023-08-27,,799,Germany
3309,Basic,2023-10-16,,199,India
3310,Standard,2023-02-07,,199,Australia
3311,Standard,2023-01-25,2023-02-14,399,Australia
3312,Standard,2023-02-28,,199,India
3313,Standard,2023-12-23,,799,US
3314,Basic,2023-10-24,,399,Australia
3315,Basic,2023-06-07,,799,India
3316,Standard,2023-02-26,,799,India
3317,Standard,2023-02-17,,199,Australia
3318,Basic,2023-11-24,,199,Germany
3319,Premium,2023-02-25,,799,UK
3320,Premium,2023-03-06,,199,Germany
3321,Standard,2023-09-25,,,US
3322,Basic,2023-03-10,2023-11-03,399,Germany
3323,Premium,2023-08-04,,199,
3324,Standard,2023-03-30,2023-06-05,799,UK
3325,Premium,2023-10-08,,199,UK
3326,Premium,2023-09-14,,199,India
3327,Premium,2023-06-09,2024-01-10,399,
3328,Standard,2023-08-22,,799,US
3329,Basic,2023-05-11,2023-02-16,399,India
3330,Standard,2023-02-18,,199,Germany
3331,Standard,2023-05-27,2023-12-08,199,Germany
3332,Standard,2023-11-12,,199,Australia
3333,Basic,2023-01-02,,199,India
3334,Basic,2023-11-25,,199,
3335,Premium,2023-05-25,,399,India
3336,Standard,2023-03-02,2023-03-21,799,India
3337,Premium,2023-09-30,,199,India
3338,Premium,2023-02-18,2023-06-14,199,UK
3339,Standard,2023-11-28,2023-05-28,799,Australia
3340,Standard,2023-05-11,2024-02-12,399,US
3341,Premium,2023-02-12,,799,US
3342,Standard,2023-02-26,,199,US
3343,Standard,2023-02-19,2023-12-02,199,UK
3344,Basic,2023-06-27,2023-03-31,399,Australia
3345,Standard,2023-10-20,2023-06-04,399,
3346,Standard,2023-02-15,,399,Australia
3347,Basic,2023-06-19,,399,UK
3348,Basic,2023-09-28,2023-05-26,199,
3349,Basic,2023-12-02,,399,India
3350,Basic,2023-05-19,,399,Germany
3351,Basic,2023-09-04,,199,India
3352,Basic,2023-05-28,,399,US
3353,Premium,2023-08-18,,399,India
3354,Standard,2023-10-07,,199,UK
3355,Basic,2023-05-05,,199,US
3356,Basic,2023-07-11,2024-02-25,199,Germany
3357,Standard,2023-03-21,,199,
3358,Basic,2023-04-04,,399,
3359,Premium,2023-08-14,2023-07-22,799,US
3360,Standard,2023-03-06,2023-08-05,199,India
3361,Premium,2023-03-29,,199,Australia
3362,Basic,2023-03-29,,,Australia
3363,Standard,2023-07-20,,199,
3364,Basic,2023-08-02,,199,Australia
3365,Premium,2023-07-23,,199,US
3366,Standard,2023-03-30,2023-04-28,399,Australia
3367,Basic,2023-03-02,,199,UK
3368,Basic,2023-09-28,,399,
3369,Basic,2023-04-04,2023-08-21,199,Germany
3370,Standard,2023-11-03,2024-01-26,199,Australia
3371,Basic,2023-01-27,2023-12-07,199,UK
3372,Standard,2023-08-02,,399,UK
3373,Basic,2023-03-15,,399,US
3374,Standard,2023-03-02,,199,
3375,Premium,2023-07-05,,199,US
3376,Premium,2023-01-31,2023-12-16,399,Germany
3377,Premium,2023-08-07,,799,Germany
3378,Basic,2023-01-12,,199,India
3379,Basic,2023-10-29,,399,Germany
3380,Standard,2023-02-01,,199,
3381,Basic,2023-06-09,2023-07-31,199,
3382,Basic,2023-08-25,,199,US
3383,Basic,2023-08-15,,799,UK
3384,Basic,2023-06-30,,199,India
3385,Basic,2023-11-13,,799,Germany
3386,Premium,2023-02-15,2024-01-17,399,UK
3387,Basic,2023-12-07,,799,US
3388,Standard,2023-03-21,,199,Australia
3389,Basic,2023-05-15,,199,India
3390,Standard,2023-09-17,,,
3391,Basic,2023-11-04,,399,UK
3392,Premium,2023-09-04,2023-07-17,799,US
3393,Premium,2023-06-08,,199,US
3394,Basic,2023-07-22,,199,India
3395,Premium,2023-04-22,,399,India
3396,,2023-10-19,2023-07-30,199,Germany
3397,Premium,2023-11-06,2023-11-26,399,Germany
3398,Premium,2023-04-29,2023-06-09,199,
3399,Basic,2023-01-17,,199,
3400,Standard,2023-11-27,,199,India
3401,Basic,2023-08-15,,199,India
3402,Basic,2023-12-27,,199,UK
3403,,2023-04-27,,399,Germany
3404,Basic,2023-02-12,,199,US
3405,Standard,2023-04-25,,199,Germany
3406,Premium,2023-10-10,,799,Germany
3407,Premium,2023-02-06,,399,India
3408,,2023-10-29,,199,India
3409,Basic,2023-04-23,,399,Germany
3410,Basic,2023-02-04,,799,Australia
3411,Basic,2023-05-12,,199,Australia
3412,Basic,2023-12-02,2023-06-28,199,
3413,Basic,2023-12-02,2023-12-02,399,Germany
3414,Basic,2023-08-16,2023-08-27,199,Australia
3415,Premium,2023-05-27,,799,
3416,Standard,2023-05-02,2023-05-21,,
3417,Basic,2023-03-22,2023-06-16,799,Germany
3418,Standard,2023-06-22,2024-01-20,199,
3419,Basic,2023-06-03,,199,India
3420,Basic,2023-05-30,,,India
3421,Premium,2023-02-27,,399,India
3422,Standard,2023-03-04,2024-03-09,199,US
3423,Premium,2023-06-05,2023-08-29,399,India
3424,Basic,2023-12-22,,199,India
3425,Premium,2023-11-18,,199,Germany
3426,Standard,2023-06-17,2023-06-25,799,Australia
3427,Standard,2023-06-15,2023-04-24,199,Australia
3428,Standard,2023-03-26,,199,India
3429,Premium,2023-05-17,,199,India
3430,Standard,2023-07-08,2023-03-01,399,India
3431,Standard,2023-01-02,2023-04-05,199,
3432,,2023-04-16,,399,Germany
3433,Premium,2023-12-30,,399,Germany
3434,Basic,2023-03-13,,799,Germany
3435,Standard,2023-05-06,,199,Australia
3436,Basic,2023-06-19,,799,US
3437,Basic,2023-07-24,,199,Australia
3438,Standard,2023-11-09,,399,Germany
3439,Premium,2023-12-03,,199,UK
3440,Premium,2023-07-14,2023-02-23,199,US
3441,Basic,2023-06-07,,399,India
3442,Standard,2023-05-21,,199,
3443,Basic,2023-10-02,2023-08-29,199,Australia
3444,,2023-01-07,,199,
3445,,2023-02-23,,399,US
3446,Standard,2023-04-14,,199,UK
3447,Premium,2023-12-08,,199,US
3448,Standard,2023-12-04,,199,Australia
3449,Standard,2023-03-02,2023-09-09,399,Germany
3450,Basic,2023-03-28,,199,India
3451,Standard,2023-09-15,,199,Germany
3452,Standard,2023-06-27,2023-04-30,199,Germany
3453,Standard,2023-08-30,2023-05-16,199,Australia
3454,Basic,2023-07-22,,799,Germany
3455,Premium,2023-01-31,2023-07-21,399,Germany
3456,Basic,2023-10-16,,799,Australia
3457,Standard,2023-03-21,2023-09-17,199,Australia
3458,Standard,2023-01-11,2024-03-18,,UK
3459,Standard,2023-09-11,,199,Germany
3460,Standard,2023-10-14,2023-04-17,,US
3461,Basic,2023-06-25,,199,India
3462,Basic,2023-05-06,,399,
3463,Standard,2023-02-16,2023-04-08,199,India
3464,Standard,2023-07-25,2024-01-30,199,Australia
3465,Basic,2023-04-17,,799,
3466,Standard,2023-10-02,2024-03-06,399,Australia
3467,Standard,2023-12-03,,,UK
3468,Standard,2023-05-03,,399,Germany
3469,Premium,2023-05-14,2024-01-18,399,Australia
3470,Basic,2023-04-17,,199,Australia
3471,Basic,2023-11-01,2024-02-23,,India
3472,Premium,2023-11-25,2023-05-02,399,Germany
3473,Standard,2023-02-19,2023-04-28,399,UK
3474,Standard,2023-12-03,,199,Australia
3475,Premium,2023-04-05,,399,Australia
3476,Premium,2023-09-25,,799,Australia
3477,,2023-01-23,,199,India
3478,Standard,2023-02-23,2023-03-21,199,Australia
3479,Standard,2023-09-11,,199,Australia
3480,Basic,2023-08-23,,799,India
3481,Basic,2023-02-28,,199,Australia
3482,Standard,2023-06-13,2023-05-13,199,Germany
3483,Basic,2023-09-16,2024-02-02,199,Germany
3484,Premium,2023-11-10,,399,India
3485,Standard,2023-08-04,,199,Germany
3486,Standard,2023-07-02,,199,
3487,Basic,2023-02-26,,,
3488,Basic,2023-05-25,,,
3489,Basic,2023-03-31,,199,UK
3490,Basic,2023-11-07,,399,Australia
3491,Basic,2023-02-14,,399,UK
3492,Standard,2023-09-14,,199,Germany
3493,Premium,2023-01-21,,199,India
3494,Premium,2023-01-21,2023-03-17,399,
3495,Standard,2023-02-21,,199,India
3496,Basic,2023-12-04,,199,UK
3497,Premium,2023-06-20,,799,Germany
3498,Premium,2023-03-08,2023-07-28,399,Australia
3499,Basic,2023-04-23,2023-10-24,399,Germany
3500,Standard,2023-10-27,,199,
3501,Basic,2023-06-09,2023-10-25,399,Germany
3502,Premium,2023-09-23,,199,India
3503,,2023-11-16,,399,US
3504,Basic,2023-08-20,,799,
3505,Premium,2023-11-21,2024-03-02,799,Australia
3506,Standard,2023-03-09,,199,
3507,,2023-01-28,,399,
3508,Standard,2023-04-26,,799,Australia
3509,Premium,2023-02-20,,399,
3510,Basic,2023-06-30,2023-12-16,199,India
3511,Basic,2023-09-17,2023-02-07,399,Germany
3512,Basic,2023-03-20,2023-10-22,199,India
3513,,2023-09-30,,799,Germany
3514,Premium,2023-04-18,2024-02-20,399,US
3515,Premium,2023-03-15,,199,
3516,Premium,2023-06-24,,199,US
3517,Basic,2023-07-03,2023-04-18,199,UK
3518,Basic,2023-01-23,2024-03-02,799,Germany
3519,Basic,2023-10-01,,199,India
3520,Basic,2023-05-09,,399,India
3521,Basic,2023-10-18,2023-09-27,799,
3522,Standard,2023-11-16,2023-10-15,199,India
3523,Basic,2023-07-05,,199,UK
3524,Basic,2023-02-28,2023-08-14,399,Australia
3525,Basic,2023-01-01,,399,India
3526,Basic,2023-05-11,2023-12-26,199,
3527,,2023-03-08,,199,US
3528,Premium,2023-10-20,,399,India
3529,,2023-10-12,,799,India
3530,Basic,2023-03-30,,199,India
3531,Basic,2023-04-10,,199,
3532,Premium,2023-07-08,2023-06-10,199,Australia
3533,Basic,2023-12-12,2024-02-24,799,India
3534,Basic,2023-08-29,,199,Australia
3535,Basic,2023-09-27,,799,Australia
3536,Basic,2023-08-07,,199,UK
3537,Basic,2023-06-25,,799,US
3538,Basic,2023-12-07,,399,India
3539,Standard,2023-08-21,,399,India
3540,Basic,2023-05-31,,199,India
3541,Basic,2023-10-04,,799,Australia
3542,Premium,2023-08-17,,199,Germany
3543,Basic,2023-06-20,,199,US
3544,Basic,2023-08-11,,199,
3545,Premium,2023-08-01,2024-01-08,799,India
3546,Basic,2023-10-09,,799,Germany
3547,Basic,2023-02-10,2023-10-18,399,Germany
3548,Standard,2023-05-02,,399,Germany
3549,Basic,2023-08-15,2023-09-29,199,US
3550,Standard,2023-10-21,2024-02-21,799,Germany
3551,Premium,2023-03-29,,799,
3552,Basic,2023-09-24,,399,India
3553,Standard,2023-01-29,,399,
3554,Standard,2023-09-04,,,India
3555,Basic,2023-11-12,,799,UK
3556,Standard,2023-09-01,2024-02-28,399,Australia
3557,Basic,2023-03-02,,199,Germany
3558,Standard,2023-05-27,,399,
3559,Basic,2023-06-23,,399,Australia
3560,Standard,2023-10-05,,199,Australia
3561,Basic,2023-11-30,,199,Australia
3562,Premium,2023-05-22,,199,Australia
3563,Basic,2023-02-13,,399,Australia
3564,Basic,2023-05-24,,199,India
3565,Standard,2023-12-19,,199,US
3566,Standard,2023-11-29,,799,Germany
3567,Standard,2023-02-24,2023-07-20,399,Germany
3568,Standard,2023-11-03,,199,India
3569,Premium,2023-12-24,,199,
3570,Premium,2023-06-10,2023-06-26,799,India
3571,Basic,2023-10-12,,799,Australia
3572,Standard,2023-11-21,,199,US
3573,Premium,2023-07-17,,799,Germany
3574,,2023-06-08,,199,
3575,Premium,2023-03-21,,,UK
3576,Basic,2023-01-31,2023-10-27,199,India
3577,Basic,2023-04-22,,199,UK
3578,Standard,2023-02-15,,199,Germany
3579,Standard,2023-12-19,,199,India
3580,Standard,2023-07-24,2023-06-28,399,Germany
3581,Standard,2023-02-21,2024-02-14,799,India
3582,Premium,2023-05-18,,799,
3583,Basic,2023-03-15,,199,Germany
3584,Premium,2023-02-10,,199,UK
3585,Basic,2023-03-18,,199,US
3586,Basic,2023-07-06,,199,
3587,Standard,2023-02-21,,399,
3588,Premium,2023-03-28,,199,India
3589,Basic,2023-04-19,2023-11-25,399,UK
3590,Basic,2023-08-13,,399,Germany
3591,,2023-09-05,,199,UK
3592,Basic,2023-03-10,,399,
3593,Standard,2023-04-30,,199,India
3594,Standard,2023-03-08,,199,UK
3595,Standard,2023-03-02,,799,Germany
3596,Standard,2023-11-23,,399,Australia
3597,Basic,2023-07-10,,199,
3598,Standard,2023-07-08,,399,US
3599,Basic,2023-05-31,,199,US
3600,Standard,2023-10-13,,399,
3601,Basic,2023-04-06,,399,Australia
3602,Standard,2023-11-08,,399,India
3603,Basic,2023-11-05,2023-02-27,799,UK
3604,Basic,2023-09-20,,399,UK
3605,Basic,2023-04-07,,199,Australia
3606,Basic,2023-04-23,,199,Australia
3607,Premium,2023-05-05,2023-06-28,799,Germany
3608,Basic,2023-05-12,,199,Germany
3609,Premium,2023-05-01,2024-03-25,399,US
3610,,2023-07-16,,399,India
3611,Standard,2023-10-21,,399,India
3612,Basic,2023-05-02,,799,Australia
3613,Basic,2023-10-09,2023-11-06,399,US
3614,Premium,2023-09-17,2023-07-31,399,US
3615,Basic,2023-02-08,2023-07-15,799,Germany
3616,Basic,2023-02-23,2023-02-16,399,UK
3617,Standard,2023-06-10,,199,India
3618,Premium,2023-10-16,,399,US
3619,Premium,2023-07-19,,399,Germany
3620,Basic,2023-10-03,,799,Germany
3621,Standard,2023-01-16,2023-06-29,199,Germany
3622,Basic,2023-06-22,2024-01-04,199,UK
3623,Basic,2023-09-05,2023-03-16,799,US
3624,Premium,2023-08-06,,399,Australia
3625,Basic,2023-03-28,,199,Australia
3626,Basic,2023-03-23,2023-12-26,399,Germany
3627,Basic,2023-03-03,2023-08-07,,Germany
3628,Premium,2023-10-14,,799,UK
3629,Premium,2023-02-11,,399,Germany
3630,Standard,2023-01-12,,199,
3631,Premium,2023-11-17,,799,US
3632,Basic,2023-08-22,2023-06-18,399,Germany
3633,Standard,2023-11-25,,799,Germany
3634,Basic,2023-05-11,,199,US
3635,Basic,2023-04-25,,199,India
3636,Standard,2023-08-06,,399,
3637,Premium,2023-05-17,,199,
3638,Basic,2023-04-16,2023-04-01,399,Australia
3639,Basic,2023-06-28,,,Germany
3640,Basic,2023-01-16,2023-11-20,399,US
3641,Basic,2023-08-30,2023-12-18,799,Australia
3642,Premium,2023-11-30,,399,UK
3643,Standard,2023-08-14,2023-03-04,799,India
3644,Standard,2023-08-30,,799,Germany
3645,Premium,2023-05-21,,399,India
3646,Basic,2023-07-18,2023-11-25,399,Germany
3647,Standard,2023-04-22,,399,Germany
3648,Basic,2023-05-07,,399,Germany
3649,Standard,2023-01-21,,199,India
3650,,2023-05-27,,799,
3651,Premium,2023-03-30,,,UK
3652,Basic,2023-10-30,,399,
3653,Premium,2023-07-22,,399,US
3654,Basic,2023-03-26,,399,US
3655,Basic,2023-06-16,,399,
3656,Basic,2023-03-13,,399,UK
3657,Basic,2023-10-25,2024-03-20,799,UK
3658,Standard,2023-01-09,,199,Germany
3659,Standard,2023-10-08,,199,Germany
3660,Premium,2023-09-15,,799,US
3661,Standard,2023-10-02,,399,Germany
3662,Standard,2023-08-26,2023-05-22,799,Germany
3663,Basic,2023-01-20,2023-11-17,199,UK
3664,Basic,2023-08-21,2023-03-08,199,India
3665,Standard,2023-08-09,2023-05-10,799,
3666,Basic,2023-11-22,,199,Australia
3667,Premium,2023-01-17,,799,Australia
3668,Basic,2023-03-30,,799,Germany
3669,Basic,2023-07-15,2023-02-22,399,Germany
3670,Basic,2023-12-16,,199,
3671,Basic,2023-03-25,,399,Australia
3672,Basic,2023-03-28,,799,UK
3673,Standard,2023-11-03,,199,Australia
3674,Basic,2023-12-04,2024-03-25,199,Australia
3675,Standard,2023-06-03,,199,Australia
3676,Basic,2023-08-16,,199,Germany
3677,Basic,2023-09-21,2023-09-05,799,Germany
3678,Basic,2023-08-11,2023-04-29,799,
3679,Premium,2023-05-01,2023-08-27,,Australia
3680,Basic,2023-06-22,2023-10-28,399,Germany
3681,Premium,2023-01-04,,799,
3682,Basic,2023-12-08,,199,Australia
3683,Premium,2023-05-08,2023-09-24,399,UK
3684,Basic,2023-04-20,,399,Germany
3685,Standard,2023-12-21,,799,India
3686,Standard,2023-02-06,2024-02-22,799,
3687,Premium,2023-03-12,2024-03-11,799,Germany
3688,Basic,2023-10-16,2023-08-27,799,UK
3689,Basic,2023-01-31,,799,UK
3690,Basic,2023-09-25,2023-11-04,199,Germany
3691,Premium,2023-01-11,,799,US
3692,Standard,2023-12-10,,399,
3693,Premium,2023-11-24,,199,Australia
3694,Basic,2023-02-01,2023-08-24,199,Australia
3695,Basic,2023-02-26,,399,UK
3696,Basic,2023-06-15,,199,Germany
3697,,2023-07-07,,399,US
3698,Standard,2023-12-08,,399,
3699,Premium,2023-01-19,,799,India
3700,Basic,2023-04-26,,799,Australia
3701,Standard,2023-07-03,,399,
3702,Standard,2023-09-27,,199,
3703,Basic,2023-02-02,2023-04-18,199,US
3704,Premium,2023-01-10,,199,
3705,Premium,2023-03-21,,199,Australia
3706,Premium,2023-07-11,,,Germany
3707,Standard,2023-11-16,2024-03-06,399,Australia
3708,Basic,2023-07-09,,199,India
3709,Basic,2023-03-09,,199,Germany
3710,,2023-12-14,2023-12-24,399,UK
3711,Basic,2023-05-05,2023-05-08,399,US
3712,Standard,2023-12-02,,199,Australia
3713,Standard,2023-02-28,,,Germany
3714,Standard,2023-04-07,,199,
3715,,2023-10-02,2024-01-11,199,Germany
3716,Basic,2023-05-29,,199,Australia
3717,Basic,2023-10-05,,399,UK
3718,Basic,2023-09-22,,199,Australia
3719,Basic,2023-01-09,,199,UK
3720,Basic,2023-10-10,,199,
3721,Basic,2023-09-30,,399,Australia
3722,Premium,2023-10-28,2024-01-30,199,Germany
3723,Premium,2023-01-08,,199,India
3724,Basic,2023-07-27,,199,India
3725,Basic,2023-05-05,,199,
3726,Premium,2023-05-03,,399,Germany
3727,Basic,2023-02-02,,199,India
3728,Basic,2023-01-01,2024-01-15,199,
3729,Basic,2023-07-23,2024-01-01,399,UK
3730,Standard,2023-01-06,,199,Germany
3731,Basic,2023-10-24,,199,UK
3732,,2023-01-05,,199,Germany
3733,Basic,2023-03-21,2023-05-04,799,UK
3734,Standard,2023-10-01,,399,UK
3735,Basic,2023-06-26,2023-04-20,799,India
3736,Standard,2023-12-04,2023-03-09,799,Germany
3737,Standard,2023-11-17,,,Australia
3738,Premium,2023-12-05,,799,India
3739,Premium,2023-05-16,,399,UK
3740,Standard,2023-01-25,2024-03-13,199,UK
3741,Premium,2023-11-21,,199,Australia
3742,Premium,2023-07-02,,399,Australia
3743,Premium,2023-06-17,,,UK
3744,Basic,2023-12-04,,399,Australia
3745,Basic,2023-06-27,,399,US
3746,Basic,2023-04-05,,399,India
3747,Standard,2023-02-02,,199,Germany
3748,Basic,2023-04-21,,199,Australia
3749,Basic,2023-05-26,2023-09-15,399,Australia
3750,Premium,2023-08-19,,199,US
3751,Premium,2023-09-29,2023-06-13,399,Germany
3752,Premium,2023-12-02,2023-08-14,799,US
3753,Basic,2023-02-07,2024-02-24,799,Germany
3754,Standard,2023-05-15,,199,India
3755,Basic,2023-11-30,,799,Australia
3756,Basic,2023-08-23,,199,India
3757,Basic,2023-11-15,,199,Germany
3758,Basic,2023-12-11,2023-11-08,399,Australia
3759,Basic,2023-06-09,,199,US
3760,Premium,2023-02-07,2023-05-11,199,UK
3761,Basic,2023-05-30,,199,US
3762,Standard,2023-11-04,,399,UK
3763,Standard,2023-01-29,2023-04-15,199,US
3764,Basic,2023-05-24,2023-11-20,399,Germany
3765,Standard,2023-03-17,,399,India
3766,Basic,2023-05-25,,399,UK
3767,Standard,2023-08-17,,799,Germany
3768,Basic,2023-03-05,,199,India
3769,Basic,2023-12-13,,199,India
3770,Basic,2023-12-11,,199,Australia
3771,Standard,2023-09-26,2023-08-26,199,Australia
3772,Premium,2023-11-24,2023-04-23,399,Australia
3773,Basic,2023-07-03,,199,UK
3774,Standard,2023-09-18,,199,UK
3775,Standard,2023-09-25,2023-06-22,799,India
3776,Premium,2023-06-18,2023-03-27,399,UK
3777,Premium,2023-09-16,2024-01-26,399,India
3778,Standard,2023-08-15,2023-11-13,799,Germany
3779,Standard,2023-02-02,2023-08-29,799,US
3780,Premium,2023-08-02,,399,India
3781,Basic,2023-02-19,,199,India
3782,Basic,2023-07-29,,,Germany
3783,Basic,2023-01-29,,399,Australia
3784,Premium,2023-02-08,,199,
3785,Premium,2023-12-13,,199,Australia
3786,Basic,2023-04-10,,399,Australia
3787,Standard,2023-06-22,,799,India
3788,Standard,2023-01-17,,199,India
3789,Basic,2023-02-25,,199,UK
3790,,2023-08-14,,799,UK
3791,Basic,2023-02-15,,799,US
3792,Basic,2023-03-08,,199,US
3793,Standard,2023-07-16,,199,
3794,Standard,2023-05-22,2023-07-28,399,UK
3795,Basic,2023-11-19,,199,India
3796,Standard,2023-01-23,,799,Germany
3797,Standard,2023-04-04,2024-03-13,199,UK
3798,Basic,2023-08-30,,199,India
3799,Basic,2023-08-25,,199,UK
3800,Standard,2023-02-23,2023-03-29,199,Australia
3801,Basic,2023-05-18,,199,UK
3802,Premium,2023-11-29,2023-04-13,199,
3803,Premium,2023-09-29,,799,Australia
3804,,2023-02-10,,199,India
3805,Basic,2023-04-08,,799,Australia
3806,,2023-07-02,,199,UK
3807,Basic,2023-05-08,,399,Australia
3808,Basic,2023-08-17,,199,
3809,Basic,2023-11-13,,199,Germany
3810,Basic,2023-03-27,,399,Australia
3811,Standard,2023-09-13,,399,
3812,Standard,2023-07-28,,799,Australia
3813,Basic,2023-08-03,2023-09-02,799,US
3814,Standard,2023-04-10,,399,Germany
3815,Basic,2023-02-18,2024-02-22,199,India
3816,Standard,2023-07-20,,799,
3817,Basic,2023-09-15,,399,Australia
3818,Premium,2023-06-27,2023-10-23,,Germany
3819,Premium,2023-09-02,2023-04-13,799,India
3820,Standard,2023-05-03,2023-10-28,199,Germany
3821,Basic,2023-12-08,,199,
3822,Basic,2023-06-20,,399,US
3823,Premium,2023-11-29,,399,
3824,Basic,2023-05-16,,399,
3825,Basic,2023-02-28,2024-01-19,799,India
3826,Basic,2023-07-12,,199,India
3827,Standard,2023-09-25,,199,Australia
3828,Standard,2023-09-17,,199,UK
3829,Premium,2023-04-05,2023-09-21,399,
3830,Basic,2023-05-05,,399,India
3831,Basic,2023-02-10,,199,
3832,Premium,2023-09-11,,399,
3833,Premium,2023-01-07,,199,India
3834,Basic,2023-08-04,,199,US
3835,Standard,2023-03-10,,399,US
3836,Basic,2023-03-10,2023-12-15,199,
3837,Premium,2023-03-22,,399,US
3838,Basic,2023-01-30,,799,
3839,Premium,2023-03-14,2023-02-18,799,Australia
3840,Standard,2023-09-19,,199,India
3841,Standard,2023-03-30,,399,
3842,Basic,2023-07-27,,399,US
3843,Standard,2023-08-01,,799,US
3844,Basic,2023-11-18,,799,Germany
3845,Basic,2023-09-23,,199,Germany
3846,Standard,2023-10-20,2023-05-23,199,US
3847,,2023-07-26,,399,Australia
3848,Standard,2023-11-29,2023-04-03,399,UK
3849,Standard,2023-03-18,2024-02-06,199,
3850,Basic,2023-10-15,,199,Germany
3851,Basic,2023-02-16,,399,
3852,Basic,2023-04-20,,199,Germany
3853,Standard,2023-07-19,2023-08-02,199,India
3854,Premium,2023-07-29,,199,India
3855,Standard,2023-06-03,2023-11-03,199,US
3856,Basic,2023-01-10,,399,India
3857,Basic,2023-12-19,,199,India
3858,Standard,2023-06-06,2023-07-11,199,UK
3859,Basic,2023-09-18,,199,Australia
3860,Premium,2023-03-18,2023-09-30,199,US
3861,Premium,2023-09-14,,399,UK
3862,Standard,2023-05-11,,199,US
3863,Basic,2023-03-08,,399,Australia
3864,Basic,2023-08-16,,199,US
3865,Basic,2023-06-12,,199,
3866,Basic,2023-01-15,2023-06-24,199,
3867,Basic,2023-08-20,2023-06-25,199,
3868,Standard,2023-07-14,,399,India
3869,Standard,2023-12-15,,399,Australia
3870,Basic,2023-01-30,2023-04-21,799,UK
3871,Basic,2023-12-25,,199,UK
3872,Basic,2023-12-04,,199,Germany
3873,Basic,2023-11-27,,199,UK
3874,Premium,2023-11-12,,799,
3875,Basic,2023-10-23,,199,
3876,Basic,2023-11-26,,199,Germany
3877,Basic,2023-08-08,2023-12-18,199,India
3878,Premium,2023-05-27,,199,UK
3879,Standard,2023-09-16,2023-12-17,799,Australia
3880,Basic,2023-10-19,2023-03-14,399,Germany
3881,Standard,2023-10-26,,799,UK
3882,Standard,2023-05-23,,399,India
3883,,2023-08-23,2023-12-09,399,Australia
3884,Basic,2023-04-25,,199,Australia
3885,Premium,2023-12-31,,399,India
3886,Premium,2023-03-31,2024-02-28,199,UK
3887,Premium,2023-07-27,,199,US
3888,Standard,2023-06-13,,399,UK
3889,Standard,2023-03-25,2023-11-19,799,Germany
3890,Basic,2023-03-18,,399,Germany
3891,Premium,2023-06-10,,399,UK
3892,Standard,2023-01-05,,199,
3893,Standard,2023-03-19,,199,Germany
3894,Basic,2023-04-01,2023-07-25,199,US
3895,Standard,2023-03-28,,399,
3896,Premium,2023-09-27,2024-02-10,,US
3897,Basic,2023-04-14,,199,Australia
3898,Premium,2023-12-05,,199,Germany
3899,Standard,2023-06-24,2023-04-09,399,
3900,Premium,2023-02-23,,799,UK
3901,Basic,2023-07-30,2023-03-27,399,
3902,Basic,2023-04-05,,199,Australia
3903,Premium,2023-08-11,,,US
3904,Basic,2023-01-09,2023-05-29,799,Australia
3905,Premium,2023-02-22,,199,India
3906,Standard,2023-03-18,,799,Germany
3907,Standard,2023-07-25,2023-08-22,399,UK
3908,Basic,2023-11-12,,199,US
3909,Standard,2023-10-29,,399,Australia
3910,Basic,2023-11-06,,799,UK
3911,Basic,2023-11-26,,399,Germany
3912,Basic,2023-04-22,,199,UK
3913,Basic,2023-12-17,,,Germany
3914,,2023-06-14,,199,Germany
3915,,2023-10-06,,399,Germany
3916,Basic,2023-01-27,2024-03-25,399,Australia
3917,Standard,2023-03-11,,199,Germany
3918,Basic,2023-08-06,,199,UK
3919,Standard,2023-12-31,,799,India
3920,Premium,2023-07-08,2024-03-20,199,UK
3921,Premium,2023-11-29,,399,Australia
3922,Basic,2023-11-02,,399,Germany
3923,Premium,2023-05-04,,399,India
3924,Basic,2023-01-19,,399,Australia
3925,,2023-09-14,,199,US
3926,Basic,2023-10-23,,199,US
3927,Standard,2023-01-22,,799,US
3928,Standard,2023-02-09,2023-03-26,399,India
3929,Standard,2023-02-07,,199,UK
3930,Basic,2023-02-17,2023-03-09,799,India
3931,Premium,2023-07-02,,799,India
3932,Basic,2023-03-16,,199,India
3933,Standard,2023-07-28,,,US
3934,Basic,2023-07-02,2023-09-30,399,
3935,Basic,2023-04-17,,199,UK
3936,Standard,2023-07-07,2023-08-19,199,
3937,Basic,2023-09-21,2023-09-23,399,
3938,Basic,2023-03-27,2023-02-14,799,India
3939,Basic,2023-11-20,,199,UK
3940,Basic,2023-11-27,,199,
3941,Premium,2023-05-17,,199,Germany
3942,Premium,2023-12-12,,399,India
3943,Basic,2023-12-02,2023-06-23,199,India
3944,Basic,2023-04-05,,199,India
3945,Basic,2023-11-22,2023-04-17,399,Germany
3946,Basic,2023-09-02,2023-12-05,799,Germany
3947,Standard,2023-03-31,2023-10-20,399,US
3948,Standard,2023-02-28,,199,Australia
3949,Basic,2023-01-28,,199,UK
3950,Basic,2023-03-13,,199,Australia
3951,Basic,2023-09-27,,,India
3952,Premium,2023-01-24,,799,
3953,,2023-04-22,2023-08-03,199,India
3954,Basic,2023-10-27,,199,
3955,Basic,2023-02-25,,399,US
3956,Premium,2023-08-11,,399,Australia
3957,Premium,2023-04-30,,399,India
3958,Basic,2023-06-28,,799,Australia
3959,Basic,2023-10-15,2023-03-26,799,US
3960,Basic,2023-10-08,,399,Australia
3961,Standard,2023-07-08,,799,
3962,Basic,2023-03-07,2023-12-04,799,UK
3963,Basic,2023-10-25,,799,US
3964,Standard,2023-09-06,,,Australia
3965,Basic,2023-03-17,2023-02-03,199,India
3966,Premium,2023-05-17,,199,Germany
3967,Basic,2023-06-13,,799,Germany
3968,Basic,2023-08-21,,799,US
3969,Standard,2023-09-12,2023-11-25,799,Germany
3970,Basic,2023-10-21,2023-03-11,199,UK
3971,,2023-06-19,,399,US
3972,Standard,2023-11-13,,199,India
3973,Basic,2023-06-23,,399,India
3974,Standard,2023-12-11,2023-09-17,199,US
3975,Basic,2023-01-18,2024-02-11,199,Germany
3976,Premium,2023-03-11,2023-11-12,199,Germany
3977,Basic,2023-12-04,,399,India
3978,Standard,2023-04-26,,199,UK
3979,Basic,2023-03-21,,199,
3980,Basic,2023-01-15,,199,Germany
3981,Premium,2023-06-25,,199,UK
3982,Premium,2023-09-26,,799,Germany
3983,Basic,2023-04-29,2023-06-17,199,
3984,Basic,2023-10-26,,199,US
3985,Premium,2023-07-07,,799,Australia
3986,Premium,2023-02-26,2023-05-13,399,India
3987,Basic,2023-07-18,2023-02-06,399,US
3988,Standard,2023-01-17,,399,Germany
3989,Basic,2023-10-15,,799,
3990,Premium,2023-02-24,2023-07-13,199,India
3991,Basic,2023-09-26,2024-03-24,,Australia
3992,Basic,2023-10-30,,799,Australia
3993,Premium,2023-03-28,,399,
3994,Basic,2023-11-14,,399,
3995,Standard,2023-01-29,2024-03-25,399,Germany
3996,Basic,2023-01-22,2024-01-30,199,India
3997,Basic,2023-11-17,2023-11-02,199,Germany
3998,Basic,2023-10-12,2023-03-20,,Australia
3999,Standard,2023-02-17,,399,US
4000,Basic,2023-01-05,,199,US
4001,Standard,2023-09-07,,799,UK
4002,Premium,2023-06-12,,399,Australia
4003,Premium,2023-07-21,2023-05-06,199,Australia
4004,Basic,2023-04-11,,399,Germany
4005,Basic,2023-03-12,,399,UK
4006,Basic,2023-06-12,,199,
4007,Basic,2023-06-22,2023-03-30,,UK
4008,Basic,2023-05-21,,199,India
4009,Standard,2023-05-18,2023-09-18,399,Germany
4010,Basic,2023-03-07,2023-07-26,199,
4011,Basic,2023-07-17,,399,
4012,Basic,2023-11-24,,199,US
4013,Standard,2023-08-16,2023-04-30,199,India
4014,Basic,2023-10-08,2023-11-08,799,UK
4015,Standard,2023-06-21,,199,US
4016,Basic,2023-11-12,2023-03-07,799,Australia
4017,Premium,2023-02-09,,399,Germany
4018,Premium,2023-01-07,2023-07-20,,UK
4019,Basic,2023-06-23,2023-06-05,399,Australia
4020,Basic,2023-05-31,,199,
4021,Basic,2023-07-30,,199,UK
4022,Basic,2023-10-29,2023-11-25,799,US
4023,Standard,2023-03-27,,799,India
4024,Premium,2023-09-10,2024-01-20,199,US
4025,Standard,2023-01-21,2023-08-22,399,Germany
4026,Premium,2023-09-14,,399,Germany
4027,Basic,2023-02-02,,,UK
4028,Basic,2023-09-17,,799,US
4029,Standard,2023-08-22,,,India
4030,Basic,2023-01-03,,799,
4031,Standard,2023-12-13,,799,Germany
4032,Basic,2023-11-04,2023-11-15,199,India
4033,Basic,2023-08-15,2024-01-21,799,Australia
4034,,2023-10-11,,399,UK
4035,Basic,2023-03-11,,,India
4036,,2023-11-09,,399,UK
4037,,2023-12-30,,199,Australia
4038,Premium,2023-09-11,,399,India
4039,Standard,2023-05-24,2023-05-07,399,India
4040,Standard,2023-01-24,,199,
4041,Premium,2023-08-22,,199,Australia
4042,Basic,2023-11-29,,399,US
4043,Standard,2023-06-24,2023-09-25,199,India
4044,Standard,2023-11-28,,199,
4045,Basic,2023-11-21,,199,India
4046,Basic,2023-12-23,,799,
4047,Basic,2023-06-08,,799,Germany
4048,Standard,2023-12-14,,199,US
4049,Premium,2023-12-14,,799,India
4050,Basic,2023-10-13,,399,Australia
4051,Premium,2023-01-18,2023-07-22,199,UK
4052,Standard,2023-02-13,,199,Australia
4053,Premium,2023-06-04,,399,US
4054,Standard,2023-12-21,,399,Germany
4055,Premium,2023-08-19,2023-11-27,799,Germany
4056,Basic,2023-11-12,,199,Germany
4057,Premium,2023-08-13,2023-04-28,199,
4058,Basic,2023-08-05,2024-03-04,,Australia
4059,Premium,2023-02-25,,199,UK
4060,,2023-01-31,2024-01-16,399,UK
4061,Basic,2023-12-23,2023-02-16,199,
4062,Basic,2023-02-28,,199,India
4063,Premium,2023-12-19,2023-06-19,199,
4064,Basic,2023-08-23,,199,UK
4065,Premium,2023-04-17,2023-10-11,199,UK
4066,Basic,2023-07-10,,199,India
4067,Basic,2023-01-18,,399,Australia
4068,,2023-08-14,,399,Australia
4069,Standard,2023-06-16,2023-11-04,199,US
4070,Premium,2023-03-12,2023-06-30,799,Australia
4071,Basic,2023-12-28,2024-01-11,199,Germany
4072,Standard,2023-02-23,,199,Germany
4073,Standard,2023-09-02,,399,US
4074,Standard,2023-12-16,2023-12-30,399,UK
4075,Standard,2023-03-17,2023-06-19,399,US
4076,Standard,2023-02-04,2023-05-24,199,India
4077,Basic,2023-09-24,,799,US
4078,Basic,2023-11-13,,399,US
4079,Premium,2023-10-27,,199,
4080,Basic,2023-05-01,,199,Germany
4081,Standard,2023-11-20,,799,India
4082,Basic,2023-01-25,2023-04-08,399,
4083,Standard,2023-06-09,2024-01-31,199,India
4084,Standard,2023-03-25,,199,US
4085,Basic,2023-04-24,,199,
4086,Basic,2023-08-11,,399,
4087,Basic,2023-06-15,,799,India
4088,Standard,2023-07-10,,199,India
4089,Premium,2023-06-24,,199,Australia
4090,Basic,2023-01-01,,799,India
4091,Standard,2023-08-17,,399,
4092,Basic,2023-03-27,2023-07-28,399,UK
4093,Standard,2023-03-03,,199,India
4094,Premium,2023-11-16,,399,Germany
4095,Basic,2023-07-25,,399,Australia
4096,Standard,2023-04-15,,199,Germany
4097,Basic,2023-11-14,,,Germany
4098,Basic,2023-10-18,2023-06-04,799,UK
4099,Basic,2023-09-07,,399,Australia
4100,Basic,2023-01-13,2024-03-02,399,US
4101,Standard,2023-06-12,,399,
4102,Basic,2023-02-12,,199,
4103,Standard,2023-04-21,2023-12-09,199,India
4104,Basic,2023-07-24,2023-12-07,799,
4105,Basic,2023-09-13,,399,UK
4106,Standard,2023-11-03,,799,
4107,,2023-05-24,2024-01-03,199,UK
4108,Basic,2023-05-26,,399,US
4109,Premium,2023-10-28,,399,UK
4110,Standard,2023-06-13,2024-01-28,399,US
4111,Standard,2023-06-18,,799,US
4112,Standard,2023-10-25,,,US
4113,Basic,2023-08-21,,199,UK
4114,Basic,2023-09-28,,199,US
4115,Standard,2023-03-01,2024-03-17,199,UK
4116,Basic,2023-10-23,2024-01-23,399,Australia
4117,Premium,2023-08-23,2023-09-20,199,US
4118,Basic,2023-06-14,,399,UK
4119,Basic,2023-07-13,,199,UK
4120,Standard,2023-08-22,,399,UK
4121,Basic,2023-07-02,,799,India
4122,Standard,2023-11-29,,399,India
4123,Standard,2023-08-20,,399,US
4124,Premium,2023-12-27,,199,
4125,Premium,2023-04-17,2023-06-26,199,Australia
4126,Standard,2023-08-11,2023-05-21,399,
4127,Standard,2023-03-21,,399,US
4128,Premium,2023-08-22,,799,Germany
4129,Basic,2023-07-03,,799,Germany
4130,Basic,2023-07-04,,799,Australia
4131,Basic,2023-05-14,2024-01-28,199,Australia
4132,Basic,2023-08-08,,399,Australia
4133,Standard,2023-10-15,,199,India
4134,Standard,2023-12-30,,199,India
4135,Standard,2023-07-21,,199,Germany
4136,Basic,2023-05-26,,199,Australia
4137,Standard,2023-11-20,,199,UK
4138,Basic,2023-05-07,,399,
4139,Standard,2023-05-15,,,Germany
4140,Standard,2023-04-24,,199,Australia
4141,Basic,2023-09-21,2024-01-23,799,UK
4142,Basic,2023-03-05,2023-09-25,199,Australia
4143,Basic,2023-05-15,2023-02-02,199,US
4144,Premium,2023-02-10,2023-08-29,399,UK
4145,Premium,2023-10-23,,399,
4146,Standard,2023-01-03,,199,US
4147,Basic,2023-07-13,2024-03-09,199,India
4148,Basic,2023-04-20,2023-02-24,399,Germany
4149,Standard,2023-08-09,2023-12-27,199,Australia
4150,Premium,2023-01-04,,399,Germany
4151,Basic,2023-09-01,,399,
4152,Basic,2023-06-15,,199,Australia
4153,Standard,2023-01-26,,799,US
4154,Basic,2023-01-17,2023-08-02,199,UK
4155,Basic,2023-08-04,,399,UK
4156,Basic,2023-04-02,2023-04-01,799,Australia
4157,Standard,2023-01-31,,,US
4158,Premium,2023-07-24,,399,Australia
4159,,2023-07-26,,399,Australia
4160,Standard,2023-04-17,,199,Australia
4161,Standard,2023-05-26,,399,UK
4162,Basic,2023-04-11,2023-06-02,399,
4163,Standard,2023-11-14,2023-03-26,199,Australia
4164,Basic,2023-08-29,,799,UK
4165,Standard,2023-09-04,,199,India
4166,Basic,2023-06-12,2023-07-12,799,US
4167,Basic,2023-06-22,,799,India
4168,Basic,2023-02-04,,399,Australia
4169,Basic,2023-10-11,,399,UK
4170,Basic,2023-12-25,,199,US
4171,Basic,2023-12-24,,,Germany
4172,,2023-01-21,,199,US
4173,Basic,2023-11-04,,399,US
4174,Standard,2023-06-12,,399,Australia
4175,Premium,2023-04-07,,799,India
4176,,2023-11-03,,799,India
4177,Standard,2023-12-05,2023-08-05,399,Germany
4178,Premium,2023-02-24,2023-03-10,199,Australia
4179,Basic,2023-11-29,,199,US
4180,Basic,2023-05-07,,199,
4181,Basic,2023-07-12,,799,India
4182,Standard,2023-08-31,2023-08-03,399,India
4183,Standard,2023-12-15,2023-04-23,799,UK
4184,Basic,2023-03-29,,399,US
4185,Basic,2023-12-02,2023-08-13,399,Australia
4186,Standard,2023-08-03,2023-03-05,199,India
4187,Basic,2023-04-02,,199,Australia
4188,Standard,2023-10-30,2023-05-23,199,US
4189,Standard,2023-08-23,,399,US
4190,Standard,2023-07-03,,199,India
4191,Premium,2023-02-07,2024-03-11,399,Germany
4192,Premium,2023-05-19,,399,Australia
4193,Standard,2023-07-14,,399,Australia
4194,Standard,2023-01-15,,199,UK
4195,Standard,2023-09-14,,199,US
4196,Basic,2023-05-15,,199,US
4197,Basic,2023-01-01,,399,India
4198,Basic,2023-02-18,,199,India
4199,Basic,2023-04-06,,799,India
4200,Standard,2023-07-20,2023-09-17,799,UK
4201,Premium,2023-01-26,2023-11-09,199,Germany
4202,Basic,2023-12-09,2024-03-10,399,India
4203,Basic,2023-08-23,,399,India
4204,,2023-12-15,2023-11-13,399,
4205,Basic,2023-09-01,,199,India
4206,Standard,2023-12-24,,199,UK
4207,Standard,2023-11-23,2023-07-04,199,Australia
4208,Standard,2023-12-17,,199,Germany
4209,Basic,2023-02-20,,799,Australia
4210,Basic,2023-03-22,2023-07-14,399,
4211,Basic,2023-02-05,,799,US
4212,Standard,2023-03-08,,199,US
4213,Standard,2023-05-09,,199,India
4214,Basic,2023-06-04,2023-07-31,399,
4215,Standard,2023-09-02,,199,Australia
4216,Premium,2023-04-21,,199,UK
4217,Basic,2023-06-17,,399,Germany
4218,Standard,2023-05-22,2023-09-26,199,Australia
4219,Standard,2023-12-22,,399,
4220,Basic,2023-07-16,,199,
4221,Basic,2023-04-19,,399,Australia
4222,Standard,2023-03-20,,799,Germany
4223,Premium,2023-06-10,,199,Australia
4224,Premium,2023-01-19,,799,Australia
4225,Standard,2023-05-07,,399,Germany
4226,Standard,2023-07-24,,799,UK
4227,Basic,2023-01-29,2023-06-16,199,
4228,Standard,2023-07-26,,399,Germany
4229,Standard,2023-10-07,,199,India
4230,Basic,2023-05-31,2024-01-04,799,India
4231,Standard,2023-08-28,,399,India
4232,Standard,2023-09-23,2024-03-25,399,India
4233,Basic,2023-07-01,,799,US
4234,Premium,2023-04-15,,199,UK
4235,Basic,2023-08-24,2023-10-23,199,US
4236,Basic,2023-06-22,,399,Australia
4237,Basic,2023-06-07,2023-08-05,399,Australia
4238,Premium,2023-06-21,,199,Germany
4239,Standard,2023-11-07,,399,India
4240,Basic,2023-06-06,,,Germany
4241,Standard,2023-09-15,2023-03-11,399,Australia
4242,Basic,2023-06-13,2023-12-06,199,India
4243,Premium,2023-05-27,,199,
4244,Standard,2023-06-03,,,UK
4245,Basic,2023-02-07,2023-07-16,399,Australia
4246,Premium,2023-05-11,2024-02-25,799,
4247,Basic,2023-12-24,2023-10-17,199,Germany
4248,Basic,2023-09-12,,399,
4249,Standard,2023-07-27,,399,Germany
4250,,2023-04-05,2023-06-22,199,Australia
4251,Basic,2023-12-14,,399,US
4252,Basic,2023-11-23,2023-08-22,399,UK
4253,Basic,2023-06-20,,399,
4254,Standard,2023-09-07,,799,
4255,Basic,2023-07-09,,799,Australia
4256,Standard,2023-07-18,,799,Australia
4257,,2023-08-09,,799,Germany
4258,Standard,2023-01-24,,399,India
4259,Basic,2023-09-01,,199,India
4260,Basic,2023-11-20,,799,India
4261,Basic,2023-05-08,2023-07-25,399,Germany
4262,Premium,2023-04-03,,199,India
4263,Basic,2023-10-27,,399,Australia
4264,Basic,2023-05-13,2023-10-19,199,US
4265,Standard,2023-02-24,2023-10-09,399,US
4266,Basic,2023-06-07,,199,US
4267,Standard,2023-01-29,2023-12-25,199,India
4268,Basic,2023-07-30,,,US
4269,Premium,2023-06-03,,799,
4270,Premium,2023-10-20,,799,India
4271,Standard,2023-08-10,,399,
4272,,2023-04-25,,799,Australia
4273,Basic,2023-06-07,,799,
4274,Standard,2023-09-16,2024-03-24,399,Australia
4275,Standard,2023-09-08,,,Germany
4276,Standard,2023-05-02,2023-08-18,199,Germany
4277,Basic,2023-10-26,2023-08-17,799,
4278,Basic,2023-09-20,,199,UK
4279,Basic,2023-02-18,2023-08-14,399,Australia
4280,Basic,2023-11-25,,199,India
4281,Basic,2023-10-24,2023-12-10,399,UK
4282,Standard,2023-12-28,2023-04-17,399,Australia
4283,Basic,2023-03-18,2023-02-18,,India
4284,Basic,2023-05-07,2023-04-02,,Australia
4285,Standard,2023-07-16,,,Australia
4286,Standard,2023-08-09,,199,India
4287,Premium,2023-04-01,,,Australia
4288,Standard,2023-01-08,,399,Australia
4289,Basic,2023-02-01,2023-12-23,799,Australia
4290,Premium,2023-11-16,,199,Germany
4291,Standard,2023-09-26,2024-02-28,399,US
4292,Basic,2023-07-10,,,Australia
4293,Standard,2023-12-15,,799,India
4294,Premium,2023-06-12,,399,
4295,Basic,2023-03-02,,799,Australia
4296,Basic,2023-09-21,,199,Germany
4297,Basic,2023-10-12,,399,Germany
4298,Basic,2023-04-05,,399,
4299,Basic,2023-02-10,2023-11-07,199,Australia
4300,Standard,2023-05-29,,199,UK
4301,Basic,2023-07-23,,199,
4302,Premium,2023-09-24,,399,US
4303,Premium,2023-01-02,2023-10-07,199,India
4304,Standard,2023-06-27,,399,India
4305,Premium,2023-07-13,,199,India
4306,Basic,2023-12-02,,399,India
4307,Standard,2023-07-15,2023-09-14,399,Germany
4308,Standard,2023-12-09,,399,US
4309,Premium,2023-09-06,,399,Australia
4310,Premium,2023-07-31,,399,Australia
4311,Basic,2023-06-02,,199,UK
4312,Premium,2023-06-07,,799,Australia
4313,Basic,2023-12-28,2023-06-06,199,US
4314,Premium,2023-05-19,2023-03-29,199,Australia
4315,,2023-08-09,,399,Germany
4316,Basic,2023-09-30,,199,
4317,Standard,2023-06-03,2024-03-14,799,Australia
4318,Basic,2023-09-06,,199,India
4319,Basic,2023-10-06,,399,India
4320,Standard,2023-10-31,,199,
4321,Standard,2023-10-03,2024-02-10,199,India
4322,Premium,2023-01-02,2023-08-22,199,India
4323,Standard,2023-03-29,,799,Germany
4324,Standard,2023-10-14,,,Germany
4325,Premium,2023-05-10,,399,Germany
4326,,2023-03-19,,799,Australia
4327,Basic,2023-09-17,,399,
4328,,2023-08-29,,,India
4329,Basic,2023-05-21,,799,UK
4330,Premium,2023-08-16,,199,
4331,Basic,2023-06-12,,399,UK
4332,Basic,2023-08-24,2023-09-30,399,India
4333,Basic,2023-05-08,,199,US
4334,Standard,2023-07-19,2024-02-01,199,
4335,Basic,2023-01-31,,799,Australia
4336,Basic,2023-05-18,,799,UK
4337,Standard,2023-01-21,2023-12-28,799,
4338,Premium,2023-08-22,,,
4339,Basic,2023-07-21,,799,Germany
4340,Basic,2023-10-06,,199,US
4341,Basic,2023-05-11,2023-12-22,199,Germany
4342,Basic,2023-05-28,,199,US
4343,Premium,2023-01-29,2023-10-09,199,US
4344,Premium,2023-12-27,2024-02-28,199,Australia
4345,Standard,2023-11-04,2023-12-18,399,
4346,Basic,2023-06-11,2024-02-10,799,Germany
4347,Premium,2023-12-23,,799,Germany
4348,Standard,2023-12-06,,399,UK
4349,Premium,2023-03-02,,799,
4350,Standard,2023-05-05,,399,India
4351,Premium,2023-03-12,2024-03-14,799,India
4352,Standard,2023-11-22,,399,UK
4353,Basic,2023-12-30,2023-08-17,199,US
4354,,2023-08-31,,799,UK
4355,Standard,2023-09-06,,199,UK
4356,Standard,2023-08-09,2024-01-08,399,Germany
4357,Basic,2023-01-21,,199,UK
4358,Standard,2023-03-23,2023-09-27,399,US
4359,Standard,2023-12-10,,,India
4360,Basic,2023-01-10,2023-06-18,199,Australia
4361,Basic,2023-01-12,,799,
4362,Standard,2023-09-20,2023-06-01,199,UK
4363,Premium,2023-05-25,,199,
4364,Standard,2023-07-11,,199,UK
4365,Basic,2023-09-07,,799,
4366,Standard,2023-04-24,,199,Germany
4367,Basic,2023-01-26,,399,Germany
4368,Basic,2023-09-28,,199,
4369,Basic,2023-02-02,2024-03-25,199,UK
4370,Basic,2023-03-03,2023-03-20,799,UK
4371,Basic,2023-08-17,,199,US
4372,Basic,2023-10-30,,199,India
4373,Basic,2023-04-05,,199,India
4374,Basic,2023-02-04,2023-11-30,399,Australia
4375,Standard,2023-07-12,,399,India
4376,Standard,2023-03-17,2023-05-25,199,Australia
4377,Basic,2023-09-06,,199,Germany
4378,Premium,2023-03-24,,199,Australia
4379,Basic,2023-01-25,2024-01-08,199,Australia
4380,Standard,2023-02-26,,799,India
4381,Basic,2023-02-01,2023-10-08,799,UK
4382,Basic,2023-11-15,,399,Germany
4383,Standard,2023-01-12,,199,US
4384,Standard,2023-11-15,,399,Australia
4385,Premium,2023-11-29,,799,Australia
4386,Standard,2023-04-02,2023-02-06,399,
4387,,2023-01-01,,799,Australia
4388,Basic,2023-11-22,,399,UK
4389,Basic,2023-05-16,,399,US
4390,Basic,2023-07-15,2023-09-06,199,
4391,Basic,2023-05-13,,399,India
4392,Standard,2023-03-27,,199,Germany
4393,Standard,2023-10-22,,799,UK
4394,Basic,2023-10-06,,799,US
4395,Premium,2023-11-20,,799,Germany
4396,Premium,2023-06-29,,399,India
4397,Basic,2023-01-04,,199,Germany
4398,Basic,2023-05-06,2023-04-17,199,
4399,Basic,2023-06-24,,399,Australia
4400,Basic,2023-09-08,,799,Australia
4401,Basic,2023-01-21,,399,UK
4402,Standard,2023-04-15,,199,Germany
4403,Basic,2023-03-07,,799,Australia
4404,Basic,2023-09-20,2023-07-28,,UK
4405,,2023-02-18,,199,UK
4406,Standard,2023-01-16,,399,
4407,Premium,2023-05-25,,799,UK
4408,Basic,2023-12-06,,399,India
4409,Basic,2023-09-07,,,Australia
4410,Standard,2023-12-09,2023-06-24,199,Australia
4411,Basic,2023-12-20,,399,US
4412,Basic,2023-03-16,,399,India
4413,Standard,2023-10-17,,799,Australia
4414,Standard,2023-10-09,,799,
4415,Basic,2023-03-07,2024-03-21,,Australia
4416,Standard,2023-05-05,2023-07-03,399,US
4417,Basic,2023-11-15,,799,Germany
4418,Basic,2023-03-28,,199,Germany
4419,Basic,2023-02-10,,199,India
4420,Basic,2023-07-05,,199,UK
4421,Basic,2023-12-20,,799,US
4422,,2023-12-01,,,US
4423,Standard,2023-09-23,2023-05-31,199,Australia
4424,Standard,2023-09-28,,199,
4425,Basic,2023-02-11,,799,Australia
4426,Basic,2023-04-03,2023-06-03,399,
4427,Basic,2023-07-04,,,US
4428,Basic,2023-08-03,,199,UK
4429,Basic,2023-01-17,,199,Germany
4430,Premium,2023-09-22,2023-06-29,399,India
4431,Standard,2023-04-24,,199,
4432,Standard,2023-10-19,2024-03-02,199,Germany
4433,Standard,2023-10-19,2024-02-15,199,India
4434,Premium,2023-02-17,,199,UK
4435,Basic,2023-11-03,,199,US
4436,Basic,2023-04-07,,,UK
4437,Basic,2023-04-05,,199,
4438,Premium,2023-11-22,,199,US
4439,,2023-03-15,,799,Australia
4440,Basic,2023-12-02,,399,India
4441,Premium,2023-03-09,,399,Australia
4442,Premium,2023-09-03,,399,US
4443,Basic,2023-03-18,,799,India
4444,Basic,2023-07-27,2023-10-25,799,India
4445,Basic,2023-09-11,,399,Australia
4446,,2023-08-09,,799,India
4447,Basic,2023-09-19,,399,US
4448,Premium,2023-11-27,,199,
4449,Basic,2023-12-10,2023-12-23,799,
4450,Standard,2023-09-16,,399,US
4451,Basic,2023-11-04,,799,Australia
4452,Standard,2023-03-15,2023-01-31,199,UK
4453,Premium,2023-05-05,,199,US
4454,Premium,2023-07-07,,799,
4455,Premium,2023-09-11,,199,US
4456,Basic,2023-11-17,,799,India
4457,Standard,2023-11-04,,,India
4458,Basic,2023-08-23,,799,US
4459,Basic,2023-09-07,,399,Australia
4460,Standard,2023-11-28,,399,UK
4461,Basic,2023-12-11,,799,India
4462,Standard,2023-03-13,,799,
4463,,2023-08-23,,399,India
4464,Basic,2023-11-20,,,
4465,Standard,2023-06-05,,399,UK
4466,Basic,2023-04-25,,,India
4467,Basic,2023-11-09,,199,Australia
4468,Basic,2023-08-16,2023-07-10,199,
4469,Premium,2023-11-18,2023-10-01,399,India
4470,Premium,2023-12-12,2024-02-09,199,India
4471,Premium,2023-09-02,2024-03-03,799,US
4472,,2023-11-02,,199,Australia
4473,Basic,2023-01-14,2023-10-08,,Australia
4474,Basic,2023-01-16,,199,US
4475,Standard,2023-02-11,2024-02-01,199,
4476,Standard,2023-04-20,,199,Germany
4477,Basic,2023-10-05,,399,UK
4478,Basic,2023-11-20,2023-04-04,199,Australia
4479,Standard,2023-01-19,,199,Germany
4480,Standard,2023-03-07,2023-11-25,399,
4481,Basic,2023-06-16,,199,UK
4482,Standard,2023-03-14,,199,Australia
4483,Standard,2023-11-06,,799,India
4484,Standard,2023-04-22,2023-10-05,199,Australia
4485,Basic,2023-10-01,,199,UK
4486,Standard,2023-03-26,,199,Germany
4487,Basic,2023-05-19,,199,India
4488,Basic,2023-02-08,,399,UK
4489,Premium,2023-04-15,,199,
4490,Standard,2023-11-20,,799,UK
4491,Basic,2023-10-08,2023-11-23,799,Australia
4492,Standard,2023-05-03,2023-05-25,199,
4493,Standard,2023-08-06,,,US
4494,Premium,2023-03-02,2023-11-21,199,US
4495,Standard,2023-04-10,2023-01-31,199,India
4496,Standard,2023-11-03,2023-03-12,199,UK
4497,Standard,2023-12-20,,199,Germany
4498,Basic,2023-07-23,,399,India
4499,Basic,2023-09-15,,199,
4500,Basic,2023-01-05,2023-07-22,799,India
4501,Standard,2023-07-16,,399,Australia
4502,Standard,2023-06-29,,199,
4503,Basic,2023-12-08,,399,Germany
4504,Basic,2023-05-13,,799,UK
4505,Standard,2023-11-20,,199,
4506,Basic,2023-09-10,,199,UK
4507,Standard,2023-09-22,2023-04-28,399,UK
4508,Basic,2023-04-03,2023-05-08,399,India
4509,Standard,2023-05-30,2023-04-28,399,Australia
4510,Premium,2023-05-18,,199,India
4511,Basic,2023-07-27,2023-10-08,399,US
4512,Standard,2023-05-05,,399,US
4513,Basic,2023-08-22,2023-12-31,399,UK
4514,Standard,2023-03-02,,199,Australia
4515,Standard,2023-11-03,,399,
4516,Basic,2023-09-23,,199,UK
4517,Standard,2023-05-14,,399,
4518,Premium,2023-11-14,2023-06-20,799,UK
4519,Basic,2023-04-23,,399,India
4520,Basic,2023-07-10,2023-04-11,199,UK
4521,Premium,2023-07-06,,199,UK
4522,Standard,2023-11-15,,799,Australia
4523,Premium,2023-03-30,2023-06-16,799,Australia
4524,Standard,2023-07-06,2023-05-09,399,
4525,Premium,2023-11-03,,199,Australia
4526,Basic,2023-05-12,,399,UK
4527,Standard,2023-12-26,,399,Australia
4528,Premium,2023-05-03,,,Australia
4529,Standard,2023-02-17,,399,Germany
4530,Basic,2023-10-15,2023-06-30,399,Germany
4531,Basic,2023-06-28,,399,US
4532,Basic,2023-06-29,2023-07-24,199,India
4533,Basic,2023-04-09,,799,India
4534,Basic,2023-11-26,,399,Australia
4535,Standard,2023-02-03,2023-07-16,,US
4536,Standard,2023-03-11,,399,US
4537,Basic,2023-06-20,,199,
4538,Standard,2023-09-29,,399,Germany
4539,Basic,2023-02-28,2024-01-08,199,US
4540,Basic,2023-06-30,2024-03-15,199,UK
4541,Basic,2023-01-19,,199,
4542,Standard,2023-08-14,,399,Australia
4543,Basic,2023-04-05,,399,UK
4544,Basic,2023-10-24,2023-10-14,199,India
4545,Basic,2023-03-22,,399,Germany
4546,Premium,2023-06-24,,199,UK
4547,Basic,2023-08-10,,799,Australia
4548,Standard,2023-04-13,,399,UK
4549,Standard,2023-02-23,,399,UK
4550,Premium,2023-07-02,,199,US
4551,Premium,2023-12-17,,799,Germany
4552,Basic,2023-11-14,,399,India
4553,Basic,2023-12-21,,799,Australia
4554,Premium,2023-12-15,,199,
4555,Standard,2023-11-17,,199,
4556,Standard,2023-03-09,2024-03-03,399,Australia
4557,Standard,2023-01-28,2023-09-11,199,India
4558,Standard,2023-10-01,2024-02-02,199,Australia
4559,Premium,2023-10-09,2023-12-26,799,US
4560,,2023-12-26,2023-04-05,199,
4561,Standard,2023-11-07,,,
4562,Basic,2023-04-29,,199,UK
4563,Premium,2023-05-14,,399,US
4564,Basic,2023-05-09,2023-04-09,399,
4565,Basic,2023-01-08,2023-04-07,399,US
4566,Premium,2023-02-20,,,US
4567,Basic,2023-12-07,,199,India
4568,Basic,2023-10-08,,799,
4569,Basic,2023-06-24,,399,Germany
4570,Premium,2023-07-02,,199,India
4571,Standard,2023-07-11,,799,India
4572,Standard,2023-09-06,,199,US
4573,Basic,2023-08-23,,799,Germany
4574,Premium,2023-03-24,,199,India
4575,Premium,2023-04-03,,799,Germany
4576,Basic,2023-11-08,,399,
4577,Basic,2023-09-25,2023-03-21,199,US
4578,Basic,2023-04-30,,399,India
4579,,2023-03-12,,199,Germany
4580,Standard,2023-01-17,,199,Australia
4581,Premium,2023-09-10,,199,India
4582,Basic,2023-05-02,,199,India
4583,Premium,2023-01-10,,199,India
4584,Premium,2023-10-14,,399,Germany
4585,Standard,2023-11-12,2023-12-10,399,UK
4586,,2023-11-22,,399,
4587,Basic,2023-09-30,2023-12-05,199,India
4588,Basic,2023-11-02,2023-05-01,399,Australia
4589,Standard,2023-10-20,,399,Australia
4590,Standard,2023-07-29,2023-05-25,199,US
4591,Standard,2023-08-06,,799,UK
4592,Basic,2023-08-29,2024-02-08,399,UK
4593,Standard,2023-07-19,2023-03-28,399,Germany
4594,Basic,2023-08-04,,199,US
4595,Basic,2023-07-24,,199,Germany
4596,Standard,2023-08-04,,799,US
4597,Standard,2023-03-21,,799,
4598,Basic,2023-09-24,,199,UK
4599,Basic,2023-02-04,,199,
4600,Basic,2023-10-16,,399,Germany
4601,Basic,2023-01-18,,399,US
4602,Premium,2023-06-14,,799,UK
4603,Premium,2023-01-13,2024-01-07,199,UK
4604,Basic,2023-07-21,,199,India
4605,Premium,2023-08-17,,199,Germany
4606,Premium,2023-12-12,,199,India
4607,Premium,2023-01-01,,199,UK
4608,Basic,2023-11-15,,799,Germany
4609,,2023-08-05,,399,Germany
4610,Basic,2023-02-03,,799,
4611,Basic,2023-12-25,2023-02-17,199,Australia
4612,Basic,2023-09-23,2023-10-29,199,US
4613,Standard,2023-05-08,,199,Australia
4614,Basic,2023-07-31,,199,Australia
4615,Basic,2023-09-20,2023-06-09,799,UK
4616,Basic,2023-11-08,2023-10-26,199,
4617,Premium,2023-03-21,,199,US
4618,Premium,2023-06-14,,199,Australia
4619,Basic,2023-09-09,,199,Australia
4620,Premium,2023-01-12,,799,Germany
4621,Premium,2023-10-31,2023-04-20,199,UK
4622,Premium,2023-07-31,,399,Australia
4623,Basic,2023-10-09,2023-11-25,399,US
4624,Standard,2023-04-22,2023-12-06,199,India
4625,Premium,2023-07-30,,199,India
4626,Standard,2023-08-27,,799,UK
4627,Basic,2023-09-25,2023-08-20,399,India
4628,Standard,2023-10-25,2023-09-12,199,Germany
4629,Standard,2023-11-13,,199,Germany
4630,Standard,2023-02-27,,199,US
4631,Basic,2023-02-03,2023-07-08,199,
4632,Basic,2023-09-20,,199,UK
4633,Premium,2023-12-31,2023-08-22,199,UK
4634,Premium,2023-02-04,,199,India
4635,Basic,2023-09-28,,199,Australia
4636,,2023-08-15,,199,Australia
4637,Basic,2023-01-25,,799,
4638,Standard,2023-08-22,,399,Australia
4639,Premium,2023-02-28,,799,
4640,Premium,2023-09-08,2023-06-16,199,US
4641,Premium,2023-12-01,2023-04-13,399,UK
4642,Basic,2023-03-27,,199,India
4643,Premium,2023-09-08,2023-03-19,399,US
4644,Basic,2023-06-29,,199,Germany
4645,Standard,2023-07-26,,199,Germany
4646,Standard,2023-12-10,,799,Germany
4647,Standard,2023-05-29,,399,
4648,Basic,2023-03-12,,799,
4649,Premium,2023-05-01,,199,UK
4650,Basic,2023-09-10,2023-02-17,199,Germany
4651,Basic,2023-04-03,,199,
4652,Standard,2023-09-13,2023-10-24,399,
4653,Standard,2023-09-11,2024-01-05,399,Australia
4654,Premium,2023-12-18,,799,
4655,Basic,2023-10-15,2023-02-18,199,Germany
4656,Basic,2023-11-05,2023-05-10,399,US
4657,Premium,2023-02-28,2023-05-26,199,Germany
4658,Standard,2023-03-10,,199,Australia
4659,Basic,2023-03-27,,399,Germany
4660,Standard,2023-10-01,2024-01-11,399,India
4661,Standard,2023-08-15,,199,Australia
4662,Standard,2023-03-22,2023-04-14,199,UK
4663,Standard,2023-04-24,,199,Germany
4664,Premium,2023-07-03,,199,
4665,Premium,2023-10-07,,199,US
4666,Standard,2023-11-18,,199,Germany
4667,Basic,2023-11-14,,199,US
4668,Premium,2023-02-23,2023-11-06,,India
4669,Standard,2023-07-16,,799,UK
4670,Standard,2023-10-20,2023-10-26,399,
4671,Basic,2023-10-20,,,Australia
4672,Premium,2023-10-18,2023-06-04,399,Australia
4673,Standard,2023-06-29,,199,UK
4674,Basic,2023-08-10,2023-05-26,199,India
4675,Basic,2023-10-01,2023-07-23,799,India
4676,Premium,2023-09-01,,399,Germany
4677,Basic,2023-06-03,,799,India
4678,,2023-10-31,,799,Germany
4679,Standard,2023-09-30,,199,US
4680,Standard,2023-05-15,,199,UK
4681,Basic,2023-11-09,2023-07-30,199,US
4682,Basic,2023-01-08,2023-09-13,199,US
4683,Premium,2023-05-08,2023-07-06,199,US
4684,Basic,2023-02-25,,199,US
4685,Premium,2023-05-06,2023-07-13,199,Australia
4686,Basic,2023-06-08,2023-04-11,199,India
4687,Basic,2023-02-28,2023-09-09,199,UK
4688,Basic,2023-02-27,2023-06-05,199,UK
4689,Standard,2023-05-20,,399,
4690,,2023-06-25,2023-06-24,199,US
4691,Basic,2023-04-18,,399,UK
4692,Basic,2023-07-30,,799,Germany
4693,Basic,2023-03-15,,199,UK
4694,Standard,2023-06-16,2023-07-25,199,US
4695,Basic,2023-12-23,,799,UK
4696,Premium,2023-10-31,2023-07-01,399,India
4697,Standard,2023-08-21,,799,US
4698,Standard,2023-11-23,2023-07-31,199,Australia
4699,Basic,2023-07-01,,799,India
4700,,2023-05-02,,799,UK
4701,Basic,2023-11-30,,399,Australia
4702,Basic,2023-07-22,,199,
4703,Standard,2023-01-29,,799,India
4704,Standard,2023-07-21,,799,
4705,Basic,2023-04-03,2024-02-09,799,Germany
4706,Basic,2023-11-25,,199,India
4707,Premium,2023-12-22,,799,Australia
4708,Basic,2023-06-25,,199,
4709,Premium,2023-11-26,2024-01-12,199,Germany
4710,Standard,2023-07-30,,399,
4711,Basic,2023-07-03,2023-04-25,199,UK
4712,Standard,2023-04-05,2024-01-29,399,US
4713,Basic,2023-09-30,2024-02-17,399,
4714,Premium,2023-05-17,2023-05-31,199,UK
4715,Standard,2023-08-25,,399,US
4716,Basic,2023-12-19,,799,US
4717,Standard,2023-09-22,2023-06-08,199,Australia
4718,,2023-05-15,,399,Germany
4719,Basic,2023-05-24,,199,Germany
4720,Premium,2023-01-19,,399,India
4721,Basic,2023-08-19,,199,UK
4722,Basic,2023-05-14,,199,Australia
4723,Basic,2023-04-24,2023-02-05,199,
4724,Basic,2023-05-19,,,UK
4725,Basic,2023-05-05,,399,
4726,Basic,2023-07-23,,399,
4727,Premium,2023-03-02,,199,
4728,Premium,2023-09-07,,399,India
4729,Standard,2023-10-25,,199,India
4730,Basic,2023-01-13,2023-12-30,199,Australia
4731,Basic,2023-09-12,2023-08-01,399,India
4732,Basic,2023-03-26,,199,Australia
4733,Standard,2023-01-20,,199,India
4734,Premium,2023-02-19,,399,Germany
4735,Basic,2023-06-13,,799,Australia
4736,Basic,2023-04-02,,199,Germany
4737,Standard,2023-03-29,,199,Germany
4738,Basic,2023-03-10,,199,Australia
4739,Basic,2023-02-06,2023-03-09,,UK
4740,Standard,2023-09-10,,799,US
4741,Standard,2023-09-09,,399,India
4742,Basic,2023-05-20,2024-03-22,799,
4743,Basic,2023-12-21,2023-05-26,199,India
4744,,2023-06-17,,,
4745,Basic,2023-02-23,2023-05-12,199,UK
4746,Basic,2023-06-27,,199,US
4747,Basic,2023-10-24,,399,UK
4748,Basic,2023-10-28,,199,US
4749,Basic,2023-12-25,,399,Australia
4750,Premium,2023-04-16,,199,Australia
4751,Basic,2023-05-17,,399,
4752,Basic,2023-07-09,,199,Germany
4753,Standard,2023-05-08,,199,Germany
4754,Standard,2023-12-08,,799,
4755,Premium,2023-02-16,,799,Australia
4756,Premium,2023-01-05,2023-02-07,,
4757,Basic,2023-09-14,,399,Germany
4758,Premium,2023-10-27,,399,
4759,Standard,2023-05-30,2023-09-05,399,Australia
4760,,2023-10-21,2023-08-25,199,UK
4761,Standard,2023-08-31,2023-04-18,199,India
4762,,2023-10-02,,199,Australia
4763,Premium,2023-07-27,,799,
4764,Basic,2023-04-25,2024-02-02,199,Australia
4765,Standard,2023-07-14,,799,Australia
4766,,2023-12-09,,399,Germany
4767,Premium,2023-06-19,2024-03-09,399,
4768,Basic,2023-03-23,,199,Germany
4769,Standard,2023-06-03,,199,
4770,Basic,2023-05-21,,,Germany
4771,Basic,2023-11-10,2023-03-26,199,Germany
4772,Basic,2023-05-26,2023-11-30,199,UK
4773,Basic,2023-11-19,2023-09-15,199,Australia
4774,Premium,2023-05-02,,199,UK
4775,Basic,2023-09-09,,199,Germany
4776,Premium,2023-12-09,,399,UK
4777,Basic,2023-11-07,,399,Australia
4778,Basic,2023-03-30,2023-04-28,399,Australia
4779,Basic,2023-02-27,,199,Germany
4780,Basic,2023-03-04,,799,Australia
4781,Basic,2023-12-13,,799,UK
4782,Basic,2023-11-04,,199,US
4783,Standard,2023-10-07,,199,Australia
4784,Basic,2023-03-13,2023-02-09,199,UK
4785,Basic,2023-01-09,2023-12-04,799,UK
4786,Basic,2023-04-04,2023-11-16,399,UK
4787,Premium,2023-12-05,2023-07-13,799,Australia
4788,Premium,2023-12-02,,199,US
4789,Standard,2023-06-01,2023-09-26,399,Germany
4790,Basic,2023-12-22,2023-12-13,199,Germany
4791,Basic,2023-02-09,,199,Australia
4792,,2023-12-25,,399,Australia
4793,Basic,2023-03-03,,199,India
4794,Basic,2023-09-11,,399,
4795,Basic,2023-03-10,,399,US
4796,Basic,2023-09-02,,799,UK
4797,Basic,2023-12-31,2023-06-23,199,
4798,Premium,2023-06-19,,799,UK
4799,Basic,2023-06-27,,,
4800,Standard,2023-07-08,,799,Germany
4801,Basic,2023-09-17,2023-12-31,799,
4802,Basic,2023-03-13,,799,Australia
4803,Premium,2023-01-17,2023-02-17,399,US
4804,Basic,2023-12-07,,199,Germany
4805,Premium,2023-02-26,,399,
4806,Standard,2023-08-06,,399,US
4807,Basic,2023-04-17,,,Australia
4808,,2023-10-31,,399,UK
4809,Basic,2023-06-22,,199,India
4810,Premium,2023-08-07,,399,US
4811,Basic,2023-09-04,,,UK
4812,Premium,2023-08-06,2023-04-11,199,US
4813,Basic,2023-01-31,,199,US
4814,Standard,2023-02-16,2023-07-24,399,US
4815,Premium,2023-05-14,,199,Australia
4816,Premium,2023-04-18,,199,Germany
4817,Premium,2023-03-13,,199,US
4818,Premium,2023-11-23,,799,Australia
4819,Premium,2023-04-18,2024-01-07,199,India
4820,Basic,2023-11-05,2023-11-14,199,Germany
4821,Basic,2023-09-29,,799,Australia
4822,Basic,2023-06-20,2023-11-25,,India
4823,Basic,2023-04-26,,,Germany
4824,Basic,2023-11-25,2024-01-04,199,Australia
4825,Standard,2023-03-15,,,India
4826,Basic,2023-09-13,2023-10-05,199,Australia
4827,Standard,2023-03-22,,399,India
4828,Basic,2023-09-25,,399,US
4829,Basic,2023-05-08,,199,US
4830,Standard,2023-11-22,2023-08-11,399,Germany
4831,Premium,2023-08-23,,199,India
4832,Standard,2023-02-10,2024-03-24,799,US
4833,Standard,2023-06-30,,199,Germany
4834,Basic,2023-06-06,,399,UK
4835,Standard,2023-02-28,,199,US
4836,Basic,2023-12-11,,199,US
4837,Basic,2023-09-06,,,
4838,Basic,2023-07-11,,799,Australia
4839,Basic,2023-01-24,,,UK
4840,Basic,2023-03-21,,199,India
4841,,2023-05-14,,199,Germany
4842,,2023-08-01,,399,UK
4843,Basic,2023-12-14,2023-12-21,399,India
4844,Basic,2023-06-15,,199,US
4845,Basic,2023-12-14,,399,
4846,Basic,2023-12-03,2023-12-02,199,Germany
4847,Premium,2023-03-12,2023-10-25,199,Germany
4848,Basic,2023-08-02,,199,UK
4849,Premium,2023-03-06,,399,Australia
4850,Basic,2023-08-09,,399,India
4851,,2023-11-04,,399,
4852,Basic,2023-10-13,,399,
4853,Premium,2023-07-04,,199,UK
4854,Basic,2023-07-26,,799,Australia
4855,Standard,2023-04-09,,799,Australia
4856,Basic,2023-08-30,2023-08-22,399,Australia
4857,Basic,2023-06-07,,199,Germany
4858,Premium,2023-04-08,2024-01-06,399,India
4859,Premium,2023-02-11,,399,India
4860,Premium,2023-05-19,,,UK
4861,Standard,2023-10-10,2023-06-02,,US
4862,Premium,2023-08-15,,799,UK
4863,Basic,2023-03-13,,199,India
4864,Basic,2023-08-31,,,Germany
4865,Basic,2023-01-18,,399,UK
4866,Standard,2023-03-18,,799,US
4867,Basic,2023-02-14,,199,
4868,Basic,2023-12-09,,199,UK
4869,Standard,2023-05-20,,399,Australia
4870,Premium,2023-06-26,,199,US
4871,Basic,2023-08-10,,199,Australia
4872,Basic,2023-04-02,2023-03-29,799,Germany
4873,Basic,2023-01-22,,199,India
4874,Basic,2023-06-21,,199,UK
4875,Basic,2023-04-02,,199,UK
4876,Standard,2023-07-11,,199,Australia
4877,Standard,2023-03-18,,,Australia
4878,Standard,2023-10-08,2024-01-04,199,India
4879,Basic,2023-12-30,,199,UK
4880,Premium,2023-06-28,,799,India
4881,Basic,2023-08-26,,799,Australia
4882,Standard,2023-05-15,2023-08-19,199,
4883,Premium,2023-12-31,,799,Australia
4884,Basic,2023-10-07,,399,US
4885,Basic,2023-01-19,2023-05-22,799,Australia
4886,Premium,2023-03-24,,399,Australia
4887,Basic,2023-08-16,2023-06-07,,
4888,Standard,2023-09-22,,199,India
4889,Basic,2023-04-22,,199,US
4890,Standard,2023-09-08,2023-03-07,199,US
4891,Basic,2023-06-13,2023-09-21,199,UK
4892,Basic,2023-12-24,,799,
4893,Standard,2023-06-17,,399,Germany
4894,Basic,2023-08-09,,199,UK
4895,Basic,2023-10-31,,199,UK
4896,Basic,2023-07-10,,199,UK
4897,Basic,2023-11-21,2023-12-06,,US
4898,Basic,2023-06-19,,399,India
4899,Basic,2023-02-14,,399,Australia
4900,Premium,2023-01-14,,399,US
4901,Basic,2023-08-19,,799,Australia
4902,Standard,2023-06-06,2023-03-18,399,Australia
4903,Basic,2023-05-14,2023-05-25,199,Germany
4904,Basic,2023-02-06,,799,UK
4905,Premium,2023-02-22,,399,Germany
4906,Basic,2023-01-18,,399,UK
4907,,2023-02-07,,,US
4908,Basic,2023-07-06,,799,Australia
4909,Standard,2023-07-15,,799,Germany
4910,Standard,2023-08-31,,,
4911,Premium,2023-10-27,2024-03-21,199,US
4912,Standard,2023-10-30,2023-10-12,399,US
4913,Standard,2023-02-04,,399,
4914,Basic,2023-08-03,,199,UK
4915,Basic,2023-08-07,,799,Australia
4916,Premium,2023-11-12,,799,UK
4917,Basic,2023-03-31,,399,UK
4918,Basic,2023-11-04,2023-09-10,,US
4919,Premium,2023-09-09,,199,UK
4920,Basic,2023-01-08,2023-06-03,399,India
4921,,2023-09-13,2023-07-09,399,
4922,Standard,2023-12-29,,199,
4923,Standard,2023-07-27,2023-05-06,199,Australia
4924,Premium,2023-05-11,,799,
4925,Basic,2023-08-12,2023-05-17,399,UK
4926,Basic,2023-07-16,2023-05-30,799,UK
4927,Standard,2023-05-22,,399,Germany
4928,Basic,2023-09-09,,199,Australia
4929,Standard,2023-04-06,2023-05-11,199,Australia
4930,Premium,2023-01-26,2023-05-13,199,
4931,Basic,2023-04-21,,,UK
4932,Basic,2023-05-03,,199,India
4933,,2023-07-05,,,Germany
4934,Basic,2023-06-17,,,India
4935,Standard,2023-02-20,2023-07-15,,UK
4936,Basic,2023-01-05,,399,Australia
4937,Premium,2023-03-18,,,Australia
4938,Standard,2023-06-09,,199,India
4939,Premium,2023-07-27,2024-03-19,199,US
4940,Premium,2023-09-14,,199,UK
4941,Basic,2023-07-24,2023-08-04,799,Australia
4942,Basic,2023-09-12,2023-03-03,199,
4943,Premium,2023-01-11,2023-04-06,399,US
4944,Basic,2023-01-08,2023-07-28,199,Australia
4945,Premium,2023-02-01,,199,
4946,Premium,2023-01-28,,199,Australia
4947,Standard,2023-07-25,2023-10-24,799,US
4948,Standard,2023-08-16,,399,India
4949,Premium,2023-05-08,,799,UK
4950,Premium,2023-09-12,,399,US
4951,Basic,2023-07-31,,,US
4952,Basic,2023-08-27,2024-03-09,399,Australia
4953,Basic,2023-07-26,,399,
4954,Standard,2023-11-14,,399,US
4955,Standard,2023-10-10,,399,UK
4956,Standard,2023-09-02,,799,India
4957,Basic,2023-02-14,,399,
4958,Standard,2023-04-15,,799,India
4959,Basic,2023-12-14,2023-03-08,799,India
4960,Standard,2023-10-08,,199,UK
4961,Standard,2023-08-22,2023-08-19,399,Australia
4962,Basic,2023-07-08,,199,
4963,Basic,2023-02-13,2024-01-23,399,
4964,Standard,2023-08-13,,399,UK
4965,Standard,2023-05-22,,,
4966,Basic,2023-05-16,,199,US
4967,,2023-06-25,,199,Germany
4968,Standard,2023-05-22,,199,Germany
4969,,2023-03-21,,199,Germany
4970,Basic,2023-03-23,,799,India
4971,Standard,2023-05-15,,799,
4972,Premium,2023-07-26,,399,UK
4973,Standard,2023-12-10,,799,
4974,Standard,2023-06-26,,199,UK
4975,Basic,2023-08-31,2023-03-20,199,
4976,Basic,2023-02-24,,199,India
4977,Basic,2023-05-21,,799,US
4978,Basic,2023-02-25,,399,Germany
4979,Basic,2023-01-15,,399,Germany
4980,Basic,2023-07-04,2023-11-01,199,
4981,,2023-11-10,,199,India
4982,Basic,2023-03-29,,,Germany
4983,Standard,2023-04-07,,199,
4984,Premium,2023-05-24,2023-07-17,799,Australia
4985,Standard,2023-01-08,,199,
4986,Basic,2023-08-03,,199,UK
4987,Standard,2023-06-22,2023-10-20,399,Germany
4988,Standard,2023-08-11,2023-06-12,199,Germany
4989,Standard,2023-02-09,,399,Australia
4990,Premium,2023-07-01,2023-11-24,399,US
4991,,2023-09-27,,399,
4992,Standard,2023-07-06,2024-01-09,799,US
4993,Basic,2023-09-02,,399,
4994,Standard,2023-11-05,,199,Australia
4995,Basic,2023-08-19,,399,US
4996,Premium,2023-06-04,,399,India
4997,Basic,2023-06-24,,199,Australia
4998,Basic,2023-12-02,,799,
4999,Premium,2023-04-25,2023-07-25,399,UK
5000,Standard,2023-11-07,,799,UK
