user_id,plan,signup_date,churn_date,monthly_fee,country,is_churned,customer_lifetime_days
1,Basic,2023-09-19,,399.0,India,0,866
2,Premium,2023-12-27,,199.0,Unknown,0,767
3,Basic,2023-06-25,,199.0,Australia,0,952
4,Standard,2023-12-10,,199.0,Germany,0,784
5,Unknown,2023-11-03,,199.0,Germany,0,821
6,Standard,2023-11-20,2024-02-04,199.0,India,1,76
7,Standard,2023-08-21,,799.0,Unknown,0,895
8,Basic,2023-06-07,,199.0,Germany,0,970
9,Basic,2023-12-23,,399.0,Unknown,0,771
10,Standard,2023-05-06,2024-02-04,399.0,UK,1,274
11,Standard,2023-02-11,,399.0,Australia,0,1086
12,Premium,2023-09-18,,799.0,US,0,867
13,Basic,2023-05-29,,199.0,Australia,0,979
14,Basic,2023-09-13,,199.0,Unknown,0,872
15,Basic,2023-07-08,,199.0,Australia,0,939
16,Premium,2023-07-17,2023-11-20,199.0,US,1,126
17,Basic,2023-11-05,,399.0,Unknown,0,819
18,Standard,2023-09-14,,799.0,India,0,871
19,Premium,2023-07-05,2023-10-01,399.0,Germany,1,88
20,Basic,2023-02-01,,799.0,Australia,0,1096
21,Standard,2023-07-08,,399.0,Australia,0,939
22,Unknown,2023-11-03,,799.0,Australia,0,821
23,Basic,2023-05-18,,199.0,Australia,0,990
24,Standard,2023-10-17,,199.0,Unknown,0,838
25,Premium,2023-09-18,,199.0,Australia,0,867
26,Basic,2023-10-07,2023-11-01,399.0,US,1,25
27,Standard,2023-10-14,,399.0,Germany,0,841
28,Premium,2023-08-12,,799.0,Australia,0,904
29,Standard,2023-10-04,,399.0,Unknown,0,851
30,Standard,2023-06-17,,399.0,UK,0,960
31,Basic,2023-11-17,,199.0,India,0,807
32,Standard,2023-10-24,,799.0,Unknown,0,831
33,Basic,2023-11-10,,199.0,Unknown,0,814
34,Standard,2023-01-27,,799.0,US,0,1101
35,Basic,2023-03-15,2023-11-04,799.0,Unknown,1,234
36,Premium,2023-06-20,,799.0,Unknown,0,957
37,Premium,2023-07-05,2024-03-14,399.0,India,1,253
38,Basic,2023-11-29,,399.0,India,0,795
39,Standard,2023-08-14,,799.0,Unknown,0,902
40,Basic,2023-09-30,2023-10-29,399.0,UK,1,29
41,Standard,2023-01-03,,799.0,UK,0,1125
42,Basic,2023-10-29,,199.0,UK,0,826
43,Standard,2023-11-15,,399.0,UK,0,809
44,Basic,2023-10-08,,399.0,India,0,847
45,Standard,2023-01-26,,399.0,Australia,0,1102
46,Standard,2023-11-30,,399.0,US,0,794
47,Basic,2023-01-02,,199.0,India,0,1126
48,Premium,2023-06-18,,199.0,Australia,0,959
49,Basic,2023-08-24,,399.0,Unknown,0,892
50,Standard,2023-05-27,,399.0,US,0,981
51,Basic,2023-06-29,,399.0,India,0,948
52,Basic,2023-03-24,,799.0,Germany,0,1045
53,Standard,2023-03-25,,399.0,Germany,0,1044
54,Standard,2023-02-04,,399.0,Unknown,0,1093
55,Basic,2023-02-23,2023-03-15,199.0,Australia,1,20
56,Basic,2023-12-23,,399.0,Australia,0,771
57,Basic,2023-09-10,2023-11-04,199.0,Germany,1,55
58,Standard,2023-04-20,,399.0,Germany,0,1018
59,Standard,2023-06-24,,199.0,Australia,0,953
60,Standard,2023-11-19,,399.0,Unknown,0,805
61,Unknown,2023-12-15,2024-03-09,399.0,US,1,85
62,Standard,2023-01-17,2024-02-02,199.0,India,1,381
63,Basic,2023-09-23,,399.0,UK,0,862
64,Basic,2023-10-17,,199.0,Germany,0,838
65,Standard,2023-04-30,,199.0,India,0,1008
66,Basic,2023-11-13,,199.0,Germany,0,811
67,Unknown,2023-01-13,,799.0,Unknown,0,1115
68,Premium,2023-05-20,2023-12-09,199.0,Australia,1,203
69,Premium,2023-04-23,,199.0,Australia,0,1015
70,Standard,2023-03-19,,199.0,US,0,1050
71,Premium,2023-12-01,,199.0,Australia,0,793
72,Basic,2023-03-13,,799.0,Australia,0,1056
73,Basic,2023-12-17,,799.0,India,0,777
74,Standard,2023-12-25,,399.0,Australia,0,769
75,Standard,2023-11-03,,799.0,US,0,821
76,Standard,2023-07-18,,399.0,Australia,0,929
77,Basic,2023-03-28,,199.0,Australia,0,1041
78,Basic,2023-03-10,,199.0,UK,0,1059
79,Basic,2023-10-05,,399.0,Germany,0,850
80,Basic,2023-10-07,2024-03-14,799.0,US,1,159
81,Basic,2023-08-23,,399.0,Australia,0,893
82,Basic,2023-03-03,2023-04-03,199.0,Australia,1,31
83,Basic,2023-10-12,,199.0,India,0,843
84,Premium,2023-11-29,,199.0,US,0,795
85,Premium,2023-12-03,,199.0,India,0,791
86,Standard,2023-04-07,2023-08-26,199.0,Germany,1,141
87,Standard,2023-12-21,,199.0,UK,0,773
88,Premium,2023-08-27,,199.0,India,0,889
89,Premium,2023-02-09,,199.0,Germany,0,1088
90,Standard,2023-08-05,,399.0,Unknown,0,911
91,Premium,2023-11-25,,199.0,Australia,0,799
92,Premium,2023-12-11,,399.0,Australia,0,783
93,Basic,2023-03-17,,799.0,UK,0,1052
94,Premium,2023-09-28,,799.0,UK,0,857
95,Basic,2023-02-25,,799.0,Unknown,0,1072
96,Standard,2023-05-27,,199.0,Unknown,0,981
97,Premium,2023-12-21,,199.0,India,0,773
98,Standard,2023-05-06,2023-12-01,199.0,Unknown,1,209
99,Basic,2023-01-21,,199.0,Germany,0,1107
100,Standard,2023-03-30,,399.0,India,0,1039
101,Basic,2023-02-25,,399.0,Unknown,0,1072
102,Basic,2023-12-15,,199.0,Germany,0,779
103,Premium,2023-07-28,,399.0,Unknown,0,919
104,Basic,2023-08-03,2023-12-28,799.0,Germany,1,147
105,Standard,2023-09-20,,399.0,Australia,0,865
106,Standard,2023-04-01,,199.0,Australia,0,1037
107,Premium,2023-03-17,,199.0,Germany,0,1052
108,Premium,2023-02-22,2023-02-22,399.0,Australia,1,0
109,Basic,2023-11-12,,399.0,UK,0,812
110,Basic,2023-09-01,2024-03-07,199.0,UK,1,188
111,Standard,2023-03-07,2024-01-03,199.0,US,1,302
112,Basic,2023-05-17,,199.0,Australia,0,991
113,Standard,2023-07-05,,199.0,India,0,942
114,Standard,2023-05-26,,799.0,Unknown,0,982
115,Premium,2023-09-27,,399.0,Unknown,0,858
116,Premium,2023-03-01,,199.0,Germany,0,1068
117,Basic,2023-05-18,,799.0,Australia,0,990
118,Basic,2023-03-23,2024-02-09,199.0,Unknown,1,323
119,Standard,2023-01-02,,399.0,Germany,0,1126
120,Basic,2023-06-18,2024-03-25,799.0,UK,1,281
121,Basic,2023-07-26,,399.0,India,0,921
122,Standard,2023-03-27,2023-12-06,399.0,Australia,1,254
123,Basic,2023-07-24,2024-03-21,799.0,Australia,1,241
124,Premium,2023-01-05,,199.0,Unknown,0,1123
125,Premium,2023-04-03,,199.0,US,0,1035
126,Basic,2023-11-20,,199.0,US,0,804
127,Standard,2023-04-25,2023-12-04,199.0,US,1,223
128,Premium,2023-10-15,,399.0,US,0,840
129,Unknown,2023-11-01,,199.0,Unknown,0,823
130,Basic,2023-10-26,,799.0,UK,0,829
131,Basic,2023-07-10,,799.0,UK,0,937
132,Premium,2023-02-19,,199.0,UK,0,1078
133,Premium,2023-08-22,,199.0,Australia,0,894
134,Basic,2023-12-06,,199.0,India,0,788
135,Basic,2023-06-14,,399.0,US,0,963
136,Standard,2023-09-07,,399.0,Australia,0,878
137,Premium,2023-07-30,,799.0,India,0,917
138,Basic,2023-05-12,,399.0,UK,0,996
139,Standard,2023-04-07,2023-09-08,399.0,UK,1,154
140,Premium,2023-08-21,,199.0,Germany,0,895
141,Standard,2023-02-07,,199.0,Unknown,0,1090
142,Basic,2023-04-10,2024-02-16,799.0,Germany,1,312
143,Basic,2023-12-28,,399.0,Australia,0,766
144,Basic,2023-06-13,,399.0,Germany,0,964
145,Premium,2023-03-15,2023-12-20,199.0,Unknown,1,280
146,Basic,2023-04-04,,399.0,Australia,0,1034
147,Basic,2023-08-22,,399.0,Australia,0,894
148,Basic,2023-07-17,,199.0,Australia,0,930
149,Basic,2023-12-22,,199.0,Unknown,0,772
150,Basic,2023-03-15,,399.0,UK,0,1054
151,Basic,2023-08-20,,399.0,Germany,0,896
152,Standard,2023-10-23,,199.0,Australia,0,832
153,Standard,2023-05-19,,399.0,US,0,989
154,Basic,2023-05-15,,399.0,US,0,993
155,Basic,2023-06-02,2023-11-24,799.0,Australia,1,175
156,Basic,2023-12-03,,799.0,Australia,0,791
157,Standard,2023-09-29,,199.0,US,0,856
158,Premium,2023-08-08,,199.0,Germany,0,908
159,Unknown,2023-06-17,,399.0,Germany,0,960
160,Basic,2023-04-08,,799.0,US,0,1030
161,Basic,2023-08-23,,799.0,Germany,0,893
162,Premium,2023-10-05,,199.0,India,0,850
163,Premium,2023-02-14,,199.0,India,0,1083
164,Standard,2023-12-23,,199.0,Unknown,0,771
165,Premium,2023-05-22,,199.0,UK,0,986
166,Premium,2023-05-18,2024-03-22,399.0,US,1,309
167,Standard,2023-11-18,,399.0,UK,0,806
168,Premium,2023-11-25,,199.0,US,0,799
169,Basic,2023-06-12,2024-03-14,199.0,UK,1,276
170,Basic,2023-12-28,,199.0,Australia,0,766
171,Basic,2023-05-13,,199.0,Australia,0,995
172,Basic,2023-08-25,,399.0,Unknown,0,891
173,Premium,2023-05-04,,399.0,India,0,1004
174,Basic,2023-03-17,,799.0,Germany,0,1052
175,Standard,2023-06-30,2023-07-01,399.0,US,1,1
176,Basic,2023-10-07,,199.0,UK,0,848
177,Basic,2023-07-07,2023-10-15,399.0,US,1,100
178,Basic,2023-07-29,2024-03-05,799.0,Unknown,1,220
179,Basic,2023-10-21,,799.0,Germany,0,834
180,Standard,2023-09-18,2023-10-04,199.0,Unknown,1,16
181,Standard,2023-05-10,,199.0,Germany,0,998
182,Basic,2023-12-14,,199.0,Australia,0,780
183,Standard,2023-03-27,,199.0,India,0,1042
184,Basic,2023-02-07,,799.0,Germany,0,1090
185,Basic,2023-10-14,,399.0,Australia,0,841
186,Basic,2023-08-10,,199.0,India,0,906
187,Basic,2023-07-02,,799.0,India,0,945
188,Basic,2023-09-11,,199.0,Unknown,0,874
189,Premium,2023-09-03,,199.0,UK,0,882
190,Premium,2023-02-10,2023-06-16,199.0,Unknown,1,126
191,Basic,2023-08-24,,199.0,Unknown,0,892
192,Basic,2023-05-10,,399.0,UK,0,998
193,Basic,2023-05-19,,199.0,Australia,0,989
194,Standard,2023-04-02,,399.0,Germany,0,1036
195,Basic,2023-06-24,2024-03-23,799.0,US,1,273
196,Standard,2023-08-12,2024-01-17,799.0,Germany,1,158
197,Premium,2023-01-15,,399.0,Australia,0,1113
198,Basic,2023-02-10,,199.0,India,0,1087
199,Standard,2023-06-16,,199.0,Germany,0,961
200,Standard,2023-10-25,,799.0,Unknown,0,830
201,Premium,2023-02-28,,199.0,Germany,0,1069
202,Basic,2023-04-08,,399.0,Australia,0,1030
203,Standard,2023-04-29,,799.0,US,0,1009
204,Premium,2023-05-08,2024-03-06,799.0,Australia,1,303
205,Standard,2023-04-08,,399.0,US,0,1030
206,Basic,2023-07-11,2023-10-02,199.0,Unknown,1,83
207,Standard,2023-12-16,,399.0,India,0,778
208,Standard,2023-12-09,,199.0,India,0,785
209,Standard,2023-08-12,2023-11-16,799.0,Germany,1,96
210,Basic,2023-07-29,2024-01-17,399.0,UK,1,172
211,Unknown,2023-08-12,,199.0,Germany,0,904
212,Unknown,2023-02-15,,199.0,Germany,0,1082
213,Basic,2023-07-20,,399.0,India,0,927
214,Standard,2023-03-29,,399.0,Australia,0,1040
215,Basic,2023-01-20,,399.0,Unknown,0,1108
216,Unknown,2023-05-26,,399.0,UK,0,982
217,Premium,2023-08-28,,799.0,Australia,0,888
218,Standard,2023-12-28,,399.0,UK,0,766
219,Premium,2023-02-06,,799.0,Australia,0,1091
220,Basic,2023-10-21,2024-03-10,399.0,UK,1,141
221,Basic,2023-01-30,,799.0,US,0,1098
222,Basic,2023-11-30,,799.0,Australia,0,794
223,Standard,2023-12-12,,199.0,Germany,0,782
224,Basic,2023-02-17,,799.0,Australia,0,1080
225,Premium,2023-05-25,,799.0,Australia,0,983
226,Standard,2023-09-23,,799.0,US,0,862
227,Basic,2023-01-07,2023-11-15,399.0,UK,1,312
228,Basic,2023-07-17,,199.0,Australia,0,930
229,Standard,2023-07-13,,399.0,India,0,934
230,Premium,2023-02-07,2023-08-20,199.0,Germany,1,194
231,Standard,2023-12-10,,199.0,UK,0,784
232,Basic,2023-04-05,,199.0,Unknown,0,1033
233,Premium,2023-12-22,,399.0,Germany,0,772
234,Basic,2023-08-23,2023-12-15,199.0,UK,1,114
235,Premium,2023-12-06,,799.0,US,0,788
236,Standard,2023-07-11,2023-12-22,399.0,US,1,164
237,Basic,2023-08-04,,399.0,India,0,912
238,Standard,2023-09-17,,199.0,UK,0,868
239,Standard,2023-01-23,,199.0,Unknown,0,1105
240,Basic,2023-10-20,,799.0,Australia,0,835
241,Premium,2023-08-20,,399.0,Australia,0,896
242,Basic,2023-01-29,,199.0,UK,0,1099
243,Premium,2023-06-26,,799.0,UK,0,951
244,Premium,2023-09-07,2024-01-10,399.0,UK,1,125
245,Basic,2023-02-15,,199.0,UK,0,1082
246,Standard,2023-09-13,,199.0,UK,0,872
247,Basic,2023-07-31,,799.0,Germany,0,916
248,Premium,2023-02-12,2024-03-20,199.0,India,1,402
249,Standard,2023-12-29,,399.0,UK,0,765
250,Standard,2023-10-15,,199.0,US,0,840
251,Premium,2023-11-06,,399.0,Unknown,0,818
252,Basic,2023-08-28,,799.0,Unknown,0,888
253,Standard,2023-07-24,2024-02-04,199.0,Germany,1,195
254,Basic,2023-12-11,,199.0,US,0,783
255,Basic,2023-05-28,,199.0,Germany,0,980
256,Premium,2023-07-06,2024-01-21,199.0,Unknown,1,199
257,Standard,2023-08-20,,199.0,US,0,896
258,Premium,2023-06-14,,199.0,Unknown,0,963
259,Standard,2023-01-19,,199.0,UK,0,1109
260,Basic,2023-07-15,,199.0,UK,0,932
261,Unknown,2023-01-03,,199.0,Unknown,0,1125
262,Basic,2023-01-02,,399.0,Germany,0,1126
263,Basic,2023-11-04,,799.0,Australia,0,820
264,Standard,2023-02-09,,399.0,UK,0,1088
265,Basic,2023-08-15,,399.0,Germany,0,901
266,Basic,2023-11-11,,799.0,India,0,813
267,Premium,2023-10-07,,199.0,Unknown,0,848
268,Basic,2023-12-21,,799.0,Australia,0,773
269,Premium,2023-06-14,2023-07-09,199.0,Australia,1,25
270,Standard,2023-02-14,2023-07-01,799.0,India,1,137
271,Basic,2023-11-26,,799.0,India,0,798
272,Basic,2023-09-07,,199.0,India,0,878
273,Basic,2023-07-16,,199.0,US,0,931
274,Unknown,2023-06-11,,199.0,UK,0,966
275,Basic,2023-01-07,,199.0,India,0,1121
276,Basic,2023-12-02,,199.0,India,0,792
277,Basic,2023-03-22,,799.0,India,0,1047
278,Premium,2023-12-08,,799.0,US,0,786
279,Basic,2023-03-18,,799.0,India,0,1051
280,Premium,2023-02-24,,199.0,India,0,1073
281,Basic,2023-10-18,,799.0,Germany,0,837
282,Unknown,2023-05-03,,199.0,Germany,0,1005
283,Standard,2023-03-11,,199.0,UK,0,1058
284,Basic,2023-08-05,,199.0,Germany,0,911
285,Premium,2023-12-30,,199.0,India,0,764
286,Basic,2023-11-09,,799.0,Germany,0,815
287,Standard,2023-04-07,,399.0,Australia,0,1031
288,Standard,2023-04-05,,199.0,Unknown,0,1033
289,Basic,2023-08-08,,199.0,Unknown,0,908
290,Basic,2023-12-24,,399.0,Unknown,0,770
291,Basic,2023-02-15,2024-01-02,199.0,Unknown,1,321
292,Basic,2023-04-15,2023-07-03,199.0,Australia,1,79
293,Basic,2023-02-11,2023-03-01,399.0,Australia,1,18
294,Basic,2023-04-25,2023-08-15,199.0,Australia,1,112
295,Premium,2023-03-26,2023-12-07,399.0,India,1,256
296,Basic,2023-06-27,,399.0,Unknown,0,950
297,Standard,2023-12-26,,399.0,India,0,768
298,Basic,2023-12-03,,399.0,Australia,0,791
299,Basic,2023-03-22,,199.0,Unknown,0,1047
300,Premium,2023-11-01,,799.0,Unknown,0,823
301,Premium,2023-06-04,,399.0,UK,0,973
302,Standard,2023-10-07,,799.0,Germany,0,848
303,Basic,2023-07-02,,199.0,US,0,945
304,Unknown,2023-11-29,,399.0,UK,0,795
305,Basic,2023-04-15,,399.0,UK,0,1023
306,Basic,2023-09-01,,199.0,Australia,0,884
307,Standard,2023-01-03,,399.0,Unknown,0,1125
308,Premium,2023-07-12,,399.0,UK,0,935
309,Premium,2023-08-15,2024-01-24,799.0,Unknown,1,162
310,Standard,2023-12-11,,199.0,Unknown,0,783
311,Basic,2023-02-28,2023-09-12,399.0,Unknown,1,196
312,Premium,2023-07-06,,799.0,Unknown,0,941
313,Premium,2023-02-11,,799.0,Unknown,0,1086
314,Premium,2023-06-18,,799.0,US,0,959
315,Standard,2023-03-05,,199.0,Australia,0,1064
316,Basic,2023-10-30,,199.0,US,0,825
317,Basic,2023-10-01,,199.0,Germany,0,854
318,Standard,2023-10-18,,199.0,Australia,0,837
319,Standard,2023-10-13,,199.0,Unknown,0,842
320,Premium,2023-03-10,,399.0,India,0,1059
321,Basic,2023-03-23,2023-03-29,399.0,Unknown,1,6
322,Standard,2023-02-09,,199.0,India,0,1088
323,Basic,2023-08-02,,399.0,India,0,914
324,Premium,2023-03-18,,399.0,Germany,0,1051
325,Basic,2023-01-12,2023-10-22,199.0,Unknown,1,283
326,Standard,2023-09-30,,399.0,Australia,0,855
327,Basic,2023-08-11,,199.0,Australia,0,905
328,Basic,2023-04-02,,199.0,India,0,1036
329,Premium,2023-07-27,,199.0,UK,0,920
330,Basic,2023-07-23,,199.0,India,0,924
331,Premium,2023-01-17,,399.0,Australia,0,1111
332,Standard,2023-05-14,,799.0,US,0,994
333,Basic,2023-06-23,,399.0,Germany,0,954
334,Premium,2023-08-09,,199.0,Unknown,0,907
335,Basic,2023-07-30,2023-12-31,199.0,Unknown,1,154
336,Premium,2023-04-01,,199.0,Australia,0,1037
337,Basic,2023-02-22,,199.0,India,0,1075
338,Standard,2023-08-09,,199.0,India,0,907
339,Basic,2023-12-27,,199.0,India,0,767
340,Basic,2023-12-27,,199.0,Unknown,0,767
341,Unknown,2023-03-14,,199.0,Germany,0,1055
342,Standard,2023-09-11,,399.0,UK,0,874
343,Standard,2023-06-16,,199.0,Germany,0,961
344,Standard,2023-02-28,2023-11-08,799.0,Germany,1,253
345,Basic,2023-01-12,,799.0,Germany,0,1116
346,Premium,2023-08-13,,199.0,UK,0,903
347,Premium,2023-11-11,,399.0,Unknown,0,813
348,Basic,2023-07-01,,799.0,Australia,0,946
349,Standard,2023-01-16,,399.0,Unknown,0,1112
350,Basic,2023-08-16,,399.0,Germany,0,900
351,Standard,2023-07-29,,799.0,Germany,0,918
352,Basic,2023-11-16,,199.0,Germany,0,808
353,Standard,2023-11-15,,399.0,Germany,0,809
354,Premium,2023-01-16,,399.0,Germany,0,1112
355,Standard,2023-10-22,,399.0,Germany,0,833
356,Basic,2023-07-23,,399.0,UK,0,924
357,Premium,2023-11-24,,799.0,India,0,800
358,Basic,2023-04-20,,399.0,US,0,1018
359,Premium,2023-05-05,2023-12-21,399.0,Australia,1,230
360,Standard,2023-12-02,,199.0,UK,0,792
361,Basic,2023-09-22,,799.0,Australia,0,863
362,Standard,2023-08-24,,199.0,Unknown,0,892
363,Premium,2023-02-18,,399.0,Unknown,0,1079
364,Standard,2023-06-20,,199.0,India,0,957
365,Unknown,2023-06-07,,399.0,Australia,0,970
366,Basic,2023-05-18,2023-10-15,199.0,Unknown,1,150
367,Basic,2023-11-21,,399.0,Germany,0,803
368,Basic,2023-01-22,,799.0,UK,0,1106
369,Standard,2023-04-07,,199.0,Unknown,0,1031
370,Basic,2023-12-27,,199.0,Australia,0,767
371,Basic,2023-07-13,,199.0,Unknown,0,934
372,Standard,2023-03-04,,199.0,US,0,1065
373,Basic,2023-10-28,,199.0,Australia,0,827
374,Basic,2023-09-27,,199.0,Australia,0,858
375,Standard,2023-02-08,,799.0,India,0,1089
376,Basic,2023-12-19,,199.0,UK,0,775
377,Basic,2023-11-07,,199.0,Unknown,0,817
378,Premium,2023-11-07,,799.0,Unknown,0,817
379,Basic,2023-07-23,,199.0,Australia,0,924
380,Standard,2023-11-26,,799.0,Australia,0,798
381,Standard,2023-12-03,,199.0,India,0,791
382,Basic,2023-01-07,,799.0,Australia,0,1121
383,Standard,2023-01-15,,199.0,UK,0,1113
384,Unknown,2023-07-29,,199.0,UK,0,918
385,Basic,2023-11-23,2024-01-11,399.0,US,1,49
386,Standard,2023-11-08,,199.0,UK,0,816
387,Premium,2023-01-15,,799.0,UK,0,1113
388,Basic,2023-12-10,,399.0,US,0,784
389,Unknown,2023-06-20,,799.0,India,0,957
390,Standard,2023-01-13,,199.0,Australia,0,1115
391,Standard,2023-04-10,,399.0,Unknown,0,1028
392,Standard,2023-01-24,,199.0,India,0,1104
393,Basic,2023-09-30,2024-01-15,199.0,US,1,107
394,Standard,2023-06-27,,199.0,UK,0,950
395,Basic,2023-11-13,,399.0,Unknown,0,811
396,Premium,2023-07-31,,799.0,US,0,916
397,Standard,2023-12-06,,399.0,US,0,788
398,Basic,2023-02-05,,199.0,UK,0,1092
399,Basic,2023-11-18,,399.0,UK,0,806
400,Premium,2023-11-24,,799.0,UK,0,800
401,Premium,2023-10-13,,199.0,Unknown,0,842
402,Standard,2023-09-30,2023-12-02,199.0,India,1,63
403,Basic,2023-04-05,,199.0,Unknown,0,1033
404,Basic,2023-02-18,,799.0,UK,0,1079
405,Unknown,2023-02-21,,199.0,Unknown,0,1076
406,Basic,2023-04-28,2023-06-29,199.0,US,1,62
407,Premium,2023-09-22,,199.0,UK,0,863
408,Premium,2023-01-28,,199.0,US,0,1100
409,Basic,2023-03-30,2024-03-25,199.0,UK,1,361
410,Basic,2023-10-16,,199.0,UK,0,839
411,Standard,2023-08-04,,799.0,India,0,912
412,Premium,2023-05-22,2024-02-22,199.0,Australia,1,276
413,Unknown,2023-10-12,,399.0,UK,0,843
414,Unknown,2023-09-16,,799.0,Unknown,0,869
415,Basic,2023-07-23,,199.0,UK,0,924
416,Basic,2023-06-15,,199.0,Germany,0,962
417,Standard,2023-11-13,,799.0,Unknown,0,811
418,Standard,2023-06-06,2023-09-09,799.0,US,1,95
419,Standard,2023-09-29,,799.0,Germany,0,856
420,Basic,2023-10-08,,399.0,US,0,847
421,Standard,2023-05-21,,399.0,Australia,0,987
422,Premium,2023-12-14,,199.0,US,0,780
423,Premium,2023-11-22,,199.0,UK,0,802
424,Premium,2023-01-10,,399.0,US,0,1118
425,Premium,2023-08-13,,199.0,Germany,0,903
426,Unknown,2023-05-27,,799.0,India,0,981
427,Basic,2023-03-17,,399.0,India,0,1052
428,Premium,2023-12-07,2024-03-14,399.0,UK,1,98
429,Basic,2023-05-20,2023-08-31,399.0,Unknown,1,103
430,Basic,2023-02-14,,399.0,UK,0,1083
431,Standard,2023-05-04,,399.0,UK,0,1004
432,Unknown,2023-12-01,,199.0,Unknown,0,793
433,Standard,2023-07-23,2024-02-07,399.0,US,1,199
434,Basic,2023-03-16,,399.0,UK,0,1053
435,Basic,2023-10-01,,399.0,Germany,0,854
436,Premium,2023-01-07,2023-05-23,799.0,India,1,136
437,Premium,2023-04-26,2023-10-27,399.0,UK,1,184
438,Basic,2023-07-06,2023-10-12,399.0,India,1,98
439,Basic,2023-03-19,2024-03-13,799.0,Unknown,1,360
440,Basic,2023-03-10,2024-02-23,399.0,India,1,350
441,Basic,2023-07-13,,799.0,Unknown,0,934
442,Standard,2023-03-15,,199.0,India,0,1054
443,Basic,2023-02-01,,199.0,UK,0,1096
444,Standard,2023-03-20,,199.0,UK,0,1049
445,Premium,2023-11-14,,399.0,UK,0,810
446,Premium,2023-03-27,2023-05-22,399.0,Australia,1,56
447,Basic,2023-07-21,,399.0,Unknown,0,926
448,Basic,2023-01-21,2024-01-13,399.0,UK,1,357
449,Basic,2023-01-21,,799.0,UK,0,1107
450,Standard,2023-01-05,,199.0,UK,0,1123
451,Basic,2023-09-09,,199.0,India,0,876
452,Basic,2023-08-01,,199.0,Germany,0,915
453,Basic,2023-08-19,,399.0,UK,0,897
454,Basic,2023-11-26,,399.0,Unknown,0,798
455,Premium,2023-09-05,,199.0,Germany,0,880
456,Standard,2023-04-09,,399.0,Unknown,0,1029
457,Basic,2023-04-22,,199.0,Germany,0,1016
458,Standard,2023-05-04,,399.0,US,0,1004
459,Standard,2023-08-05,,399.0,Germany,0,911
460,Standard,2023-06-09,,399.0,UK,0,968
461,Basic,2023-02-16,,799.0,India,0,1081
462,Standard,2023-12-21,,399.0,Unknown,0,773
463,Unknown,2023-01-26,,199.0,Australia,0,1102
464,Premium,2023-04-06,,399.0,Australia,0,1032
465,Premium,2023-03-03,,199.0,US,0,1066
466,Basic,2023-10-16,,399.0,US,0,839
467,Standard,2023-09-21,,199.0,India,0,864
468,Basic,2023-10-01,,199.0,Australia,0,854
469,Basic,2023-09-08,,799.0,India,0,877
470,Basic,2023-07-11,,399.0,India,0,936
471,Basic,2023-03-02,,799.0,US,0,1067
472,Basic,2023-11-13,,399.0,US,0,811
473,Premium,2023-10-19,,399.0,Germany,0,836
474,Standard,2023-04-30,2023-06-29,399.0,US,1,60
475,Standard,2023-10-14,,799.0,US,0,841
476,Basic,2023-04-30,,799.0,Australia,0,1008
477,Basic,2023-06-13,,199.0,Unknown,0,964
478,Basic,2023-05-07,,799.0,India,0,1001
479,Basic,2023-11-29,,199.0,Unknown,0,795
480,Basic,2023-12-27,2024-01-25,199.0,Germany,1,29
481,Unknown,2023-01-01,,399.0,US,0,1127
482,Premium,2023-02-25,,199.0,US,0,1072
483,Basic,2023-07-21,,199.0,US,0,926
484,Basic,2023-05-04,,199.0,India,0,1004
485,Unknown,2023-07-08,,199.0,UK,0,939
486,Standard,2023-02-04,2023-08-22,399.0,UK,1,199
487,Basic,2023-12-19,,399.0,US,0,775
488,Standard,2023-03-24,2024-03-22,199.0,Australia,1,364
489,Basic,2023-10-12,,799.0,Unknown,0,843
490,Standard,2023-05-17,,399.0,UK,0,991
491,Standard,2023-11-25,,399.0,Unknown,0,799
492,Standard,2023-09-18,,399.0,Germany,0,867
493,Premium,2023-01-20,,199.0,India,0,1108
494,Basic,2023-09-16,,399.0,Unknown,0,869
495,Standard,2023-05-07,,199.0,India,0,1001
496,Unknown,2023-02-26,,799.0,Unknown,0,1071
497,Basic,2023-05-13,2023-11-28,199.0,Australia,1,199
498,Standard,2023-01-13,,199.0,US,0,1115
499,Standard,2023-06-17,,199.0,Germany,0,960
500,Basic,2023-09-23,,199.0,Unknown,0,862
501,Unknown,2023-07-03,,399.0,UK,0,944
502,Standard,2023-11-09,,199.0,Germany,0,815
503,Standard,2023-04-01,,199.0,Unknown,0,1037
504,Premium,2023-06-16,2023-11-13,199.0,India,1,150
505,Basic,2023-05-03,,399.0,Unknown,0,1005
506,Premium,2023-03-28,2023-08-09,199.0,Germany,1,134
507,Basic,2023-03-31,,799.0,Australia,0,1038
508,Basic,2023-12-31,,799.0,Australia,0,763
509,Standard,2023-01-08,,199.0,India,0,1120
510,Standard,2023-02-08,,199.0,Germany,0,1089
511,Basic,2023-12-09,,399.0,Germany,0,785
512,Basic,2023-04-02,2024-01-10,199.0,India,1,283
513,Basic,2023-09-29,,399.0,US,0,856
514,Unknown,2023-04-21,,199.0,US,0,1017
515,Premium,2023-01-26,,399.0,UK,0,1102
516,Standard,2023-10-08,,799.0,Unknown,0,847
517,Premium,2023-02-07,2023-07-27,799.0,Germany,1,170
518,Premium,2023-03-25,2023-08-16,799.0,Unknown,1,144
519,Basic,2023-12-28,,199.0,Unknown,0,766
520,Basic,2023-07-06,,399.0,India,0,941
521,Standard,2023-05-08,,399.0,UK,0,1000
522,Basic,2023-05-22,2024-02-03,799.0,UK,1,257
523,Basic,2023-09-19,,799.0,US,0,866
524,Unknown,2023-04-27,,399.0,Germany,0,1011
525,Unknown,2023-06-18,,399.0,UK,0,959
526,Standard,2023-10-20,,199.0,Germany,0,835
527,Standard,2023-08-11,,399.0,India,0,905
528,Standard,2023-09-04,,199.0,Australia,0,881
529,Premium,2023-04-10,,199.0,Australia,0,1028
530,Standard,2023-02-08,,799.0,UK,0,1089
531,Standard,2023-12-10,,199.0,UK,0,784
532,Basic,2023-03-10,,799.0,US,0,1059
533,Basic,2023-05-26,,399.0,UK,0,982
534,Standard,2023-07-30,,199.0,US,0,917
535,Basic,2023-04-26,,399.0,UK,0,1012
536,Basic,2023-11-27,,399.0,Germany,0,797
537,Basic,2023-01-13,,799.0,UK,0,1115
538,Standard,2023-07-02,,799.0,India,0,945
539,Basic,2023-07-02,,199.0,US,0,945
540,Premium,2023-06-11,,199.0,Australia,0,966
541,Standard,2023-01-20,2023-09-05,399.0,US,1,228
542,Standard,2023-12-25,,799.0,UK,0,769
543,Premium,2023-05-28,,399.0,US,0,980
544,Basic,2023-02-26,,199.0,Unknown,0,1071
545,Basic,2023-08-19,,199.0,Unknown,0,897
546,Premium,2023-10-14,,199.0,Unknown,0,841
547,Premium,2023-10-06,,399.0,Germany,0,849
548,Basic,2023-02-16,,399.0,Germany,0,1081
549,Premium,2023-10-03,,799.0,US,0,852
550,Basic,2023-10-15,,199.0,US,0,840
551,Basic,2023-02-05,,399.0,India,0,1092
552,Basic,2023-04-23,,799.0,Unknown,0,1015
553,Basic,2023-01-14,,199.0,Australia,0,1114
554,Basic,2023-12-04,,199.0,Australia,0,790
555,Premium,2023-05-04,,799.0,Unknown,0,1004
556,Basic,2023-08-12,,199.0,US,0,904
557,Basic,2023-03-17,,199.0,US,0,1052
558,Basic,2023-09-21,,199.0,Unknown,0,864
559,Basic,2023-09-29,,199.0,Unknown,0,856
560,Basic,2023-08-21,,399.0,Australia,0,895
561,Basic,2023-10-13,,399.0,India,0,842
562,Standard,2023-07-27,2023-10-02,399.0,Australia,1,67
563,Basic,2023-01-18,,399.0,UK,0,1110
564,Basic,2023-05-13,,399.0,Australia,0,995
565,Basic,2023-06-09,,199.0,US,0,968
566,Standard,2023-02-22,2024-01-20,399.0,UK,1,332
567,Basic,2023-07-26,,399.0,Germany,0,921
568,Basic,2023-06-12,,799.0,US,0,965
569,Standard,2023-02-21,,199.0,UK,0,1076
570,Basic,2023-05-30,,799.0,Unknown,0,978
571,Basic,2023-11-28,,799.0,US,0,796
572,Basic,2023-09-14,2023-10-09,199.0,Australia,1,25
573,Premium,2023-07-02,2023-12-27,399.0,UK,1,178
574,Basic,2023-01-21,,199.0,US,0,1107
575,Unknown,2023-05-30,,399.0,Germany,0,978
576,Basic,2023-01-14,2023-05-05,399.0,Germany,1,111
577,Basic,2023-05-17,,199.0,Germany,0,991
578,Standard,2023-03-25,2023-05-27,399.0,UK,1,63
579,Standard,2023-12-02,,799.0,Germany,0,792
580,Premium,2023-10-01,2023-12-24,199.0,Germany,1,84
581,Basic,2023-12-04,,399.0,Germany,0,790
582,Premium,2023-03-04,,399.0,Germany,0,1065
583,Premium,2023-08-04,,799.0,US,0,912
584,Basic,2023-03-27,,799.0,India,0,1042
585,Standard,2023-07-17,,199.0,Australia,0,930
586,Standard,2023-08-28,,399.0,Germany,0,888
587,Basic,2023-06-15,,199.0,UK,0,962
588,Premium,2023-02-20,,199.0,UK,0,1077
589,Standard,2023-05-09,,199.0,Australia,0,999
590,Premium,2023-12-30,,199.0,Australia,0,764
591,Basic,2023-01-13,,199.0,Unknown,0,1115
592,Standard,2023-09-17,2024-03-13,399.0,India,1,178
593,Basic,2023-06-07,,199.0,US,0,970
594,Basic,2023-10-06,,199.0,UK,0,849
595,Standard,2023-08-26,,799.0,Germany,0,890
596,Unknown,2023-01-13,,799.0,Australia,0,1115
597,Basic,2023-09-28,2023-10-06,399.0,UK,1,8
598,Basic,2023-02-28,,399.0,US,0,1069
599,Basic,2023-12-12,,399.0,UK,0,782
600,Basic,2023-07-12,,199.0,Australia,0,935
601,Premium,2023-06-17,,799.0,Unknown,0,960
602,Basic,2023-11-10,,199.0,UK,0,814
603,Standard,2023-03-16,2023-10-26,199.0,US,1,224
604,Standard,2023-04-25,,199.0,US,0,1013
605,Premium,2023-06-23,,399.0,Unknown,0,954
606,Basic,2023-03-14,,399.0,US,0,1055
607,Basic,2023-09-17,,199.0,India,0,868
608,Standard,2023-11-14,,399.0,Australia,0,810
609,Basic,2023-01-19,2023-06-08,199.0,Australia,1,140
610,Basic,2023-03-10,,399.0,Unknown,0,1059
611,Premium,2023-02-17,,399.0,US,0,1080
612,Standard,2023-02-11,2023-02-27,799.0,Germany,1,16
613,Basic,2023-11-17,,199.0,India,0,807
614,Standard,2023-08-31,,399.0,Australia,0,885
615,Premium,2023-07-13,,399.0,Australia,0,934
616,Premium,2023-09-06,2024-01-02,199.0,Australia,1,118
617,Basic,2023-03-11,,399.0,US,0,1058
618,Premium,2023-01-07,,199.0,India,0,1121
619,Basic,2023-05-23,2023-06-29,199.0,US,1,37
620,Standard,2023-12-01,2024-03-15,399.0,US,1,105
621,Standard,2023-11-06,,199.0,UK,0,818
622,Unknown,2023-08-30,,199.0,Germany,0,886
623,Standard,2023-10-17,,199.0,US,0,838
624,Basic,2023-02-13,,199.0,Australia,0,1084
625,Standard,2023-07-30,2024-01-04,199.0,UK,1,158
626,Basic,2023-11-28,,199.0,US,0,796
627,Premium,2023-03-22,,399.0,Germany,0,1047
628,Basic,2023-05-15,,399.0,US,0,993
629,Basic,2023-02-26,,399.0,Germany,0,1071
630,Standard,2023-11-25,,199.0,Germany,0,799
631,Basic,2023-11-12,2024-03-16,399.0,India,1,125
632,Standard,2023-07-26,,799.0,UK,0,921
633,Standard,2023-11-01,2024-01-06,399.0,India,1,66
634,Standard,2023-07-11,2023-12-09,799.0,India,1,151
635,Premium,2023-02-25,2023-10-20,199.0,Australia,1,237
636,Basic,2023-02-05,,799.0,UK,0,1092
637,Basic,2023-07-28,,199.0,Australia,0,919
638,Basic,2023-09-27,,799.0,India,0,858
639,Basic,2023-09-02,,399.0,UK,0,883
640,Basic,2023-11-11,,799.0,US,0,813
641,Standard,2023-08-19,,399.0,Unknown,0,897
642,Basic,2023-07-16,,399.0,Germany,0,931
643,Basic,2023-02-24,,399.0,Australia,0,1073
644,Premium,2023-08-09,2023-12-07,399.0,Unknown,1,120
645,Premium,2023-08-05,,199.0,Unknown,0,911
646,Basic,2023-12-08,,199.0,Germany,0,786
647,Basic,2023-11-22,,199.0,Germany,0,802
648,Premium,2023-08-22,2023-11-03,399.0,UK,1,73
649,Standard,2023-12-12,,799.0,Germany,0,782
650,Basic,2023-07-01,,399.0,US,0,946
651,Basic,2023-09-21,,399.0,US,0,864
652,Premium,2023-12-25,,199.0,India,0,769
653,Basic,2023-12-29,,399.0,India,0,765
654,Unknown,2023-04-19,,399.0,Australia,0,1019
655,Standard,2023-07-04,,799.0,Australia,0,943
656,Basic,2023-03-05,,399.0,Germany,0,1064
657,Premium,2023-02-19,,199.0,UK,0,1078
658,Basic,2023-06-17,,799.0,Australia,0,960
659,Basic,2023-08-08,,199.0,India,0,908
660,Standard,2023-12-02,,399.0,Australia,0,792
661,Basic,2023-01-30,,399.0,US,0,1098
662,Premium,2023-12-29,,799.0,US,0,765
663,Standard,2023-02-10,,199.0,Australia,0,1087
664,Basic,2023-10-28,,199.0,India,0,827
665,Basic,2023-06-24,,199.0,Germany,0,953
666,Basic,2023-02-03,2023-06-15,799.0,Unknown,1,132
667,Standard,2023-01-25,2023-03-17,399.0,US,1,51
668,Basic,2023-02-20,,399.0,UK,0,1077
669,Standard,2023-05-29,,199.0,US,0,979
670,Premium,2023-03-27,,399.0,Australia,0,1042
671,Premium,2023-08-06,2023-09-08,799.0,UK,1,33
672,Basic,2023-03-30,2024-02-09,399.0,Germany,1,316
673,Basic,2023-03-05,,799.0,UK,0,1064
674,Basic,2023-04-03,,199.0,Unknown,0,1035
675,Basic,2023-05-01,,799.0,Germany,0,1007
676,Basic,2023-09-11,,199.0,Germany,0,874
677,Standard,2023-06-17,,399.0,UK,0,960
678,Premium,2023-09-14,,399.0,Germany,0,871
679,Basic,2023-03-18,,399.0,Unknown,0,1051
680,Basic,2023-11-01,,199.0,UK,0,823
681,Basic,2023-08-29,2023-12-03,199.0,Germany,1,96
682,Basic,2023-09-01,,199.0,Germany,0,884
683,Standard,2023-11-14,,799.0,Germany,0,810
684,Basic,2023-09-15,,399.0,Australia,0,870
685,Premium,2023-08-13,2024-03-06,199.0,Unknown,1,206
686,Premium,2023-12-25,,199.0,Germany,0,769
687,Basic,2023-01-22,,199.0,UK,0,1106
688,Basic,2023-07-04,,399.0,Australia,0,943
689,Premium,2023-01-11,,199.0,India,0,1117
690,Standard,2023-01-30,2023-10-23,199.0,Australia,1,266
691,Basic,2023-06-22,2024-01-10,399.0,India,1,202
692,Standard,2023-01-19,,199.0,Germany,0,1109
693,Basic,2023-04-08,,199.0,Australia,0,1030
694,Premium,2023-11-25,,399.0,Unknown,0,799
695,Standard,2023-05-23,,799.0,US,0,985
696,Premium,2023-10-09,,399.0,Australia,0,846
697,Standard,2023-01-13,,399.0,Australia,0,1115
698,Premium,2023-09-26,,199.0,India,0,859
699,Basic,2023-01-31,2024-02-06,399.0,US,1,371
700,Basic,2023-06-29,,199.0,Australia,0,948
701,Basic,2023-09-18,,399.0,Germany,0,867
702,Premium,2023-08-20,2023-11-17,799.0,Unknown,1,89
703,Basic,2023-12-01,2024-02-24,399.0,Germany,1,85
704,Standard,2023-09-30,,199.0,US,0,855
705,Standard,2023-06-09,,399.0,India,0,968
706,Premium,2023-10-04,,399.0,India,0,851
707,Basic,2023-10-30,,399.0,Australia,0,825
708,Basic,2023-09-06,2024-01-12,799.0,US,1,128
709,Basic,2023-03-20,,199.0,Germany,0,1049
710,Basic,2023-11-02,,399.0,Germany,0,822
711,Basic,2023-12-16,,799.0,Unknown,0,778
712,Standard,2023-05-08,,799.0,UK,0,1000
713,Basic,2023-10-14,,199.0,Unknown,0,841
714,Unknown,2023-05-08,,799.0,Germany,0,1000
715,Standard,2023-06-27,,399.0,India,0,950
716,Basic,2023-02-02,,799.0,Germany,0,1095
717,Premium,2023-03-31,,799.0,India,0,1038
718,Basic,2023-06-21,,199.0,Unknown,0,956
719,Basic,2023-08-21,,799.0,Unknown,0,895
720,Premium,2023-08-18,,399.0,Germany,0,898
721,Basic,2023-06-08,2024-02-19,199.0,India,1,256
722,Standard,2023-06-27,2024-03-02,399.0,US,1,249
723,Basic,2023-08-07,,399.0,Unknown,0,909
724,Standard,2023-11-24,,399.0,UK,0,800
725,Standard,2023-06-18,,399.0,Unknown,0,959
726,Basic,2023-08-30,2023-12-15,399.0,Australia,1,107
727,Basic,2023-08-24,,399.0,US,0,892
728,Standard,2023-05-19,2023-06-16,199.0,India,1,28
729,Standard,2023-02-17,,799.0,Australia,0,1080
730,Basic,2023-08-12,,799.0,UK,0,904
731,Basic,2023-04-25,2023-07-20,799.0,UK,1,86
732,Unknown,2023-11-26,2024-02-28,399.0,Germany,1,94
733,Basic,2023-11-30,,199.0,US,0,794
734,Premium,2023-11-12,,399.0,UK,0,812
735,Basic,2023-03-18,,399.0,Unknown,0,1051
736,Standard,2023-08-02,,199.0,Unknown,0,914
737,Standard,2023-01-19,,199.0,Unknown,0,1109
738,Standard,2023-05-21,2023-10-01,399.0,US,1,133
739,Standard,2023-03-02,,199.0,Unknown,0,1067
740,Premium,2023-11-11,,399.0,Unknown,0,813
741,Standard,2023-07-21,,399.0,US,0,926
742,Premium,2023-11-30,,199.0,Australia,0,794
743,Premium,2023-01-13,,199.0,UK,0,1115
744,Basic,2023-06-21,,399.0,US,0,956
745,Premium,2023-12-24,,799.0,Germany,0,770
746,Standard,2023-06-09,,199.0,Australia,0,968
747,Basic,2023-05-24,,199.0,US,0,984
748,Basic,2023-10-11,,799.0,US,0,844
749,Premium,2023-03-27,,199.0,UK,0,1042
750,Standard,2023-01-23,2023-09-10,199.0,UK,1,230
751,Basic,2023-06-06,2023-08-14,199.0,Australia,1,69
752,Standard,2023-06-26,,199.0,Germany,0,951
753,Basic,2023-10-07,,799.0,Germany,0,848
754,Basic,2023-09-07,,199.0,Australia,0,878
755,Standard,2023-11-11,,799.0,US,0,813
756,Standard,2023-06-25,2024-03-01,199.0,India,1,250
757,Basic,2023-01-06,2024-01-18,399.0,Australia,1,377
758,Basic,2023-01-29,,799.0,US,0,1099
759,Standard,2023-05-23,,199.0,Unknown,0,985
760,Premium,2023-02-09,,199.0,Unknown,0,1088
761,Premium,2023-05-08,2023-08-29,399.0,US,1,113
762,Basic,2023-03-31,,199.0,Australia,0,1038
763,Standard,2023-12-23,,399.0,UK,0,771
764,Standard,2023-10-26,,199.0,Australia,0,829
765,Premium,2023-11-26,,199.0,Unknown,0,798
766,Standard,2023-10-24,,199.0,UK,0,831
767,Premium,2023-03-02,,799.0,Australia,0,1067
768,Basic,2023-08-18,,399.0,UK,0,898
769,Basic,2023-04-13,2023-12-11,399.0,UK,1,242
770,Basic,2023-02-10,,399.0,Unknown,0,1087
771,Standard,2023-08-10,,399.0,Unknown,0,906
772,Premium,2023-02-24,2023-10-09,399.0,Australia,1,227
773,Standard,2023-08-05,,199.0,Unknown,0,911
774,Standard,2023-06-18,2024-03-12,399.0,India,1,268
775,Basic,2023-11-03,,199.0,Australia,0,821
776,Standard,2023-01-29,,799.0,Unknown,0,1099
777,Basic,2023-12-19,2024-03-25,199.0,UK,1,97
778,Basic,2023-08-05,,199.0,UK,0,911
779,Basic,2023-03-27,,399.0,Australia,0,1042
780,Standard,2023-08-12,,199.0,UK,0,904
781,Standard,2023-08-30,,399.0,UK,0,886
782,Standard,2023-07-24,,199.0,Australia,0,923
783,Standard,2023-08-17,,199.0,India,0,899
784,Standard,2023-04-08,,199.0,Australia,0,1030
785,Premium,2023-10-22,,399.0,Unknown,0,833
786,Standard,2023-05-24,,799.0,Germany,0,984
787,Premium,2023-06-07,,799.0,Australia,0,970
788,Basic,2023-01-26,,799.0,India,0,1102
789,Standard,2023-11-04,,199.0,India,0,820
790,Basic,2023-11-10,,199.0,Germany,0,814
791,Basic,2023-10-10,,799.0,Australia,0,845
792,Premium,2023-11-12,,199.0,US,0,812
793,Basic,2023-04-04,,399.0,Germany,0,1034
794,Basic,2023-10-04,,799.0,UK,0,851
795,Standard,2023-08-27,,399.0,UK,0,889
796,Premium,2023-11-17,2024-03-13,199.0,Unknown,1,117
797,Premium,2023-10-23,,199.0,India,0,832
798,Unknown,2023-01-15,,799.0,Germany,0,1113
799,Premium,2023-03-16,,199.0,UK,0,1053
800,Standard,2023-04-27,,199.0,Australia,0,1011
801,Basic,2023-08-21,,799.0,Germany,0,895
802,Basic,2023-08-27,,399.0,Australia,0,889
803,Basic,2023-02-25,,199.0,Australia,0,1072
804,Standard,2023-08-25,2023-08-31,799.0,Germany,1,6
805,Premium,2023-01-08,,399.0,UK,0,1120
806,Basic,2023-07-01,,199.0,Germany,0,946
807,Premium,2023-08-19,,199.0,Unknown,0,897
808,Premium,2023-07-22,,799.0,India,0,925
809,Standard,2023-09-21,,399.0,UK,0,864
810,Basic,2023-08-17,,199.0,India,0,899
811,Basic,2023-11-08,,399.0,US,0,816
812,Standard,2023-05-16,,199.0,Germany,0,992
813,Standard,2023-08-01,,199.0,US,0,915
814,Basic,2023-06-25,2023-07-15,199.0,UK,1,20
815,Basic,2023-03-27,,199.0,Germany,0,1042
816,Basic,2023-01-01,,199.0,Australia,0,1127
817,Unknown,2023-09-02,,799.0,UK,0,883
818,Premium,2023-03-14,,399.0,Unknown,0,1055
819,Unknown,2023-10-13,,199.0,India,0,842
820,Premium,2023-10-07,,399.0,Germany,0,848
821,Standard,2023-11-13,,199.0,US,0,811
822,Premium,2023-07-08,,799.0,Germany,0,939
823,Basic,2023-10-12,,199.0,Australia,0,843
824,Standard,2023-10-15,,199.0,Germany,0,840
825,Basic,2023-10-13,,199.0,India,0,842
826,Basic,2023-05-15,,799.0,Germany,0,993
827,Premium,2023-09-21,,199.0,India,0,864
828,Basic,2023-06-02,,799.0,Germany,0,975
829,Premium,2023-05-20,,199.0,Germany,0,988
830,Standard,2023-06-16,,799.0,Australia,0,961
831,Basic,2023-04-27,,799.0,Australia,0,1011
832,Basic,2023-12-06,,199.0,US,0,788
833,Basic,2023-02-03,,199.0,Germany,0,1094
834,Standard,2023-12-03,,799.0,Unknown,0,791
835,Premium,2023-09-05,2023-12-30,799.0,Germany,1,116
836,Basic,2023-12-09,,399.0,Unknown,0,785
837,Standard,2023-07-16,2024-03-05,199.0,India,1,233
838,Unknown,2023-12-13,,199.0,Unknown,0,781
839,Basic,2023-10-25,,399.0,Unknown,0,830
840,Premium,2023-07-02,,199.0,Germany,0,945
841,Premium,2023-01-28,,199.0,Unknown,0,1100
842,Standard,2023-09-21,,399.0,US,0,864
843,Standard,2023-10-31,,399.0,Unknown,0,824
844,Basic,2023-12-25,,199.0,India,0,769
845,Standard,2023-03-04,,399.0,Unknown,0,1065
846,Premium,2023-11-04,2024-03-10,199.0,Unknown,1,127
847,Basic,2023-10-30,,399.0,Unknown,0,825
848,Basic,2023-08-07,,199.0,Australia,0,909
849,Basic,2023-04-26,2023-05-25,799.0,Australia,1,29
850,Basic,2023-12-08,,799.0,UK,0,786
851,Basic,2023-02-28,,199.0,India,0,1069
852,Premium,2023-10-24,,399.0,Unknown,0,831
853,Standard,2023-02-20,,799.0,Germany,0,1077
854,Standard,2023-03-20,2024-01-22,399.0,UK,1,308
855,Basic,2023-06-17,2024-02-09,399.0,US,1,237
856,Basic,2023-03-17,,199.0,UK,0,1052
857,Standard,2023-01-05,,199.0,India,0,1123
858,Standard,2023-08-13,,399.0,Australia,0,903
859,Basic,2023-02-12,,799.0,Germany,0,1085
860,Basic,2023-03-20,2023-10-31,399.0,India,1,225
861,Standard,2023-06-06,,199.0,Australia,0,971
862,Unknown,2023-04-24,,199.0,US,0,1014
863,Basic,2023-03-12,,199.0,India,0,1057
864,Basic,2023-07-07,2023-10-02,399.0,India,1,87
865,Standard,2023-01-06,,399.0,Germany,0,1122
866,Basic,2023-06-12,2023-11-16,199.0,Australia,1,157
867,Standard,2023-08-06,2023-11-13,399.0,UK,1,99
868,Unknown,2023-03-20,2023-09-16,799.0,UK,1,180
869,Basic,2023-08-16,2024-01-28,199.0,US,1,165
870,Standard,2023-11-23,,199.0,Australia,0,801
871,Basic,2023-06-21,2023-10-09,799.0,India,1,110
872,Standard,2023-02-07,,199.0,Unknown,0,1090
873,Unknown,2023-09-14,,399.0,Australia,0,871
874,Standard,2023-08-28,2023-12-25,199.0,UK,1,119
875,Basic,2023-07-16,2023-11-12,399.0,US,1,119
876,Basic,2023-07-29,,199.0,Unknown,0,918
877,Standard,2023-07-28,,199.0,India,0,919
878,Premium,2023-10-12,2024-03-12,399.0,Germany,1,152
879,Standard,2023-06-09,,399.0,UK,0,968
880,Standard,2023-10-11,,199.0,Australia,0,844
881,Premium,2023-12-26,,199.0,US,0,768
882,Basic,2023-01-17,,199.0,Unknown,0,1111
883,Unknown,2023-10-31,,199.0,Unknown,0,824
884,Standard,2023-10-07,2023-11-19,199.0,Australia,1,43
885,Basic,2023-04-28,,199.0,UK,0,1010
886,Premium,2023-06-15,,399.0,Unknown,0,962
887,Basic,2023-09-23,,399.0,Germany,0,862
888,Basic,2023-04-22,2024-02-27,799.0,UK,1,311
889,Basic,2023-07-08,2024-02-07,399.0,UK,1,214
890,Standard,2023-10-03,,199.0,India,0,852
891,Basic,2023-06-03,2023-12-23,399.0,UK,1,203
892,Standard,2023-04-15,,399.0,Germany,0,1023
893,Basic,2023-06-04,,199.0,Australia,0,973
894,Standard,2023-03-22,,199.0,Unknown,0,1047
895,Basic,2023-03-22,,199.0,Australia,0,1047
896,Premium,2023-12-26,,399.0,Australia,0,768
897,Premium,2023-08-31,,199.0,Unknown,0,885
898,Basic,2023-01-19,,199.0,Australia,0,1109
899,Basic,2023-02-13,,199.0,Unknown,0,1084
900,Standard,2023-10-13,,799.0,US,0,842
901,Standard,2023-08-21,,399.0,Unknown,0,895
902,Basic,2023-11-04,,199.0,US,0,820
903,Standard,2023-11-25,,799.0,UK,0,799
904,Premium,2023-01-22,,399.0,UK,0,1106
905,Premium,2023-07-08,,399.0,UK,0,939
906,Basic,2023-09-29,2023-10-17,399.0,Germany,1,18
907,Premium,2023-09-14,2023-11-07,799.0,Australia,1,54
908,Standard,2023-05-03,,799.0,India,0,1005
909,Basic,2023-06-25,,399.0,India,0,952
910,Basic,2023-05-06,2023-08-04,199.0,India,1,90
911,Standard,2023-07-18,,399.0,US,0,929
912,Standard,2023-01-20,,199.0,UK,0,1108
913,Premium,2023-08-28,,799.0,UK,0,888
914,Standard,2023-07-11,,799.0,India,0,936
915,Basic,2023-06-15,2024-02-12,199.0,US,1,242
916,Basic,2023-01-05,,199.0,India,0,1123
917,Premium,2023-07-19,,399.0,UK,0,928
918,Standard,2023-10-12,2024-02-25,799.0,UK,1,136
919,Basic,2023-11-15,,399.0,Australia,0,809
920,Premium,2023-02-17,,199.0,Australia,0,1080
921,Basic,2023-11-11,,199.0,US,0,813
922,Basic,2023-10-25,,399.0,India,0,830
923,Standard,2023-07-01,,399.0,India,0,946
924,Basic,2023-10-11,,399.0,Unknown,0,844
925,Basic,2023-07-22,,199.0,Germany,0,925
926,Standard,2023-01-29,,799.0,US,0,1099
927,Premium,2023-07-25,,799.0,Unknown,0,922
928,Basic,2023-10-10,,399.0,US,0,845
929,Basic,2023-04-15,,799.0,UK,0,1023
930,Standard,2023-07-23,,399.0,Unknown,0,924
931,Basic,2023-07-26,,399.0,UK,0,921
932,Basic,2023-05-05,,799.0,UK,0,1003
933,Basic,2023-07-04,,399.0,Australia,0,943
934,Premium,2023-10-02,,399.0,UK,0,853
935,Basic,2023-04-27,2023-09-08,199.0,Germany,1,134
936,Basic,2023-10-20,,199.0,Australia,0,835
937,Standard,2023-05-27,,399.0,UK,0,981
938,Standard,2023-08-15,,199.0,UK,0,901
939,Basic,2023-01-31,,399.0,India,0,1097
940,Basic,2023-08-27,,399.0,UK,0,889
941,Standard,2023-01-18,,399.0,Germany,0,1110
942,Premium,2023-03-16,,199.0,US,0,1053
943,Basic,2023-12-15,,199.0,Unknown,0,779
944,Standard,2023-02-26,,199.0,Australia,0,1071
945,Basic,2023-09-01,,199.0,Germany,0,884
946,Standard,2023-11-08,,799.0,Unknown,0,816
947,Standard,2023-04-21,,199.0,US,0,1017
948,Basic,2023-09-12,,199.0,India,0,873
949,Standard,2023-10-20,,799.0,Unknown,0,835
950,Standard,2023-08-13,,799.0,India,0,903
951,Basic,2023-03-04,,199.0,Unknown,0,1065
952,Basic,2023-12-14,,799.0,US,0,780
953,Unknown,2023-02-01,,199.0,US,0,1096
954,Premium,2023-01-27,,799.0,UK,0,1101
955,Standard,2023-08-12,,399.0,Australia,0,904
956,Standard,2023-09-28,,199.0,India,0,857
957,Basic,2023-05-29,,199.0,Unknown,0,979
958,Basic,2023-03-20,2024-01-25,199.0,Germany,1,311
959,Premium,2023-01-20,,199.0,India,0,1108
960,Basic,2023-06-23,,399.0,US,0,954
961,Unknown,2023-08-22,,199.0,Unknown,0,894
962,Premium,2023-01-28,2023-04-15,399.0,UK,1,77
963,Standard,2023-04-01,,399.0,India,0,1037
964,Basic,2023-07-08,,399.0,Germany,0,939
965,Basic,2023-10-28,,199.0,UK,0,827
966,Basic,2023-09-05,,799.0,Australia,0,880
967,Standard,2023-10-01,,399.0,Australia,0,854
968,Basic,2023-07-08,,199.0,Germany,0,939
969,Premium,2023-01-25,,399.0,UK,0,1103
970,Basic,2023-01-28,,399.0,Australia,0,1100
971,Premium,2023-04-06,,199.0,India,0,1032
972,Premium,2023-01-02,,199.0,Australia,0,1126
973,Standard,2023-11-13,,799.0,Unknown,0,811
974,Basic,2023-09-12,,399.0,UK,0,873
975,Basic,2023-09-21,,199.0,US,0,864
976,Basic,2023-07-12,,199.0,UK,0,935
977,Basic,2023-12-31,,399.0,Australia,0,763
978,Standard,2023-11-12,,399.0,UK,0,812
979,Standard,2023-09-16,,199.0,Unknown,0,869
980,Premium,2023-12-03,,799.0,India,0,791
981,Basic,2023-10-30,,199.0,India,0,825
982,Basic,2023-02-25,,399.0,Germany,0,1072
983,Premium,2023-11-10,,199.0,India,0,814
984,Unknown,2023-05-29,,199.0,US,0,979
985,Basic,2023-12-14,,799.0,US,0,780
986,Premium,2023-06-30,,199.0,India,0,947
987,Standard,2023-12-17,,399.0,UK,0,777
988,Basic,2023-11-25,2024-01-26,199.0,UK,1,62
989,Standard,2023-11-28,,199.0,Australia,0,796
990,Basic,2023-03-27,,399.0,Australia,0,1042
991,Basic,2023-11-06,,399.0,Germany,0,818
992,Unknown,2023-10-02,2024-01-17,199.0,Australia,1,107
993,Standard,2023-11-16,,199.0,Germany,0,808
994,Basic,2023-12-24,,799.0,Australia,0,770
995,Standard,2023-11-27,,399.0,Germany,0,797
996,Basic,2023-03-14,,799.0,US,0,1055
997,Premium,2023-12-17,,799.0,Unknown,0,777
998,Standard,2023-12-04,,199.0,Germany,0,790
999,Standard,2023-09-29,,799.0,Unknown,0,856
1000,Basic,2023-11-04,2023-12-01,199.0,US,1,27
1001,Basic,2023-04-14,,399.0,US,0,1024
1002,Standard,2023-01-20,,199.0,UK,0,1108
1003,Basic,2023-02-16,,199.0,Germany,0,1081
1004,Premium,2023-07-02,,799.0,India,0,945
1005,Basic,2023-02-15,,199.0,UK,0,1082
1006,Basic,2023-12-29,,199.0,Germany,0,765
1007,Basic,2023-06-14,,199.0,US,0,963
1008,Standard,2023-01-23,,799.0,Unknown,0,1105
1009,Unknown,2023-09-17,2023-11-29,199.0,Unknown,1,73
1010,Basic,2023-10-10,,399.0,US,0,845
1011,Premium,2023-07-11,,399.0,Germany,0,936
1012,Basic,2023-05-10,,199.0,UK,0,998
1013,Premium,2023-08-17,2024-01-24,199.0,Australia,1,160
1014,Standard,2023-06-15,,399.0,India,0,962
1015,Basic,2023-04-01,,199.0,US,0,1037
1016,Premium,2023-03-23,,199.0,UK,0,1046
1017,Premium,2023-02-07,2023-09-07,199.0,India,1,212
1018,Basic,2023-03-05,,399.0,US,0,1064
1019,Basic,2023-08-29,,199.0,UK,0,887
1020,Basic,2023-06-15,,199.0,Germany,0,962
1021,Standard,2023-11-23,,199.0,Unknown,0,801
1022,Unknown,2023-04-01,,199.0,Unknown,0,1037
1023,Premium,2023-12-14,,399.0,Australia,0,780
1024,Basic,2023-09-27,2024-02-17,399.0,Germany,1,143
1025,Basic,2023-09-09,,399.0,Unknown,0,876
1026,Standard,2023-08-08,,399.0,Unknown,0,908
1027,Standard,2023-11-17,,399.0,UK,0,807
1028,Basic,2023-08-27,,399.0,India,0,889
1029,Standard,2023-10-22,,199.0,Unknown,0,833
1030,Unknown,2023-03-16,,199.0,Germany,0,1053
1031,Basic,2023-08-19,2023-11-21,199.0,India,1,94
1032,Basic,2023-02-15,2023-07-17,399.0,US,1,152
1033,Premium,2023-03-09,,199.0,UK,0,1060
1034,Basic,2023-07-20,,399.0,India,0,927
1035,Basic,2023-06-18,,199.0,US,0,959
1036,Basic,2023-08-26,,399.0,India,0,890
1037,Premium,2023-08-01,,199.0,Unknown,0,915
1038,Basic,2023-10-14,,399.0,Germany,0,841
1039,Basic,2023-04-18,,399.0,Unknown,0,1020
1040,Standard,2023-09-10,,399.0,India,0,875
1041,Premium,2023-02-24,2024-02-03,799.0,India,1,344
1042,Premium,2023-06-15,,799.0,Unknown,0,962
1043,Basic,2023-04-23,2024-01-22,199.0,Australia,1,274
1044,Premium,2023-06-13,,399.0,India,0,964
1045,Basic,2023-12-06,,199.0,Germany,0,788
1046,Basic,2023-02-01,,399.0,US,0,1096
1047,Basic,2023-08-27,2024-02-21,399.0,UK,1,178
1048,Standard,2023-06-03,,199.0,Australia,0,974
1049,Basic,2023-04-21,,199.0,Unknown,0,1017
1050,Basic,2023-02-18,2023-02-27,399.0,Germany,1,9
1051,Unknown,2023-08-30,,399.0,Australia,0,886
1052,Basic,2023-02-17,,199.0,UK,0,1080
1053,Standard,2023-03-02,2024-02-10,799.0,Australia,1,345
1054,Premium,2023-03-22,,199.0,Australia,0,1047
1055,Basic,2023-04-16,,399.0,Unknown,0,1022
1056,Basic,2023-04-04,,199.0,US,0,1034
1057,Standard,2023-01-23,,199.0,Australia,0,1105
1058,Basic,2023-05-27,2023-11-10,199.0,UK,1,167
1059,Basic,2023-04-16,,199.0,Australia,0,1022
1060,Standard,2023-03-22,,199.0,Germany,0,1047
1061,Basic,2023-08-21,,399.0,UK,0,895
1062,Basic,2023-04-19,,799.0,Unknown,0,1019
1063,Basic,2023-09-13,,199.0,Australia,0,872
1064,Standard,2023-08-15,,199.0,Australia,0,901
1065,Premium,2023-05-02,,399.0,UK,0,1006
1066,Standard,2023-10-30,,399.0,Unknown,0,825
1067,Basic,2023-09-25,2024-01-07,399.0,Germany,1,104
1068,Premium,2023-05-10,2024-01-24,399.0,Germany,1,259
1069,Basic,2023-05-25,,399.0,India,0,983
1070,Premium,2023-01-17,,799.0,Germany,0,1111
1071,Basic,2023-09-09,2023-12-17,399.0,Germany,1,99
1072,Premium,2023-05-24,2023-11-19,799.0,Unknown,1,179
1073,Premium,2023-07-05,,199.0,Australia,0,942
1074,Standard,2023-11-25,,399.0,Unknown,0,799
1075,Basic,2023-10-11,2024-03-17,399.0,India,1,158
1076,Standard,2023-03-18,,199.0,India,0,1051
1077,Standard,2023-06-02,,399.0,UK,0,975
1078,Standard,2023-11-19,,799.0,US,0,805
1079,Standard,2023-08-24,2023-10-17,199.0,UK,1,54
1080,Basic,2023-10-12,,199.0,Germany,0,843
1081,Basic,2023-06-01,,199.0,Unknown,0,976
1082,Premium,2023-06-28,,399.0,Unknown,0,949
1083,Basic,2023-11-14,,199.0,Unknown,0,810
1084,Unknown,2023-04-05,2024-02-23,399.0,Germany,1,324
1085,Standard,2023-06-03,,399.0,Unknown,0,974
1086,Basic,2023-01-19,,199.0,Germany,0,1109
1087,Premium,2023-07-07,,399.0,India,0,940
1088,Basic,2023-07-17,,399.0,UK,0,930
1089,Standard,2023-03-30,,399.0,UK,0,1039
1090,Standard,2023-12-18,,399.0,UK,0,776
1091,Premium,2023-04-04,,399.0,Australia,0,1034
1092,Basic,2023-09-04,,199.0,Australia,0,881
1093,Premium,2023-01-15,2023-07-20,399.0,India,1,186
1094,Standard,2023-02-07,2024-02-14,199.0,UK,1,372
1095,Basic,2023-01-15,,199.0,Australia,0,1113
1096,Basic,2023-06-13,,399.0,UK,0,964
1097,Unknown,2023-12-21,,199.0,US,0,773
1098,Premium,2023-02-11,,799.0,Germany,0,1086
1099,Standard,2023-07-06,,199.0,India,0,941
1100,Basic,2023-05-26,,399.0,India,0,982
1101,Unknown,2023-09-21,,199.0,Germany,0,864
1102,Basic,2023-04-30,,399.0,India,0,1008
1103,Basic,2023-11-04,,199.0,Unknown,0,820
1104,Standard,2023-05-06,,199.0,Germany,0,1002
1105,Standard,2023-01-24,,199.0,Unknown,0,1104
1106,Basic,2023-09-15,,199.0,US,0,870
1107,Basic,2023-10-29,,799.0,US,0,826
1108,Basic,2023-10-01,2024-02-04,799.0,Unknown,1,126
1109,Basic,2023-08-23,,199.0,US,0,893
1110,Basic,2023-08-03,,199.0,India,0,913
1111,Basic,2023-09-13,,799.0,US,0,872
1112,Basic,2023-01-12,,399.0,India,0,1116
1113,Basic,2023-02-07,,199.0,Unknown,0,1090
1114,Basic,2023-04-16,,199.0,Germany,0,1022
1115,Premium,2023-12-06,,399.0,US,0,788
1116,Basic,2023-03-15,,399.0,Australia,0,1054
1117,Basic,2023-06-13,,399.0,India,0,964
1118,Standard,2023-04-10,,199.0,US,0,1028
1119,Premium,2023-12-18,,399.0,US,0,776
1120,Basic,2023-06-20,,399.0,Australia,0,957
1121,Basic,2023-11-16,,199.0,Unknown,0,808
1122,Standard,2023-01-28,,399.0,UK,0,1100
1123,Premium,2023-11-14,,199.0,India,0,810
1124,Premium,2023-07-23,,199.0,India,0,924
1125,Standard,2023-09-18,,399.0,Germany,0,867
1126,Standard,2023-12-13,,799.0,Australia,0,781
1127,Basic,2023-05-28,,399.0,Germany,0,980
1128,Basic,2023-02-15,,199.0,India,0,1082
1129,Basic,2023-03-21,,799.0,Germany,0,1048
1130,Premium,2023-06-23,,399.0,Australia,0,954
1131,Standard,2023-04-09,,799.0,UK,0,1029
1132,Basic,2023-07-18,2024-03-05,199.0,Australia,1,231
1133,Basic,2023-02-22,,399.0,India,0,1075
1134,Basic,2023-05-22,2023-09-18,399.0,Australia,1,119
1135,Premium,2023-10-18,,399.0,India,0,837
1136,Basic,2023-02-14,2023-12-08,799.0,US,1,297
1137,Basic,2023-07-06,,399.0,Australia,0,941
1138,Basic,2023-02-28,,399.0,India,0,1069
1139,Basic,2023-05-09,,199.0,Australia,0,999
1140,Standard,2023-07-02,,199.0,Unknown,0,945
1141,Standard,2023-08-19,,199.0,Australia,0,897
1142,Standard,2023-05-04,,399.0,Unknown,0,1004
1143,Unknown,2023-02-25,2023-04-12,399.0,Unknown,1,46
1144,Premium,2023-04-20,,199.0,Germany,0,1018
1145,Basic,2023-05-14,,199.0,Unknown,0,994
1146,Basic,2023-06-07,,399.0,US,0,970
1147,Basic,2023-11-07,,399.0,India,0,817
1148,Basic,2023-09-06,,199.0,Germany,0,879
1149,Premium,2023-04-16,,399.0,Australia,0,1022
1150,Premium,2023-11-07,,399.0,Unknown,0,817
1151,Basic,2023-12-17,,199.0,Germany,0,777
1152,Premium,2023-12-26,,199.0,UK,0,768
1153,Standard,2023-08-19,,799.0,Australia,0,897
1154,Basic,2023-05-13,,799.0,Germany,0,995
1155,Standard,2023-02-03,,399.0,Unknown,0,1094
1156,Standard,2023-09-20,2023-11-04,199.0,Australia,1,45
1157,Standard,2023-01-21,2023-06-20,199.0,Unknown,1,150
1158,Unknown,2023-09-22,,199.0,India,0,863
1159,Premium,2023-05-18,2023-06-16,399.0,UK,1,29
1160,Basic,2023-03-22,2023-05-21,399.0,India,1,60
1161,Basic,2023-04-20,,399.0,UK,0,1018
1162,Basic,2023-07-25,,799.0,UK,0,922
1163,Basic,2023-11-27,,799.0,UK,0,797
1164,Basic,2023-06-19,,199.0,India,0,958
1165,Basic,2023-06-15,,199.0,US,0,962
1166,Premium,2023-05-04,,399.0,Germany,0,1004
1167,Basic,2023-05-19,,199.0,India,0,989
1168,Basic,2023-02-26,,399.0,Australia,0,1071
1169,Standard,2023-02-09,2023-02-26,199.0,US,1,17
1170,Standard,2023-04-14,,399.0,US,0,1024
1171,Basic,2023-05-28,2023-08-14,399.0,Germany,1,78
1172,Premium,2023-09-11,,399.0,India,0,874
1173,Basic,2023-05-11,2024-01-29,199.0,Unknown,1,263
1174,Basic,2023-05-03,,799.0,Unknown,0,1005
1175,Standard,2023-04-26,,199.0,India,0,1012
1176,Basic,2023-05-29,,199.0,Unknown,0,979
1177,Standard,2023-08-14,,399.0,US,0,902
1178,Premium,2023-03-26,2023-08-16,199.0,Australia,1,143
1179,Premium,2023-03-01,2023-09-06,799.0,India,1,189
1180,Premium,2023-07-21,,199.0,Unknown,0,926
1181,Basic,2023-12-25,,799.0,India,0,769
1182,Basic,2023-02-01,,199.0,India,0,1096
1183,Premium,2023-11-18,2024-02-17,399.0,UK,1,91
1184,Premium,2023-11-10,,199.0,Australia,0,814
1185,Standard,2023-11-29,,399.0,Unknown,0,795
1186,Standard,2023-02-23,,399.0,UK,0,1074
1187,Basic,2023-09-09,,799.0,India,0,876
1188,Basic,2023-07-11,,799.0,US,0,936
1189,Basic,2023-07-07,,399.0,UK,0,940
1190,Premium,2023-11-12,,199.0,UK,0,812
1191,Basic,2023-06-14,,199.0,India,0,963
1192,Unknown,2023-06-03,,399.0,Germany,0,974
1193,Basic,2023-01-25,,199.0,Australia,0,1103
1194,Premium,2023-04-30,,399.0,Australia,0,1008
1195,Standard,2023-09-17,,199.0,Germany,0,868
1196,Basic,2023-12-25,,199.0,UK,0,769
1197,Standard,2023-08-07,2023-08-22,199.0,Germany,1,15
1198,Standard,2023-10-13,,199.0,UK,0,842
1199,Standard,2023-04-04,,799.0,Germany,0,1034
1200,Standard,2023-07-14,,199.0,US,0,933
1201,Standard,2023-03-24,,399.0,UK,0,1045
1202,Premium,2023-12-20,,399.0,US,0,774
1203,Basic,2023-09-05,,399.0,Australia,0,880
1204,Unknown,2023-09-26,,399.0,UK,0,859
1205,Standard,2023-01-26,,799.0,Germany,0,1102
1206,Basic,2023-04-01,2024-01-17,199.0,Australia,1,291
1207,Unknown,2023-10-27,,399.0,US,0,828
1208,Basic,2023-04-16,,799.0,India,0,1022
1209,Basic,2023-05-13,,799.0,Germany,0,995
1210,Standard,2023-04-07,,399.0,Germany,0,1031
1211,Premium,2023-06-02,,399.0,UK,0,975
1212,Basic,2023-01-19,2023-10-06,799.0,Australia,1,260
1213,Basic,2023-06-27,2024-01-02,799.0,US,1,189
1214,Standard,2023-11-18,2024-03-21,199.0,Unknown,1,124
1215,Standard,2023-02-07,2023-12-04,799.0,India,1,300
1216,Standard,2023-03-19,,199.0,UK,0,1050
1217,Basic,2023-07-11,,199.0,Unknown,0,936
1218,Premium,2023-01-01,,199.0,India,0,1127
1219,Premium,2023-06-22,2023-10-14,799.0,Unknown,1,114
1220,Premium,2023-02-22,,799.0,Unknown,0,1075
1221,Premium,2023-05-09,,199.0,US,0,999
1222,Standard,2023-10-04,,199.0,Unknown,0,851
1223,Standard,2023-01-06,,399.0,Germany,0,1122
1224,Premium,2023-09-06,,199.0,Australia,0,879
1225,Basic,2023-02-27,,199.0,Australia,0,1070
1226,Standard,2023-06-16,2024-02-25,199.0,US,1,254
1227,Premium,2023-08-02,,199.0,Germany,0,914
1228,Premium,2023-09-15,,399.0,Australia,0,870
1229,Basic,2023-01-30,,399.0,UK,0,1098
1230,Basic,2023-04-26,,799.0,UK,0,1012
1231,Premium,2023-09-13,2024-01-29,199.0,India,1,138
1232,Premium,2023-07-04,,199.0,UK,0,943
1233,Basic,2023-01-31,,399.0,US,0,1097
1234,Standard,2023-01-14,,799.0,Germany,0,1114
1235,Premium,2023-08-12,,199.0,UK,0,904
1236,Premium,2023-04-10,,199.0,Unknown,0,1028
1237,Standard,2023-08-04,,199.0,Australia,0,912
1238,Basic,2023-04-26,,799.0,UK,0,1012
1239,Basic,2023-04-18,2024-02-23,199.0,US,1,311
1240,Basic,2023-12-20,,799.0,Unknown,0,774
1241,Basic,2023-08-15,2023-11-17,199.0,UK,1,94
1242,Basic,2023-06-22,,199.0,Australia,0,955
1243,Standard,2023-06-22,,199.0,Unknown,0,955
1244,Standard,2023-10-05,2024-02-20,199.0,UK,1,138
1245,Basic,2023-06-01,,399.0,Unknown,0,976
1246,Premium,2023-06-22,,199.0,India,0,955
1247,Basic,2023-10-23,,399.0,Germany,0,832
1248,Basic,2023-09-18,,199.0,Unknown,0,867
1249,Standard,2023-10-02,,799.0,US,0,853
1250,Standard,2023-07-28,,199.0,US,0,919
1251,Basic,2023-06-01,,199.0,Germany,0,976
1252,Premium,2023-12-27,,799.0,Unknown,0,767
1253,Standard,2023-09-27,,399.0,Unknown,0,858
1254,Standard,2023-03-09,,199.0,Germany,0,1060
1255,Basic,2023-01-29,2023-05-08,199.0,Germany,1,99
1256,Standard,2023-12-29,,799.0,Germany,0,765
1257,Basic,2023-08-12,,199.0,Unknown,0,904
1258,Basic,2023-07-30,,399.0,India,0,917
1259,Standard,2023-09-06,,199.0,US,0,879
1260,Standard,2023-07-21,,199.0,US,0,926
1261,Standard,2023-05-17,,199.0,India,0,991
1262,Basic,2023-08-17,,799.0,Germany,0,899
1263,Basic,2023-11-23,,399.0,Unknown,0,801
1264,Unknown,2023-12-24,,799.0,US,0,770
1265,Premium,2023-07-20,,399.0,Unknown,0,927
1266,Premium,2023-12-14,,199.0,UK,0,780
1267,Basic,2023-11-29,,399.0,Unknown,0,795
1268,Basic,2023-08-10,,799.0,Germany,0,906
1269,Basic,2023-04-06,,199.0,UK,0,1032
1270,Premium,2023-04-20,,399.0,Unknown,0,1018
1271,Basic,2023-04-02,2023-10-03,199.0,Australia,1,184
1272,Basic,2023-11-22,,199.0,India,0,802
1273,Basic,2023-01-06,,399.0,Australia,0,1122
1274,Standard,2023-03-13,,799.0,Australia,0,1056
1275,Standard,2023-01-29,,199.0,Unknown,0,1099
1276,Premium,2023-04-30,2023-11-16,199.0,Australia,1,200
1277,Basic,2023-09-24,,399.0,India,0,861
1278,Basic,2023-05-14,,799.0,Germany,0,994
1279,Premium,2023-02-22,,199.0,Germany,0,1075
1280,Basic,2023-02-01,,799.0,US,0,1096
1281,Standard,2023-04-24,,199.0,India,0,1014
1282,Standard,2023-06-12,,399.0,UK,0,965
1283,Basic,2023-01-17,,199.0,Unknown,0,1111
1284,Basic,2023-10-02,2024-02-18,399.0,UK,1,139
1285,Standard,2023-06-16,,199.0,Australia,0,961
1286,Basic,2023-09-27,,199.0,US,0,858
1287,Unknown,2023-02-05,,399.0,Germany,0,1092
1288,Basic,2023-01-01,2024-01-16,399.0,Unknown,1,380
1289,Basic,2023-09-14,,799.0,Germany,0,871
1290,Standard,2023-09-22,,799.0,India,0,863
1291,Basic,2023-12-12,2024-02-13,399.0,Germany,1,63
1292,Unknown,2023-11-03,,199.0,UK,0,821
1293,Basic,2023-04-18,,399.0,Germany,0,1020
1294,Basic,2023-06-27,2023-11-26,799.0,Australia,1,152
1295,Basic,2023-02-13,,399.0,India,0,1084
1296,Standard,2023-08-20,,199.0,US,0,896
1297,Premium,2023-09-07,,199.0,UK,0,878
1298,Basic,2023-02-08,,199.0,Germany,0,1089
1299,Basic,2023-01-20,2023-09-08,199.0,Unknown,1,231
1300,Standard,2023-09-20,,199.0,Germany,0,865
1301,Standard,2023-07-14,2024-02-28,799.0,UK,1,229
1302,Standard,2023-07-10,,199.0,UK,0,937
1303,Basic,2023-01-04,,199.0,India,0,1124
1304,Basic,2023-02-17,,799.0,UK,0,1080
1305,Premium,2023-09-02,,199.0,Australia,0,883
1306,Premium,2023-07-26,,199.0,US,0,921
1307,Basic,2023-07-29,,399.0,UK,0,918
1308,Unknown,2023-09-23,,199.0,US,0,862
1309,Basic,2023-09-08,2023-11-23,199.0,US,1,76
1310,Premium,2023-08-27,,799.0,UK,0,889
1311,Premium,2023-02-10,,399.0,Unknown,0,1087
1312,Standard,2023-01-20,2024-03-08,799.0,Australia,1,413
1313,Standard,2023-05-13,,399.0,UK,0,995
1314,Basic,2023-02-16,,399.0,Australia,0,1081
1315,Premium,2023-09-05,,799.0,Unknown,0,880
1316,Standard,2023-05-18,,799.0,UK,0,990
1317,Standard,2023-01-15,,199.0,UK,0,1113
1318,Standard,2023-12-09,,799.0,UK,0,785
1319,Basic,2023-09-16,2024-01-04,399.0,UK,1,110
1320,Premium,2023-11-10,,199.0,Unknown,0,814
1321,Standard,2023-01-04,,199.0,Unknown,0,1124
1322,Standard,2023-10-25,,399.0,UK,0,830
1323,Basic,2023-06-08,,399.0,Unknown,0,969
1324,Standard,2023-03-30,,399.0,India,0,1039
1325,Basic,2023-12-22,,799.0,US,0,772
1326,Premium,2023-10-02,,799.0,US,0,853
1327,Basic,2023-02-24,2024-01-08,199.0,Germany,1,318
1328,Basic,2023-04-19,,399.0,US,0,1019
1329,Basic,2023-04-23,,199.0,Australia,0,1015
1330,Basic,2023-03-30,,199.0,India,0,1039
1331,Premium,2023-06-30,2023-10-19,799.0,Australia,1,111
1332,Basic,2023-04-01,,799.0,US,0,1037
1333,Standard,2023-06-06,,399.0,Unknown,0,971
1334,Basic,2023-02-04,,199.0,Unknown,0,1093
1335,Basic,2023-03-29,2023-12-19,199.0,Australia,1,265
1336,Basic,2023-01-04,2023-08-12,399.0,Australia,1,220
1337,Basic,2023-05-23,,199.0,Germany,0,985
1338,Standard,2023-12-26,,399.0,UK,0,768
1339,Basic,2023-12-05,,199.0,Australia,0,789
1340,Basic,2023-09-07,,199.0,India,0,878
1341,Standard,2023-06-20,,199.0,UK,0,957
1342,Basic,2023-07-17,,199.0,Unknown,0,930
1343,Unknown,2023-09-24,,199.0,Germany,0,861
1344,Basic,2023-05-30,,199.0,Unknown,0,978
1345,Unknown,2023-09-14,,199.0,Unknown,0,871
1346,Basic,2023-02-15,2023-08-25,399.0,US,1,191
1347,Premium,2023-02-28,,199.0,India,0,1069
1348,Basic,2023-07-17,,399.0,UK,0,930
1349,Basic,2023-11-23,,199.0,India,0,801
1350,Basic,2023-05-19,,399.0,UK,0,989
1351,Standard,2023-03-29,2023-06-06,799.0,Australia,1,69
1352,Basic,2023-01-17,,199.0,Unknown,0,1111
1353,Basic,2023-12-22,,799.0,US,0,772
1354,Standard,2023-01-12,,799.0,Germany,0,1116
1355,Basic,2023-10-15,,399.0,Germany,0,840
1356,Standard,2023-05-19,,199.0,UK,0,989
1357,Basic,2023-06-27,2023-10-12,399.0,UK,1,107
1358,Basic,2023-10-31,,199.0,US,0,824
1359,Premium,2023-02-24,,799.0,India,0,1073
1360,Basic,2023-08-06,,799.0,US,0,910
1361,Basic,2023-04-22,2024-02-06,199.0,Unknown,1,290
1362,Standard,2023-02-07,,399.0,Unknown,0,1090
1363,Premium,2023-11-09,,199.0,Australia,0,815
1364,Basic,2023-12-18,,399.0,US,0,776
1365,Basic,2023-02-17,,199.0,Australia,0,1080
1366,Unknown,2023-07-04,,799.0,India,0,943
1367,Basic,2023-04-29,2024-01-31,199.0,Australia,1,277
1368,Standard,2023-05-27,,199.0,Australia,0,981
1369,Standard,2023-01-29,,199.0,Australia,0,1099
1370,Premium,2023-04-11,,199.0,India,0,1027
1371,Basic,2023-02-08,,199.0,Germany,0,1089
1372,Premium,2023-11-23,2023-12-07,799.0,India,1,14
1373,Standard,2023-03-19,2023-12-20,199.0,Unknown,1,276
1374,Basic,2023-11-22,,399.0,India,0,802
1375,Standard,2023-03-24,,799.0,UK,0,1045
1376,Premium,2023-12-10,,399.0,Australia,0,784
1377,Standard,2023-11-05,,199.0,Unknown,0,819
1378,Basic,2023-09-28,,399.0,Germany,0,857
1379,Basic,2023-03-09,2024-03-20,199.0,UK,1,377
1380,Standard,2023-12-28,,399.0,Australia,0,766
1381,Basic,2023-06-05,,799.0,UK,0,972
1382,Basic,2023-12-28,,199.0,Australia,0,766
1383,Basic,2023-05-01,,399.0,Australia,0,1007
1384,Basic,2023-03-17,,199.0,US,0,1052
1385,Basic,2023-06-05,,399.0,Unknown,0,972
1386,Basic,2023-12-15,,199.0,US,0,779
1387,Standard,2023-01-15,,199.0,Unknown,0,1113
1388,Basic,2023-04-30,,799.0,Germany,0,1008
1389,Basic,2023-02-01,,799.0,Germany,0,1096
1390,Basic,2023-07-06,2023-08-24,199.0,India,1,49
1391,Premium,2023-03-03,,399.0,Germany,0,1066
1392,Basic,2023-10-11,,399.0,UK,0,844
1393,Standard,2023-05-10,,199.0,US,0,998
1394,Premium,2023-12-11,,199.0,Germany,0,783
1395,Premium,2023-03-18,,199.0,Australia,0,1051
1396,Standard,2023-01-04,,399.0,Unknown,0,1124
1397,Standard,2023-10-01,,399.0,Unknown,0,854
1398,Standard,2023-10-23,,799.0,Germany,0,832
1399,Basic,2023-08-24,2023-12-01,199.0,India,1,99
1400,Basic,2023-05-07,,199.0,India,0,1001
1401,Basic,2023-08-24,,399.0,US,0,892
1402,Basic,2023-07-01,,399.0,Germany,0,946
1403,Standard,2023-01-28,,199.0,UK,0,1100
1404,Standard,2023-04-26,2023-10-21,799.0,Unknown,1,178
1405,Basic,2023-11-19,,199.0,India,0,805
1406,Premium,2023-11-10,,799.0,UK,0,814
1407,Basic,2023-01-20,,399.0,Australia,0,1108
1408,Standard,2023-01-08,,199.0,UK,0,1120
1409,Basic,2023-01-10,,799.0,India,0,1118
1410,Premium,2023-03-05,,199.0,Australia,0,1064
1411,Basic,2023-06-08,,199.0,Australia,0,969
1412,Basic,2023-07-26,,399.0,US,0,921
1413,Standard,2023-09-15,,199.0,Germany,0,870
1414,Standard,2023-03-17,,799.0,Australia,0,1052
1415,Standard,2023-07-21,,199.0,Unknown,0,926
1416,Premium,2023-12-25,2024-02-29,199.0,India,1,66
1417,Basic,2023-04-06,,199.0,Unknown,0,1032
1418,Standard,2023-11-14,,399.0,India,0,810
1419,Basic,2023-11-24,,199.0,US,0,800
1420,Premium,2023-12-20,,199.0,Germany,0,774
1421,Standard,2023-07-06,,799.0,Unknown,0,941
1422,Premium,2023-04-22,2023-09-05,199.0,India,1,136
1423,Premium,2023-02-02,,799.0,US,0,1095
1424,Premium,2023-01-17,2023-04-08,399.0,US,1,81
1425,Basic,2023-11-16,2024-02-15,199.0,Germany,1,91
1426,Standard,2023-11-05,,399.0,UK,0,819
1427,Premium,2023-09-16,,199.0,US,0,869
1428,Premium,2023-12-17,,199.0,UK,0,777
1429,Premium,2023-11-26,,799.0,UK,0,798
1430,Basic,2023-01-29,,399.0,India,0,1099
1431,Basic,2023-11-09,,199.0,UK,0,815
1432,Standard,2023-11-12,,799.0,Australia,0,812
1433,Basic,2023-05-28,,399.0,Germany,0,980
1434,Standard,2023-08-14,,799.0,UK,0,902
1435,Basic,2023-10-09,,199.0,Germany,0,846
1436,Basic,2023-11-27,,399.0,Australia,0,797
1437,Standard,2023-02-27,,399.0,US,0,1070
1438,Basic,2023-08-19,,799.0,India,0,897
1439,Basic,2023-03-19,,399.0,India,0,1050
1440,Basic,2023-03-01,2023-11-14,199.0,India,1,258
1441,Premium,2023-09-03,,199.0,India,0,882
1442,Premium,2023-03-27,2024-01-03,399.0,US,1,282
1443,Standard,2023-09-08,,399.0,US,0,877
1444,Standard,2023-05-24,,799.0,Germany,0,984
1445,Unknown,2023-09-30,,399.0,US,0,855
1446,Basic,2023-03-02,,799.0,US,0,1067
1447,Standard,2023-02-27,,399.0,India,0,1070
1448,Basic,2023-10-22,,399.0,Germany,0,833
1449,Standard,2023-06-27,,199.0,UK,0,950
1450,Basic,2023-11-08,,399.0,India,0,816
1451,Basic,2023-07-31,,199.0,UK,0,916
1452,Premium,2023-06-07,,199.0,Australia,0,970
1453,Basic,2023-06-22,,399.0,UK,0,955
1454,Unknown,2023-08-28,,199.0,Germany,0,888
1455,Standard,2023-09-18,,799.0,Unknown,0,867
1456,Standard,2023-04-02,2023-10-23,399.0,Australia,1,204
1457,Standard,2023-06-26,2023-11-28,399.0,Germany,1,155
1458,Unknown,2023-05-03,,199.0,Australia,0,1005
1459,Basic,2023-10-31,,399.0,Australia,0,824
1460,Unknown,2023-02-22,,799.0,US,0,1075
1461,Basic,2023-05-18,,199.0,UK,0,990
1462,Basic,2023-10-11,,799.0,India,0,844
1463,Premium,2023-08-24,2023-09-28,199.0,Australia,1,35
1464,Basic,2023-08-17,,799.0,US,0,899
1465,Standard,2023-04-20,,199.0,UK,0,1018
1466,Premium,2023-04-23,,399.0,India,0,1015
1467,Basic,2023-03-29,2023-10-14,199.0,UK,1,199
1468,Standard,2023-05-12,2023-11-06,399.0,US,1,178
1469,Standard,2023-10-18,2024-02-11,199.0,US,1,116
1470,Standard,2023-03-20,2023-06-09,399.0,UK,1,81
1471,Basic,2023-11-10,,399.0,US,0,814
1472,Standard,2023-08-07,,199.0,UK,0,909
1473,Premium,2023-03-24,2024-02-14,199.0,Germany,1,327
1474,Basic,2023-03-24,2023-08-23,199.0,UK,1,152
1475,Unknown,2023-04-06,,799.0,Unknown,0,1032
1476,Unknown,2023-05-03,2024-02-07,399.0,Australia,1,280
1477,Basic,2023-07-05,,199.0,Unknown,0,942
1478,Unknown,2023-01-16,,399.0,Unknown,0,1112
1479,Premium,2023-06-01,,199.0,UK,0,976
1480,Basic,2023-10-08,,199.0,UK,0,847
1481,Standard,2023-04-16,,199.0,US,0,1022
1482,Unknown,2023-10-07,,199.0,Germany,0,848
1483,Premium,2023-12-20,,199.0,Australia,0,774
1484,Basic,2023-02-07,,799.0,UK,0,1090
1485,Basic,2023-01-12,,199.0,Australia,0,1116
1486,Standard,2023-10-21,,199.0,Germany,0,834
1487,Basic,2023-08-20,,399.0,Unknown,0,896
1488,Basic,2023-08-15,,199.0,UK,0,901
1489,Basic,2023-07-14,,199.0,Unknown,0,933
1490,Basic,2023-06-21,,199.0,UK,0,956
1491,Basic,2023-09-28,,399.0,Unknown,0,857
1492,Basic,2023-07-17,2023-12-31,199.0,UK,1,167
1493,Standard,2023-02-06,,399.0,Unknown,0,1091
1494,Unknown,2023-12-16,,799.0,India,0,778
1495,Basic,2023-04-25,,399.0,US,0,1013
1496,Basic,2023-09-10,,799.0,UK,0,875
1497,Premium,2023-04-21,,399.0,Australia,0,1017
1498,Premium,2023-05-02,,199.0,India,0,1006
1499,Basic,2023-09-07,,399.0,India,0,878
1500,Standard,2023-12-14,,399.0,Germany,0,780
1501,Basic,2023-09-23,,199.0,Unknown,0,862
1502,Premium,2023-12-28,,199.0,UK,0,766
1503,Basic,2023-07-06,,199.0,US,0,941
1504,Standard,2023-10-30,,399.0,India,0,825
1505,Standard,2023-05-27,,399.0,Australia,0,981
1506,Standard,2023-09-09,,399.0,UK,0,876
1507,Basic,2023-06-09,,799.0,Germany,0,968
1508,Basic,2023-02-24,,799.0,Unknown,0,1073
1509,Basic,2023-08-29,,199.0,Germany,0,887
1510,Standard,2023-02-10,2024-01-17,399.0,India,1,341
1511,Basic,2023-07-09,,799.0,Australia,0,938
1512,Standard,2023-07-29,,199.0,India,0,918
1513,Standard,2023-08-17,,199.0,Unknown,0,899
1514,Standard,2023-09-14,,799.0,US,0,871
1515,Unknown,2023-03-08,,799.0,UK,0,1061
1516,Standard,2023-07-04,2023-10-02,799.0,US,1,90
1517,Standard,2023-11-14,,799.0,US,0,810
1518,Standard,2023-08-16,,799.0,Unknown,0,900
1519,Standard,2023-03-13,2024-01-12,199.0,Australia,1,305
1520,Basic,2023-01-19,,199.0,Australia,0,1109
1521,Basic,2023-11-08,,199.0,US,0,816
1522,Standard,2023-01-09,,799.0,Germany,0,1119
1523,Basic,2023-06-24,,199.0,Australia,0,953
1524,Standard,2023-07-04,,799.0,UK,0,943
1525,Premium,2023-01-03,2023-03-02,399.0,UK,1,58
1526,Premium,2023-11-11,2024-01-14,199.0,US,1,64
1527,Premium,2023-08-02,,799.0,UK,0,914
1528,Basic,2023-01-21,,399.0,UK,0,1107
1529,Basic,2023-11-27,,399.0,UK,0,797
1530,Basic,2023-12-15,,199.0,India,0,779
1531,Standard,2023-11-06,,199.0,Australia,0,818
1532,Basic,2023-03-16,2023-09-02,799.0,Unknown,1,170
1533,Basic,2023-11-24,,399.0,Australia,0,800
1534,Unknown,2023-12-06,,199.0,Unknown,0,788
1535,Basic,2023-03-05,,199.0,India,0,1064
1536,Basic,2023-03-29,,399.0,US,0,1040
1537,Standard,2023-12-05,,399.0,Australia,0,789
1538,Standard,2023-09-24,,399.0,UK,0,861
1539,Standard,2023-06-16,2023-08-10,399.0,Germany,1,55
1540,Basic,2023-01-29,,399.0,India,0,1099
1541,Standard,2023-10-26,,199.0,Germany,0,829
1542,Basic,2023-06-07,,199.0,Germany,0,970
1543,Standard,2023-06-14,,799.0,Germany,0,963
1544,Premium,2023-02-09,,399.0,Germany,0,1088
1545,Basic,2023-01-06,,399.0,US,0,1122
1546,Standard,2023-02-10,,199.0,Australia,0,1087
1547,Premium,2023-01-17,,399.0,Germany,0,1111
1548,Standard,2023-02-23,,399.0,US,0,1074
1549,Basic,2023-10-11,,399.0,Unknown,0,844
1550,Basic,2023-12-25,,399.0,Germany,0,769
1551,Standard,2023-04-20,,399.0,India,0,1018
1552,Basic,2023-01-01,2024-03-25,399.0,Australia,1,449
1553,Premium,2023-09-15,2023-12-29,399.0,US,1,105
1554,Standard,2023-12-26,,799.0,Unknown,0,768
1555,Basic,2023-06-11,,399.0,Unknown,0,966
1556,Premium,2023-09-13,,399.0,Australia,0,872
1557,Basic,2023-06-26,,199.0,Unknown,0,951
1558,Standard,2023-06-06,,399.0,Australia,0,971
1559,Standard,2023-04-01,,199.0,Unknown,0,1037
1560,Basic,2023-06-12,2024-03-08,199.0,UK,1,270
1561,Premium,2023-05-28,,199.0,Germany,0,980
1562,Standard,2023-07-15,,799.0,UK,0,932
1563,Basic,2023-08-13,,799.0,Unknown,0,903
1564,Basic,2023-09-10,,799.0,Australia,0,875
1565,Basic,2023-07-17,,399.0,Unknown,0,930
1566,Premium,2023-12-29,,799.0,UK,0,765
1567,Standard,2023-02-13,,199.0,Unknown,0,1084
1568,Premium,2023-06-04,2023-11-10,199.0,Unknown,1,159
1569,Premium,2023-03-07,,399.0,India,0,1062
1570,Premium,2023-10-03,,199.0,Germany,0,852
1571,Basic,2023-08-21,,399.0,US,0,895
1572,Premium,2023-05-17,,199.0,Germany,0,991
1573,Basic,2023-07-18,,799.0,US,0,929
1574,Premium,2023-12-01,2024-03-11,199.0,India,1,101
1575,Standard,2023-06-26,2023-12-30,799.0,India,1,187
1576,Standard,2023-07-26,,399.0,Germany,0,921
1577,Basic,2023-05-04,,799.0,Unknown,0,1004
1578,Standard,2023-01-27,,399.0,UK,0,1101
1579,Standard,2023-01-04,,199.0,Unknown,0,1124
1580,Standard,2023-01-21,2023-06-15,199.0,UK,1,145
1581,Basic,2023-10-12,,199.0,Unknown,0,843
1582,Basic,2023-11-25,2023-12-31,399.0,Australia,1,36
1583,Standard,2023-12-12,,799.0,Australia,0,782
1584,Premium,2023-05-01,2023-05-01,199.0,UK,1,0
1585,Basic,2023-10-17,,399.0,Unknown,0,838
1586,Premium,2023-09-22,2024-01-20,199.0,India,1,120
1587,Unknown,2023-05-16,,199.0,Unknown,0,992
1588,Basic,2023-11-13,,199.0,US,0,811
1589,Standard,2023-05-28,,399.0,UK,0,980
1590,Basic,2023-12-26,,399.0,US,0,768
1591,Basic,2023-02-10,,799.0,India,0,1087
1592,Basic,2023-04-25,,799.0,Australia,0,1013
1593,Basic,2023-10-13,,399.0,Germany,0,842
1594,Basic,2023-07-10,,799.0,Germany,0,937
1595,Standard,2023-07-12,,399.0,Australia,0,935
1596,Standard,2023-12-17,,799.0,Unknown,0,777
1597,Basic,2023-07-20,,199.0,US,0,927
1598,Premium,2023-09-09,,199.0,Australia,0,876
1599,Unknown,2023-04-15,,399.0,US,0,1023
1600,Standard,2023-02-07,2023-08-06,199.0,UK,1,180
1601,Basic,2023-07-04,2023-09-29,199.0,Australia,1,87
1602,Standard,2023-01-14,,399.0,US,0,1114
1603,Basic,2023-10-20,2024-02-14,799.0,UK,1,117
1604,Premium,2023-03-20,2023-12-28,799.0,Unknown,1,283
1605,Basic,2023-07-02,,199.0,US,0,945
1606,Basic,2023-03-24,2023-12-12,199.0,Unknown,1,263
1607,Basic,2023-06-30,2023-09-25,199.0,India,1,87
1608,Basic,2023-12-12,,199.0,US,0,782
1609,Basic,2023-07-27,2024-02-11,199.0,India,1,199
1610,Premium,2023-04-22,,199.0,Australia,0,1016
1611,Standard,2023-05-11,2024-03-21,799.0,US,1,315
1612,Standard,2023-03-14,,199.0,Australia,0,1055
1613,Premium,2023-09-17,,199.0,US,0,868
1614,Standard,2023-05-23,,399.0,Germany,0,985
1615,Standard,2023-09-14,,399.0,Australia,0,871
1616,Basic,2023-09-27,,199.0,India,0,858
1617,Basic,2023-06-26,,399.0,US,0,951
1618,Standard,2023-04-09,,199.0,Unknown,0,1029
1619,Premium,2023-05-16,,399.0,Germany,0,992
1620,Basic,2023-05-14,2023-09-09,799.0,Germany,1,118
1621,Standard,2023-06-13,,399.0,Australia,0,964
1622,Basic,2023-09-27,,799.0,India,0,858
1623,Basic,2023-08-18,,399.0,Germany,0,898
1624,Standard,2023-11-02,,799.0,India,0,822
1625,Premium,2023-01-02,,199.0,US,0,1126
1626,Unknown,2023-08-15,,799.0,UK,0,901
1627,Standard,2023-09-09,,399.0,Unknown,0,876
1628,Basic,2023-09-10,,399.0,Unknown,0,875
1629,Basic,2023-10-10,,799.0,Germany,0,845
1630,Standard,2023-10-12,,399.0,UK,0,843
1631,Premium,2023-06-29,,399.0,Unknown,0,948
1632,Basic,2023-02-27,2023-05-06,199.0,Unknown,1,68
1633,Premium,2023-03-02,,199.0,India,0,1067
1634,Premium,2023-06-23,,199.0,US,0,954
1635,Basic,2023-04-21,2024-01-08,399.0,US,1,262
1636,Premium,2023-08-25,,199.0,US,0,891
1637,Standard,2023-08-20,,199.0,Unknown,0,896
1638,Premium,2023-10-09,,399.0,India,0,846
1639,Standard,2023-10-18,2024-03-14,199.0,Unknown,1,148
1640,Standard,2023-03-27,,399.0,India,0,1042
1641,Premium,2023-01-20,,399.0,Unknown,0,1108
1642,Premium,2023-01-13,,799.0,Unknown,0,1115
1643,Basic,2023-11-12,,399.0,India,0,812
1644,Basic,2023-10-07,,399.0,US,0,848
1645,Unknown,2023-12-23,,199.0,US,0,771
1646,Basic,2023-02-25,2023-08-16,199.0,Australia,1,172
1647,Basic,2023-01-18,,199.0,US,0,1110
1648,Basic,2023-11-06,,399.0,Australia,0,818
1649,Basic,2023-10-25,,199.0,US,0,830
1650,Standard,2023-08-29,,399.0,Australia,0,887
1651,Basic,2023-02-07,,199.0,Germany,0,1090
1652,Basic,2023-10-24,,399.0,Unknown,0,831
1653,Standard,2023-11-05,,199.0,Germany,0,819
1654,Basic,2023-03-19,,199.0,UK,0,1050
1655,Premium,2023-09-16,,399.0,India,0,869
1656,Standard,2023-06-02,,199.0,Unknown,0,975
1657,Basic,2023-10-17,,199.0,Germany,0,838
1658,Standard,2023-07-15,2023-12-22,199.0,Australia,1,160
1659,Standard,2023-03-21,2024-02-01,199.0,UK,1,317
1660,Standard,2023-01-02,,799.0,Australia,0,1126
1661,Basic,2023-02-07,,199.0,Unknown,0,1090
1662,Unknown,2023-05-30,,199.0,US,0,978
1663,Basic,2023-08-27,,399.0,India,0,889
1664,Basic,2023-09-14,,399.0,India,0,871
1665,Standard,2023-07-04,,199.0,UK,0,943
1666,Premium,2023-09-27,,399.0,Germany,0,858
1667,Basic,2023-09-09,,799.0,US,0,876
1668,Basic,2023-05-08,,799.0,India,0,1000
1669,Standard,2023-05-26,,199.0,Unknown,0,982
1670,Unknown,2023-03-09,,199.0,US,0,1060
1671,Standard,2023-04-19,,199.0,India,0,1019
1672,Unknown,2023-03-08,,399.0,India,0,1061
1673,Basic,2023-10-17,,399.0,India,0,838
1674,Premium,2023-02-18,,799.0,Unknown,0,1079
1675,Basic,2023-05-26,,799.0,US,0,982
1676,Standard,2023-03-08,,399.0,US,0,1061
1677,Premium,2023-03-30,,799.0,UK,0,1039
1678,Basic,2023-07-20,,199.0,US,0,927
1679,Premium,2023-02-09,2023-11-26,199.0,India,1,290
1680,Standard,2023-09-07,,199.0,US,0,878
1681,Basic,2023-01-16,2023-05-21,199.0,US,1,125
1682,Basic,2023-01-29,,799.0,India,0,1099
1683,Standard,2023-11-11,,799.0,UK,0,813
1684,Basic,2023-05-13,,199.0,US,0,995
1685,Standard,2023-12-31,,799.0,UK,0,763
1686,Basic,2023-01-25,2024-01-27,199.0,Unknown,1,367
1687,Basic,2023-04-19,,399.0,Australia,0,1019
1688,Basic,2023-11-08,,399.0,US,0,816
1689,Standard,2023-09-16,,799.0,UK,0,869
1690,Basic,2023-09-08,,399.0,UK,0,877
1691,Basic,2023-05-23,2023-12-03,199.0,Unknown,1,194
1692,Standard,2023-04-01,2023-12-09,399.0,US,1,252
1693,Basic,2023-07-27,,199.0,UK,0,920
1694,Standard,2023-02-15,,399.0,India,0,1082
1695,Basic,2023-02-19,,399.0,UK,0,1078
1696,Premium,2023-07-27,2024-02-26,199.0,India,1,214
1697,Basic,2023-08-13,,199.0,Australia,0,903
1698,Basic,2023-06-24,,799.0,Australia,0,953
1699,Unknown,2023-04-13,,399.0,India,0,1025
1700,Basic,2023-12-15,,199.0,Germany,0,779
1701,Standard,2023-10-08,,199.0,India,0,847
1702,Standard,2023-11-30,,799.0,Germany,0,794
1703,Basic,2023-07-29,2024-03-12,399.0,Australia,1,227
1704,Standard,2023-05-13,2024-01-28,799.0,Germany,1,260
1705,Premium,2023-12-10,,199.0,Germany,0,784
1706,Standard,2023-06-06,2024-03-17,799.0,US,1,285
1707,Basic,2023-10-18,,399.0,UK,0,837
1708,Basic,2023-11-19,,199.0,Australia,0,805
1709,Premium,2023-03-20,,799.0,US,0,1049
1710,Unknown,2023-10-07,2024-03-23,199.0,Unknown,1,168
1711,Basic,2023-03-03,,199.0,Germany,0,1066
1712,Basic,2023-06-17,,799.0,Unknown,0,960
1713,Standard,2023-04-19,,399.0,India,0,1019
1714,Premium,2023-12-03,,399.0,Germany,0,791
1715,Premium,2023-04-21,,799.0,Unknown,0,1017
1716,Premium,2023-07-11,,799.0,Germany,0,936
1717,Standard,2023-12-14,,799.0,Australia,0,780
1718,Standard,2023-12-26,2024-01-01,799.0,India,1,6
1719,Basic,2023-10-06,,199.0,UK,0,849
1720,Standard,2023-02-24,,199.0,UK,0,1073
1721,Standard,2023-09-07,,199.0,US,0,878
1722,Basic,2023-10-08,2023-11-15,199.0,India,1,38
1723,Basic,2023-08-26,,199.0,Australia,0,890
1724,Basic,2023-06-18,,399.0,UK,0,959
1725,Standard,2023-09-25,,399.0,US,0,860
1726,Basic,2023-10-28,,799.0,US,0,827
1727,Premium,2023-01-27,,399.0,Unknown,0,1101
1728,Standard,2023-06-18,,799.0,India,0,959
1729,Basic,2023-07-12,2023-09-20,399.0,Australia,1,70
1730,Basic,2023-05-26,2023-08-07,199.0,Germany,1,73
1731,Basic,2023-01-31,,199.0,India,0,1097
1732,Basic,2023-01-01,2023-05-12,399.0,Unknown,1,131
1733,Unknown,2023-03-09,,799.0,Australia,0,1060
1734,Basic,2023-08-03,,199.0,Australia,0,913
1735,Premium,2023-12-29,,399.0,UK,0,765
1736,Basic,2023-07-06,,199.0,UK,0,941
1737,Basic,2023-12-11,,799.0,US,0,783
1738,Standard,2023-02-14,,399.0,US,0,1083
1739,Basic,2023-11-22,,199.0,Germany,0,802
1740,Basic,2023-05-19,,399.0,US,0,989
1741,Standard,2023-12-30,2024-02-14,399.0,Unknown,1,46
1742,Basic,2023-05-13,2023-12-12,399.0,Unknown,1,213
1743,Standard,2023-07-14,,399.0,US,0,933
1744,Basic,2023-01-30,,199.0,Australia,0,1098
1745,Basic,2023-10-20,,399.0,Germany,0,835
1746,Premium,2023-11-07,,199.0,UK,0,817
1747,Standard,2023-09-29,,199.0,India,0,856
1748,Basic,2023-09-28,,199.0,UK,0,857
1749,Basic,2023-12-29,,399.0,Germany,0,765
1750,Basic,2023-06-14,,199.0,UK,0,963
1751,Basic,2023-09-18,,399.0,Australia,0,867
1752,Standard,2023-02-28,2023-10-07,199.0,India,1,221
1753,Basic,2023-06-24,,399.0,India,0,953
1754,Basic,2023-09-13,,399.0,Unknown,0,872
1755,Basic,2023-09-20,,199.0,UK,0,865
1756,Basic,2023-08-13,,799.0,Australia,0,903
1757,Basic,2023-11-21,2024-02-05,199.0,Unknown,1,76
1758,Basic,2023-01-20,,199.0,Australia,0,1108
1759,Basic,2023-07-13,,199.0,US,0,934
1760,Basic,2023-11-26,,199.0,US,0,798
1761,Basic,2023-08-12,,799.0,Unknown,0,904
1762,Basic,2023-10-17,,199.0,US,0,838
1763,Basic,2023-01-28,,199.0,Germany,0,1100
1764,Premium,2023-12-07,,399.0,UK,0,787
1765,Basic,2023-07-26,,399.0,Germany,0,921
1766,Standard,2023-06-29,2024-01-19,399.0,Germany,1,204
1767,Premium,2023-05-01,,399.0,Unknown,0,1007
1768,Premium,2023-12-10,,399.0,Australia,0,784
1769,Standard,2023-12-12,,399.0,Unknown,0,782
1770,Premium,2023-09-25,,199.0,India,0,860
1771,Standard,2023-09-23,,399.0,Unknown,0,862
1772,Basic,2023-01-24,2024-02-23,399.0,Germany,1,395
1773,Standard,2023-05-12,,199.0,Australia,0,996
1774,Standard,2023-06-05,,199.0,Unknown,0,972
1775,Premium,2023-10-07,,399.0,India,0,848
1776,Basic,2023-02-11,2023-03-22,199.0,UK,1,39
1777,Standard,2023-01-01,,199.0,Germany,0,1127
1778,Basic,2023-12-08,,399.0,US,0,786
1779,Basic,2023-01-07,,199.0,Unknown,0,1121
1780,Basic,2023-01-22,,199.0,Unknown,0,1106
1781,Basic,2023-05-05,,799.0,India,0,1003
1782,Premium,2023-01-18,2023-09-29,399.0,Germany,1,254
1783,Premium,2023-08-29,,799.0,Australia,0,887
1784,Basic,2023-03-04,,399.0,Unknown,0,1065
1785,Standard,2023-09-08,,199.0,Germany,0,877
1786,Premium,2023-05-12,,399.0,Germany,0,996
1787,Standard,2023-03-08,2023-11-09,799.0,Germany,1,246
1788,Basic,2023-01-10,,199.0,Australia,0,1118
1789,Standard,2023-09-06,,399.0,US,0,879
1790,Basic,2023-11-12,,799.0,Germany,0,812
1791,Standard,2023-09-25,,399.0,US,0,860
1792,Standard,2023-11-15,,199.0,Unknown,0,809
1793,Basic,2023-07-12,,399.0,Unknown,0,935
1794,Standard,2023-07-13,,399.0,Germany,0,934
1795,Standard,2023-03-14,,799.0,UK,0,1055
1796,Standard,2023-06-30,,199.0,UK,0,947
1797,Basic,2023-08-04,,799.0,Unknown,0,912
1798,Standard,2023-04-28,,199.0,Germany,0,1010
1799,Basic,2023-02-23,,399.0,US,0,1074
1800,Standard,2023-03-30,,399.0,Unknown,0,1039
1801,Standard,2023-01-01,2023-10-13,399.0,US,1,285
1802,Basic,2023-01-05,,399.0,US,0,1123
1803,Premium,2023-07-13,,399.0,Unknown,0,934
1804,Standard,2023-10-19,,199.0,Australia,0,836
1805,Basic,2023-09-23,,799.0,UK,0,862
1806,Premium,2023-08-29,,199.0,Germany,0,887
1807,Standard,2023-03-10,2023-11-23,199.0,Unknown,1,258
1808,Premium,2023-08-27,,399.0,India,0,889
1809,Standard,2023-06-28,,399.0,Unknown,0,949
1810,Standard,2023-12-29,,199.0,India,0,765
1811,Premium,2023-09-11,,799.0,UK,0,874
1812,Basic,2023-07-03,,399.0,Unknown,0,944
1813,Basic,2023-07-20,,199.0,US,0,927
1814,Basic,2023-12-04,,399.0,Germany,0,790
1815,Basic,2023-05-12,2024-03-23,799.0,UK,1,316
1816,Premium,2023-11-03,,199.0,Australia,0,821
1817,Standard,2023-11-10,,399.0,Unknown,0,814
1818,Standard,2023-10-25,,199.0,UK,0,830
1819,Basic,2023-07-18,,199.0,Australia,0,929
1820,Basic,2023-08-22,,199.0,Australia,0,894
1821,Basic,2023-01-06,,799.0,UK,0,1122
1822,Premium,2023-02-03,,199.0,Australia,0,1094
1823,Standard,2023-12-13,,799.0,Australia,0,781
1824,Standard,2023-01-02,2023-07-07,799.0,Australia,1,186
1825,Standard,2023-05-27,,199.0,India,0,981
1826,Premium,2023-09-12,,199.0,Australia,0,873
1827,Basic,2023-04-08,2023-07-30,399.0,UK,1,113
1828,Basic,2023-08-20,,199.0,Unknown,0,896
1829,Standard,2023-12-04,,399.0,Germany,0,790
1830,Standard,2023-04-17,,399.0,US,0,1021
1831,Premium,2023-08-16,,399.0,Australia,0,900
1832,Premium,2023-06-28,2023-08-13,199.0,India,1,46
1833,Premium,2023-05-05,2023-05-26,199.0,India,1,21
1834,Standard,2023-08-03,,799.0,UK,0,913
1835,Standard,2023-08-04,,799.0,UK,0,912
1836,Basic,2023-09-18,,799.0,Unknown,0,867
1837,Premium,2023-05-16,,799.0,Australia,0,992
1838,Premium,2023-10-23,,199.0,UK,0,832
1839,Standard,2023-10-05,2024-02-18,399.0,India,1,136
1840,Premium,2023-11-14,2023-11-30,399.0,India,1,16
1841,Premium,2023-03-12,,199.0,Germany,0,1057
1842,Basic,2023-11-05,2024-03-14,199.0,Unknown,1,130
1843,Standard,2023-09-03,,399.0,US,0,882
1844,Unknown,2023-02-19,,199.0,Australia,0,1078
1845,Basic,2023-10-02,,799.0,Unknown,0,853
1846,Basic,2023-12-09,,399.0,US,0,785
1847,Premium,2023-03-26,,399.0,UK,0,1043
1848,Premium,2023-08-30,,799.0,Australia,0,886
1849,Basic,2023-08-14,,199.0,UK,0,902
1850,Standard,2023-02-22,,399.0,UK,0,1075
1851,Standard,2023-11-25,,199.0,Unknown,0,799
1852,Standard,2023-02-23,,199.0,Unknown,0,1074
1853,Standard,2023-07-08,,399.0,Unknown,0,939
1854,Standard,2023-09-15,,199.0,India,0,870
1855,Standard,2023-10-20,,799.0,Germany,0,835
1856,Standard,2023-03-23,,199.0,Australia,0,1046
1857,Basic,2023-02-18,,199.0,Germany,0,1079
1858,Basic,2023-02-23,,199.0,US,0,1074
1859,Basic,2023-09-27,,399.0,UK,0,858
1860,Premium,2023-07-06,,399.0,Unknown,0,941
1861,Standard,2023-02-24,,399.0,Unknown,0,1073
1862,Standard,2023-11-24,2024-03-15,399.0,US,1,112
1863,Unknown,2023-09-07,,199.0,UK,0,878
1864,Basic,2023-08-11,,199.0,UK,0,905
1865,Basic,2023-06-25,,199.0,Unknown,0,952
1866,Basic,2023-03-09,2023-05-20,399.0,India,1,72
1867,Premium,2023-11-21,,799.0,Unknown,0,803
1868,Standard,2023-10-15,,399.0,Germany,0,840
1869,Basic,2023-09-14,,199.0,Germany,0,871
1870,Basic,2023-07-07,,799.0,India,0,940
1871,Basic,2023-07-24,,199.0,Australia,0,923
1872,Premium,2023-12-16,,199.0,Unknown,0,778
1873,Basic,2023-11-25,,199.0,Germany,0,799
1874,Premium,2023-10-01,,799.0,UK,0,854
1875,Premium,2023-06-27,,199.0,US,0,950
1876,Unknown,2023-05-03,2023-12-12,399.0,UK,1,223
1877,Standard,2023-06-07,,399.0,US,0,970
1878,Basic,2023-06-29,,799.0,India,0,948
1879,Standard,2023-02-20,,399.0,UK,0,1077
1880,Premium,2023-05-31,,399.0,Australia,0,977
1881,Premium,2023-03-03,,199.0,US,0,1066
1882,Basic,2023-06-05,,199.0,US,0,972
1883,Standard,2023-05-03,,199.0,US,0,1005
1884,Premium,2023-11-04,,199.0,UK,0,820
1885,Basic,2023-05-31,2023-08-27,199.0,UK,1,88
1886,Basic,2023-05-23,,199.0,India,0,985
1887,Basic,2023-11-27,,399.0,Australia,0,797
1888,Standard,2023-02-20,2023-07-24,799.0,UK,1,154
1889,Basic,2023-05-04,,399.0,UK,0,1004
1890,Premium,2023-11-25,,799.0,Unknown,0,799
1891,Standard,2023-04-17,,399.0,UK,0,1021
1892,Premium,2023-11-10,2024-02-05,199.0,US,1,87
1893,Standard,2023-06-17,,199.0,Germany,0,960
1894,Standard,2023-04-17,,199.0,Australia,0,1021
1895,Basic,2023-06-02,,199.0,Unknown,0,975
1896,Basic,2023-10-03,,199.0,India,0,852
1897,Premium,2023-10-12,,399.0,India,0,843
1898,Standard,2023-01-20,,799.0,US,0,1108
1899,Basic,2023-07-17,2023-11-30,199.0,Australia,1,136
1900,Standard,2023-07-19,,399.0,Germany,0,928
1901,Premium,2023-12-08,,199.0,India,0,786
1902,Premium,2023-02-25,,799.0,India,0,1072
1903,Premium,2023-07-04,,199.0,Germany,0,943
1904,Premium,2023-03-27,,399.0,UK,0,1042
1905,Standard,2023-06-20,,799.0,India,0,957
1906,Standard,2023-02-16,,799.0,Australia,0,1081
1907,Basic,2023-01-15,,199.0,India,0,1113
1908,Standard,2023-06-17,,199.0,US,0,960
1909,Standard,2023-05-03,,199.0,Germany,0,1005
1910,Basic,2023-03-07,,199.0,US,0,1062
1911,Basic,2023-07-08,,199.0,India,0,939
1912,Standard,2023-01-10,,199.0,US,0,1118
1913,Basic,2023-11-04,,799.0,UK,0,820
1914,Basic,2023-08-12,,399.0,UK,0,904
1915,Basic,2023-10-25,,399.0,Germany,0,830
1916,Premium,2023-05-16,,399.0,UK,0,992
1917,Basic,2023-07-18,,399.0,India,0,929
1918,Basic,2023-07-19,2023-07-19,399.0,Australia,1,0
1919,Basic,2023-10-27,2024-02-14,199.0,Germany,1,110
1920,Standard,2023-07-15,2023-09-13,799.0,Unknown,1,60
1921,Basic,2023-12-21,,399.0,India,0,773
1922,Standard,2023-01-25,,399.0,Unknown,0,1103
1923,Standard,2023-02-16,,399.0,India,0,1081
1924,Basic,2023-07-04,,399.0,India,0,943
1925,Basic,2023-12-30,,799.0,UK,0,764
1926,Standard,2023-05-27,,199.0,Australia,0,981
1927,Basic,2023-10-27,,199.0,Unknown,0,828
1928,Basic,2023-01-25,,199.0,Australia,0,1103
1929,Basic,2023-02-18,,199.0,UK,0,1079
1930,Basic,2023-04-14,,199.0,Unknown,0,1024
1931,Standard,2023-02-26,2023-09-18,199.0,Germany,1,204
1932,Basic,2023-11-04,,799.0,UK,0,820
1933,Basic,2023-11-03,,199.0,Germany,0,821
1934,Basic,2023-11-21,,199.0,India,0,803
1935,Basic,2023-04-16,,399.0,US,0,1022
1936,Standard,2023-12-01,,199.0,Unknown,0,793
1937,Premium,2023-12-17,,799.0,Unknown,0,777
1938,Standard,2023-03-14,2024-01-03,199.0,India,1,295
1939,Basic,2023-07-28,,199.0,India,0,919
1940,Standard,2023-11-28,,199.0,Germany,0,796
1941,Premium,2023-03-23,,399.0,Australia,0,1046
1942,Basic,2023-11-22,,399.0,UK,0,802
1943,Basic,2023-05-25,,199.0,US,0,983
1944,Basic,2023-11-25,,199.0,Unknown,0,799
1945,Standard,2023-10-30,,399.0,UK,0,825
1946,Basic,2023-01-17,,199.0,Unknown,0,1111
1947,Premium,2023-02-18,2023-07-25,799.0,US,1,157
1948,Basic,2023-04-07,,199.0,Germany,0,1031
1949,Standard,2023-05-20,,399.0,US,0,988
1950,Basic,2023-07-21,,399.0,India,0,926
1951,Basic,2023-11-09,,399.0,Australia,0,815
1952,Basic,2023-05-09,,199.0,UK,0,999
1953,Premium,2023-04-26,,199.0,India,0,1012
1954,Basic,2023-05-11,,799.0,US,0,997
1955,Basic,2023-06-30,,199.0,Germany,0,947
1956,Basic,2023-06-17,2023-10-31,199.0,Germany,1,136
1957,Basic,2023-02-10,,799.0,Australia,0,1087
1958,Basic,2023-03-10,,399.0,UK,0,1059
1959,Basic,2023-10-04,,199.0,Germany,0,851
1960,Unknown,2023-03-04,,799.0,US,0,1065
1961,Premium,2023-04-28,,399.0,US,0,1010
1962,Basic,2023-01-17,2023-07-28,399.0,India,1,192
1963,Premium,2023-05-25,,199.0,US,0,983
1964,Basic,2023-10-12,,399.0,Germany,0,843
1965,Standard,2023-06-01,,199.0,US,0,976
1966,Premium,2023-01-22,,799.0,Unknown,0,1106
1967,Basic,2023-09-07,,199.0,India,0,878
1968,Basic,2023-01-28,,199.0,India,0,1100
1969,Premium,2023-05-20,,199.0,India,0,988
1970,Standard,2023-07-22,,399.0,Unknown,0,925
1971,Unknown,2023-09-04,,399.0,Unknown,0,881
1972,Basic,2023-02-03,,199.0,UK,0,1094
1973,Basic,2023-12-09,,399.0,India,0,785
1974,Basic,2023-03-20,,799.0,US,0,1049
1975,Basic,2023-07-05,,199.0,Unknown,0,942
1976,Basic,2023-06-26,,199.0,Unknown,0,951
1977,Standard,2023-05-01,,399.0,Unknown,0,1007
1978,Basic,2023-12-25,,199.0,US,0,769
1979,Standard,2023-06-03,2023-10-22,199.0,India,1,141
1980,Standard,2023-05-30,2023-10-05,799.0,Germany,1,128
1981,Basic,2023-02-13,,199.0,Germany,0,1084
1982,Standard,2023-08-18,,199.0,US,0,898
1983,Unknown,2023-06-21,2023-09-07,399.0,India,1,78
1984,Basic,2023-07-18,,399.0,Unknown,0,929
1985,Standard,2023-11-15,,799.0,India,0,809
1986,Basic,2023-08-10,2023-11-01,199.0,India,1,83
1987,Unknown,2023-07-07,,199.0,India,0,940
1988,Premium,2023-06-17,,199.0,US,0,960
1989,Unknown,2023-08-19,,399.0,Australia,0,897
1990,Basic,2023-03-08,,399.0,UK,0,1061
1991,Basic,2023-09-21,,399.0,Germany,0,864
1992,Basic,2023-11-06,2023-11-17,799.0,Germany,1,11
1993,Basic,2023-05-28,,199.0,Australia,0,980
1994,Unknown,2023-05-04,,399.0,India,0,1004
1995,Standard,2023-07-16,2024-03-25,399.0,Unknown,1,253
1996,Basic,2023-04-12,2024-03-07,199.0,India,1,330
1997,Basic,2023-03-26,,399.0,Australia,0,1043
1998,Premium,2023-02-15,,399.0,UK,0,1082
1999,Basic,2023-06-25,,799.0,India,0,952
2000,Standard,2023-03-01,,199.0,Unknown,0,1068
2001,Standard,2023-03-14,2024-02-12,199.0,India,1,335
2002,Standard,2023-03-10,,799.0,US,0,1059
2003,Standard,2023-11-24,,199.0,Germany,0,800
2004,Standard,2023-06-06,,799.0,India,0,971
2005,Standard,2023-08-05,,199.0,US,0,911
2006,Basic,2023-11-29,,799.0,Unknown,0,795
2007,Premium,2023-01-11,,799.0,India,0,1117
2008,Basic,2023-06-10,,399.0,UK,0,967
2009,Basic,2023-05-15,2023-08-04,399.0,Australia,1,81
2010,Premium,2023-04-20,,799.0,Germany,0,1018
2011,Premium,2023-06-05,,799.0,Unknown,0,972
2012,Standard,2023-03-08,,799.0,Unknown,0,1061
2013,Basic,2023-10-14,,399.0,UK,0,841
2014,Premium,2023-04-06,,399.0,Unknown,0,1032
2015,Unknown,2023-05-30,,199.0,UK,0,978
2016,Standard,2023-06-23,,199.0,Germany,0,954
2017,Basic,2023-03-24,,399.0,Germany,0,1045
2018,Basic,2023-10-29,,199.0,India,0,826
2019,Standard,2023-01-17,,799.0,India,0,1111
2020,Basic,2023-09-10,,399.0,UK,0,875
2021,Basic,2023-10-13,,399.0,Unknown,0,842
2022,Unknown,2023-10-30,,799.0,Australia,0,825
2023,Standard,2023-09-26,,199.0,Unknown,0,859
2024,Standard,2023-03-28,,199.0,Unknown,0,1041
2025,Basic,2023-04-07,,799.0,US,0,1031
2026,Basic,2023-01-30,2023-08-10,799.0,India,1,192
2027,Basic,2023-05-23,,399.0,US,0,985
2028,Basic,2023-02-27,,199.0,US,0,1070
2029,Standard,2023-06-11,,399.0,US,0,966
2030,Premium,2023-08-02,,399.0,Australia,0,914
2031,Unknown,2023-12-08,,199.0,Australia,0,786
2032,Unknown,2023-05-05,,799.0,UK,0,1003
2033,Basic,2023-05-29,,799.0,India,0,979
2034,Basic,2023-02-16,,799.0,Unknown,0,1081
2035,Standard,2023-11-30,,399.0,India,0,794
2036,Basic,2023-01-13,,199.0,Australia,0,1115
2037,Premium,2023-09-08,,399.0,UK,0,877
2038,Standard,2023-12-20,,399.0,US,0,774
2039,Basic,2023-03-20,,199.0,Australia,0,1049
2040,Basic,2023-01-13,,199.0,US,0,1115
2041,Basic,2023-08-02,,199.0,US,0,914
2042,Standard,2023-02-22,2023-10-16,799.0,Unknown,1,236
2043,Basic,2023-10-23,2024-02-03,399.0,India,1,103
2044,Unknown,2023-07-23,,199.0,UK,0,924
2045,Premium,2023-10-09,,399.0,India,0,846
2046,Premium,2023-12-18,,199.0,India,0,776
2047,Premium,2023-08-16,,399.0,US,0,900
2048,Standard,2023-03-25,,399.0,UK,0,1044
2049,Premium,2023-05-12,,799.0,Germany,0,996
2050,Standard,2023-05-06,,199.0,Germany,0,1002
2051,Standard,2023-04-29,,199.0,US,0,1009
2052,Basic,2023-02-15,,399.0,US,0,1082
2053,Standard,2023-01-02,,799.0,Unknown,0,1126
2054,Standard,2023-01-12,,199.0,US,0,1116
2055,Standard,2023-12-13,,799.0,US,0,781
2056,Premium,2023-01-27,,799.0,UK,0,1101
2057,Standard,2023-03-07,2024-01-26,399.0,India,1,325
2058,Basic,2023-08-06,,199.0,Unknown,0,910
2059,Basic,2023-04-28,,199.0,Germany,0,1010
2060,Premium,2023-03-28,2024-01-03,199.0,US,1,281
2061,Premium,2023-12-25,,399.0,Unknown,0,769
2062,Basic,2023-09-25,,199.0,Germany,0,860
2063,Basic,2023-07-02,,799.0,US,0,945
2064,Basic,2023-06-02,,199.0,US,0,975
2065,Basic,2023-06-10,,199.0,Australia,0,967
2066,Premium,2023-04-15,,799.0,UK,0,1023
2067,Basic,2023-03-26,,199.0,Australia,0,1043
2068,Standard,2023-02-12,2023-06-17,399.0,Unknown,1,125
2069,Premium,2023-07-13,2023-11-03,399.0,Unknown,1,113
2070,Basic,2023-01-26,,399.0,Germany,0,1102
2071,Standard,2023-11-14,2024-03-15,399.0,Unknown,1,122
2072,Standard,2023-12-18,2024-02-15,199.0,Australia,1,59
2073,Basic,2023-06-05,,799.0,US,0,972
2074,Basic,2023-10-27,,199.0,Australia,0,828
2075,Basic,2023-07-20,,399.0,US,0,927
2076,Basic,2023-11-13,,799.0,US,0,811
2077,Basic,2023-06-27,,799.0,India,0,950
2078,Basic,2023-11-16,,799.0,Australia,0,808
2079,Basic,2023-08-20,,199.0,India,0,896
2080,Unknown,2023-04-19,2023-06-05,199.0,Germany,1,47
2081,Standard,2023-03-20,,199.0,Germany,0,1049
2082,Premium,2023-09-30,2023-10-26,199.0,UK,1,26
2083,Premium,2023-01-31,,399.0,Australia,0,1097
2084,Basic,2023-07-27,,399.0,Germany,0,920
2085,Basic,2023-02-22,,199.0,UK,0,1075
2086,Unknown,2023-10-26,,399.0,Australia,0,829
2087,Standard,2023-03-09,,799.0,Australia,0,1060
2088,Standard,2023-05-31,,399.0,Australia,0,977
2089,Premium,2023-12-12,,799.0,UK,0,782
2090,Basic,2023-12-06,,799.0,India,0,788
2091,Standard,2023-10-15,,199.0,US,0,840
2092,Basic,2023-04-09,,399.0,Germany,0,1029
2093,Basic,2023-03-26,,399.0,UK,0,1043
2094,Basic,2023-01-09,2023-06-18,199.0,US,1,160
2095,Basic,2023-06-13,2023-09-02,199.0,India,1,81
2096,Basic,2023-02-01,,799.0,Germany,0,1096
2097,Standard,2023-08-17,,199.0,India,0,899
2098,Standard,2023-10-05,,199.0,Australia,0,850
2099,Premium,2023-12-24,,399.0,Unknown,0,770
2100,Basic,2023-09-19,,399.0,Australia,0,866
2101,Basic,2023-05-05,,799.0,US,0,1003
2102,Standard,2023-01-03,2023-02-11,199.0,Australia,1,39
2103,Basic,2023-12-20,,799.0,Germany,0,774
2104,Premium,2023-01-11,,199.0,Germany,0,1117
2105,Basic,2023-05-07,,399.0,US,0,1001
2106,Basic,2023-06-06,,399.0,US,0,971
2107,Premium,2023-08-06,,399.0,Unknown,0,910
2108,Basic,2023-07-06,,199.0,India,0,941
2109,Standard,2023-02-14,,199.0,India,0,1083
2110,Basic,2023-01-12,,799.0,US,0,1116
2111,Basic,2023-03-25,,799.0,US,0,1044
2112,Standard,2023-05-17,,199.0,Germany,0,991
2113,Standard,2023-06-29,,399.0,Germany,0,948
2114,Basic,2023-02-10,2024-01-29,199.0,US,1,353
2115,Standard,2023-08-02,,199.0,India,0,914
2116,Standard,2023-06-24,,199.0,Unknown,0,953
2117,Standard,2023-11-14,,799.0,Unknown,0,810
2118,Basic,2023-04-25,,399.0,Germany,0,1013
2119,Standard,2023-06-07,,199.0,Unknown,0,970
2120,Unknown,2023-04-06,,199.0,Unknown,0,1032
2121,Basic,2023-12-04,,199.0,India,0,790
2122,Standard,2023-01-15,,399.0,US,0,1113
2123,Basic,2023-08-11,,199.0,India,0,905
2124,Standard,2023-01-26,,199.0,Germany,0,1102
2125,Basic,2023-07-29,,399.0,US,0,918
2126,Standard,2023-08-12,2024-01-31,399.0,Germany,1,172
2127,Standard,2023-09-26,,199.0,UK,0,859
2128,Premium,2023-01-07,,399.0,UK,0,1121
2129,Premium,2023-11-30,,799.0,Germany,0,794
2130,Premium,2023-02-10,,199.0,Unknown,0,1087
2131,Unknown,2023-12-04,,199.0,UK,0,790
2132,Basic,2023-12-28,,199.0,India,0,766
2133,Premium,2023-08-18,,199.0,Germany,0,898
2134,Premium,2023-06-25,,799.0,India,0,952
2135,Basic,2023-11-10,,199.0,Germany,0,814
2136,Standard,2023-03-19,,199.0,Unknown,0,1050
2137,Standard,2023-01-20,,799.0,Germany,0,1108
2138,Basic,2023-01-13,2023-07-18,399.0,India,1,186
2139,Standard,2023-04-06,,399.0,US,0,1032
2140,Standard,2023-10-18,,399.0,Germany,0,837
2141,Standard,2023-12-07,,799.0,US,0,787
2142,Basic,2023-07-21,,399.0,Australia,0,926
2143,Premium,2023-04-12,,199.0,Unknown,0,1026
2144,Basic,2023-01-11,2023-09-23,799.0,India,1,255
2145,Premium,2023-11-30,,399.0,Australia,0,794
2146,Basic,2023-03-31,,199.0,UK,0,1038
2147,Standard,2023-05-12,2024-01-04,799.0,Germany,1,237
2148,Basic,2023-03-12,2023-05-23,199.0,Germany,1,72
2149,Standard,2023-09-28,,199.0,US,0,857
2150,Standard,2023-12-11,,199.0,Germany,0,783
2151,Basic,2023-02-01,,399.0,India,0,1096
2152,Standard,2023-07-25,,199.0,UK,0,922
2153,Standard,2023-01-17,,399.0,India,0,1111
2154,Basic,2023-11-28,,399.0,UK,0,796
2155,Basic,2023-10-07,,199.0,UK,0,848
2156,Basic,2023-04-30,,399.0,Germany,0,1008
2157,Basic,2023-08-05,,799.0,Unknown,0,911
2158,Premium,2023-07-08,,199.0,Germany,0,939
2159,Basic,2023-11-20,,399.0,US,0,804
2160,Premium,2023-06-20,,799.0,Australia,0,957
2161,Standard,2023-07-13,2023-09-04,199.0,Germany,1,53
2162,Standard,2023-07-09,,799.0,Germany,0,938
2163,Standard,2023-03-01,,199.0,India,0,1068
2164,Basic,2023-09-08,,199.0,India,0,877
2165,Premium,2023-12-23,,199.0,Germany,0,771
2166,Basic,2023-03-03,2024-03-16,199.0,UK,1,379
2167,Premium,2023-04-17,,399.0,Germany,0,1021
2168,Basic,2023-05-17,,399.0,US,0,991
2169,Basic,2023-03-25,,399.0,Australia,0,1044
2170,Basic,2023-03-15,2024-02-16,799.0,India,1,338
2171,Standard,2023-04-15,2023-07-07,199.0,Australia,1,83
2172,Basic,2023-05-12,,199.0,Australia,0,996
2173,Basic,2023-02-07,,199.0,Australia,0,1090
2174,Standard,2023-08-29,,399.0,India,0,887
2175,Standard,2023-05-18,,199.0,UK,0,990
2176,Basic,2023-04-12,,799.0,Germany,0,1026
2177,Premium,2023-06-14,,199.0,UK,0,963
2178,Standard,2023-09-04,,399.0,UK,0,881
2179,Basic,2023-11-24,2023-11-25,199.0,US,1,1
2180,Standard,2023-09-13,,799.0,Australia,0,872
2181,Basic,2023-10-18,,399.0,Germany,0,837
2182,Standard,2023-05-29,,199.0,US,0,979
2183,Basic,2023-04-25,,399.0,US,0,1013
2184,Premium,2023-01-21,,399.0,India,0,1107
2185,Basic,2023-12-18,,799.0,UK,0,776
2186,Basic,2023-04-19,,399.0,US,0,1019
2187,Basic,2023-01-13,,399.0,US,0,1115
2188,Standard,2023-03-11,,799.0,US,0,1058
2189,Basic,2023-12-04,,199.0,Australia,0,790
2190,Standard,2023-03-24,,199.0,Unknown,0,1045
2191,Basic,2023-08-07,,199.0,Australia,0,909
2192,Standard,2023-01-01,,199.0,Australia,0,1127
2193,Basic,2023-03-03,,399.0,Germany,0,1066
2194,Basic,2023-02-19,,199.0,India,0,1078
2195,Basic,2023-11-15,,199.0,US,0,809
2196,Basic,2023-05-01,2023-07-17,199.0,Germany,1,77
2197,Standard,2023-05-13,2024-03-20,199.0,Unknown,1,312
2198,Premium,2023-11-13,,799.0,India,0,811
2199,Premium,2023-09-10,,199.0,Unknown,0,875
2200,Unknown,2023-06-28,,199.0,Australia,0,949
2201,Basic,2023-05-12,,399.0,Australia,0,996
2202,Standard,2023-11-29,,799.0,US,0,795
2203,Basic,2023-06-09,,399.0,India,0,968
2204,Premium,2023-08-11,,199.0,Germany,0,905
2205,Premium,2023-09-11,2024-02-12,799.0,Australia,1,154
2206,Standard,2023-04-17,2023-12-16,199.0,India,1,243
2207,Unknown,2023-12-27,,799.0,UK,0,767
2208,Standard,2023-08-12,2024-03-03,199.0,Germany,1,204
2209,Standard,2023-05-10,,199.0,India,0,998
2210,Basic,2023-05-20,,199.0,Australia,0,988
2211,Premium,2023-04-04,,799.0,Germany,0,1034
2212,Standard,2023-06-30,,199.0,UK,0,947
2213,Standard,2023-03-19,2023-09-24,199.0,Germany,1,189
2214,Basic,2023-08-15,2023-10-28,799.0,US,1,74
2215,Premium,2023-06-09,,399.0,UK,0,968
2216,Basic,2023-08-19,2023-11-23,799.0,Germany,1,96
2217,Standard,2023-12-14,,199.0,Australia,0,780
2218,Basic,2023-04-29,,399.0,Australia,0,1009
2219,Basic,2023-07-23,,399.0,Germany,0,924
2220,Basic,2023-10-10,2024-01-03,199.0,Australia,1,85
2221,Standard,2023-09-04,,199.0,Germany,0,881
2222,Premium,2023-07-16,,199.0,India,0,931
2223,Basic,2023-01-21,,799.0,US,0,1107
2224,Basic,2023-07-09,,199.0,India,0,938
2225,Standard,2023-10-12,,199.0,US,0,843
2226,Basic,2023-11-22,,199.0,US,0,802
2227,Basic,2023-09-23,,199.0,Germany,0,862
2228,Basic,2023-09-17,2023-12-29,199.0,India,1,103
2229,Basic,2023-09-30,,399.0,UK,0,855
2230,Premium,2023-12-23,,399.0,Australia,0,771
2231,Basic,2023-05-17,2023-12-15,199.0,Australia,1,212
2232,Standard,2023-07-16,,199.0,Australia,0,931
2233,Basic,2023-06-27,2023-12-31,399.0,US,1,187
2234,Unknown,2023-09-19,,399.0,India,0,866
2235,Basic,2023-10-07,,399.0,Australia,0,848
2236,Standard,2023-05-11,,799.0,US,0,997
2237,Basic,2023-07-05,,199.0,UK,0,942
2238,Basic,2023-09-29,,399.0,Australia,0,856
2239,Basic,2023-04-25,,399.0,US,0,1013
2240,Basic,2023-01-09,,199.0,Unknown,0,1119
2241,Basic,2023-03-12,,199.0,India,0,1057
2242,Standard,2023-08-21,,199.0,Unknown,0,895
2243,Standard,2023-01-02,,799.0,Unknown,0,1126
2244,Basic,2023-09-19,,199.0,Unknown,0,866
2245,Premium,2023-10-25,,399.0,Australia,0,830
2246,Basic,2023-09-10,,399.0,UK,0,875
2247,Standard,2023-01-31,2023-09-12,199.0,UK,1,224
2248,Premium,2023-10-09,,199.0,Unknown,0,846
2249,Standard,2023-01-21,2023-07-29,399.0,Germany,1,189
2250,Basic,2023-05-25,,199.0,Unknown,0,983
2251,Basic,2023-07-20,2024-02-08,799.0,Australia,1,203
2252,Basic,2023-02-08,2024-01-16,199.0,Australia,1,342
2253,Basic,2023-02-25,,399.0,India,0,1072
2254,Standard,2023-01-12,,199.0,Australia,0,1116
2255,Unknown,2023-07-05,,399.0,Australia,0,942
2256,Basic,2023-11-11,,799.0,UK,0,813
2257,Premium,2023-06-21,,399.0,Germany,0,956
2258,Basic,2023-12-30,,799.0,UK,0,764
2259,Unknown,2023-09-22,,199.0,UK,0,863
2260,Basic,2023-09-03,,399.0,Germany,0,882
2261,Basic,2023-11-18,,799.0,India,0,806
2262,Basic,2023-11-05,2023-11-15,199.0,Unknown,1,10
2263,Basic,2023-03-23,2023-07-07,399.0,Unknown,1,106
2264,Basic,2023-10-16,,399.0,Unknown,0,839
2265,Premium,2023-06-14,,199.0,US,0,963
2266,Standard,2023-06-13,,199.0,UK,0,964
2267,Basic,2023-11-10,,199.0,Unknown,0,814
2268,Standard,2023-04-11,,399.0,Germany,0,1027
2269,Standard,2023-06-13,,799.0,US,0,964
2270,Basic,2023-05-10,,199.0,Germany,0,998
2271,Unknown,2023-09-15,,799.0,UK,0,870
2272,Basic,2023-10-27,,399.0,Germany,0,828
2273,Standard,2023-10-22,,399.0,India,0,833
2274,Basic,2023-10-30,,199.0,Germany,0,825
2275,Standard,2023-04-19,,199.0,UK,0,1019
2276,Unknown,2023-06-03,,399.0,Australia,0,974
2277,Premium,2023-06-01,2024-01-08,199.0,Germany,1,221
2278,Basic,2023-05-14,,199.0,India,0,994
2279,Standard,2023-02-06,2023-08-05,199.0,India,1,180
2280,Standard,2023-02-11,2024-01-16,799.0,Germany,1,339
2281,Basic,2023-08-01,,199.0,India,0,915
2282,Standard,2023-06-24,,399.0,US,0,953
2283,Basic,2023-11-12,,799.0,US,0,812
2284,Premium,2023-03-24,,199.0,Germany,0,1045
2285,Basic,2023-02-04,,399.0,India,0,1093
2286,Basic,2023-09-29,,199.0,US,0,856
2287,Premium,2023-08-07,,799.0,UK,0,909
2288,Basic,2023-09-10,,399.0,India,0,875
2289,Standard,2023-08-02,,799.0,Germany,0,914
2290,Premium,2023-05-23,2024-02-19,399.0,Unknown,1,272
2291,Standard,2023-01-02,,799.0,UK,0,1126
2292,Premium,2023-03-09,,399.0,Unknown,0,1060
2293,Basic,2023-07-02,2023-12-25,199.0,UK,1,176
2294,Basic,2023-01-21,,199.0,Germany,0,1107
2295,Standard,2023-08-30,,399.0,Australia,0,886
2296,Basic,2023-07-24,,199.0,Australia,0,923
2297,Unknown,2023-04-21,,199.0,US,0,1017
2298,Standard,2023-09-26,,199.0,Australia,0,859
2299,Standard,2023-10-23,,199.0,Unknown,0,832
2300,Standard,2023-12-04,,399.0,US,0,790
2301,Standard,2023-07-01,,399.0,Australia,0,946
2302,Basic,2023-02-16,,799.0,Australia,0,1081
2303,Basic,2023-10-09,,799.0,Unknown,0,846
2304,Basic,2023-08-22,,199.0,India,0,894
2305,Basic,2023-05-16,,799.0,Germany,0,992
2306,Standard,2023-11-23,,399.0,India,0,801
2307,Basic,2023-03-24,,199.0,Germany,0,1045
2308,Premium,2023-06-15,,399.0,Germany,0,962
2309,Basic,2023-05-08,,399.0,India,0,1000
2310,Basic,2023-02-13,,799.0,Australia,0,1084
2311,Premium,2023-02-01,,799.0,UK,0,1096
2312,Standard,2023-12-18,,799.0,Australia,0,776
2313,Basic,2023-06-04,2024-03-18,399.0,Unknown,1,288
2314,Standard,2023-10-10,,799.0,UK,0,845
2315,Basic,2023-04-19,,199.0,UK,0,1019
2316,Basic,2023-06-14,,199.0,India,0,963
2317,Unknown,2023-05-26,,199.0,US,0,982
2318,Premium,2023-02-03,,799.0,Australia,0,1094
2319,Standard,2023-07-07,,399.0,Unknown,0,940
2320,Basic,2023-01-14,2023-05-11,399.0,UK,1,117
2321,Standard,2023-04-09,2023-05-15,199.0,Unknown,1,36
2322,Basic,2023-04-08,,199.0,Unknown,0,1030
2323,Basic,2023-10-02,,199.0,Unknown,0,853
2324,Premium,2023-03-26,2023-06-16,199.0,Germany,1,82
2325,Basic,2023-12-23,,799.0,Australia,0,771
2326,Basic,2023-10-29,,199.0,Australia,0,826
2327,Premium,2023-10-12,,199.0,Australia,0,843
2328,Standard,2023-04-30,,399.0,Germany,0,1008
2329,Standard,2023-12-26,,799.0,Unknown,0,768
2330,Basic,2023-02-08,,399.0,Unknown,0,1089
2331,Basic,2023-12-01,,199.0,US,0,793
2332,Basic,2023-02-12,,799.0,Unknown,0,1085
2333,Basic,2023-10-01,,199.0,Australia,0,854
2334,Basic,2023-08-19,,199.0,India,0,897
2335,Premium,2023-02-21,2023-11-15,199.0,UK,1,267
2336,Standard,2023-07-02,,199.0,Australia,0,945
2337,Standard,2023-11-06,,199.0,Unknown,0,818
2338,Basic,2023-12-23,,199.0,UK,0,771
2339,Standard,2023-11-13,,199.0,Australia,0,811
2340,Basic,2023-06-23,,399.0,US,0,954
2341,Basic,2023-06-14,,199.0,Unknown,0,963
2342,Standard,2023-11-09,,399.0,Germany,0,815
2343,Standard,2023-08-31,,399.0,Germany,0,885
2344,Unknown,2023-01-18,,399.0,Unknown,0,1110
2345,Premium,2023-03-17,,399.0,Germany,0,1052
2346,Basic,2023-08-19,,399.0,US,0,897
2347,Basic,2023-05-10,,199.0,UK,0,998
2348,Basic,2023-12-07,,199.0,Unknown,0,787
2349,Basic,2023-11-19,2023-12-30,799.0,UK,1,41
2350,Standard,2023-11-15,,399.0,Germany,0,809
2351,Basic,2023-12-29,,799.0,India,0,765
2352,Basic,2023-10-31,,399.0,Unknown,0,824
2353,Standard,2023-11-10,,199.0,Unknown,0,814
2354,Premium,2023-01-23,,199.0,Unknown,0,1105
2355,Premium,2023-02-09,2023-02-09,199.0,Australia,1,0
2356,Basic,2023-07-28,,399.0,India,0,919
2357,Basic,2023-09-21,,199.0,UK,0,864
2358,Basic,2023-10-29,,199.0,Germany,0,826
2359,Basic,2023-07-02,,399.0,Germany,0,945
2360,Premium,2023-06-26,,399.0,Australia,0,951
2361,Basic,2023-10-10,,799.0,US,0,845
2362,Standard,2023-01-09,,199.0,US,0,1119
2363,Standard,2023-10-30,,799.0,India,0,825
2364,Standard,2023-09-08,,199.0,UK,0,877
2365,Premium,2023-04-09,,399.0,Unknown,0,1029
2366,Basic,2023-02-09,2023-07-09,399.0,Unknown,1,150
2367,Basic,2023-12-12,,199.0,US,0,782
2368,Standard,2023-12-26,,799.0,Australia,0,768
2369,Basic,2023-01-02,,799.0,Australia,0,1126
2370,Basic,2023-07-16,,799.0,Germany,0,931
2371,Basic,2023-02-16,,399.0,Germany,0,1081
2372,Basic,2023-07-19,,199.0,US,0,928
2373,Basic,2023-07-21,,799.0,Germany,0,926
2374,Basic,2023-04-06,,399.0,US,0,1032
2375,Premium,2023-05-18,,199.0,Australia,0,990
2376,Basic,2023-02-08,2023-11-19,199.0,US,1,284
2377,Basic,2023-05-16,,199.0,US,0,992
2378,Premium,2023-09-12,2024-03-09,399.0,Unknown,1,179
2379,Premium,2023-10-25,,399.0,Australia,0,830
2380,Standard,2023-07-06,,399.0,Australia,0,941
2381,Unknown,2023-06-19,,799.0,Unknown,0,958
2382,Basic,2023-12-28,,199.0,India,0,766
2383,Basic,2023-01-18,,399.0,Australia,0,1110
2384,Premium,2023-08-04,,199.0,India,0,912
2385,Unknown,2023-05-27,,199.0,Germany,0,981
2386,Basic,2023-06-22,,799.0,Germany,0,955
2387,Standard,2023-08-19,,199.0,UK,0,897
2388,Basic,2023-10-22,,199.0,Australia,0,833
2389,Basic,2023-02-04,,399.0,UK,0,1093
2390,Premium,2023-10-17,,799.0,UK,0,838
2391,Premium,2023-12-11,,799.0,Australia,0,783
2392,Basic,2023-12-25,,399.0,Australia,0,769
2393,Basic,2023-12-21,,399.0,Australia,0,773
2394,Unknown,2023-02-21,,399.0,US,0,1076
2395,Standard,2023-05-01,2023-11-11,799.0,Unknown,1,194
2396,Standard,2023-07-14,,399.0,UK,0,933
2397,Basic,2023-06-07,2024-01-10,399.0,Australia,1,217
2398,Standard,2023-09-18,,199.0,UK,0,867
2399,Basic,2023-01-14,,799.0,UK,0,1114
2400,Basic,2023-09-10,,399.0,Unknown,0,875
2401,Basic,2023-03-19,,199.0,Unknown,0,1050
2402,Standard,2023-09-06,,199.0,UK,0,879
2403,Standard,2023-03-24,,399.0,Unknown,0,1045
2404,Standard,2023-07-03,2024-02-15,199.0,Germany,1,227
2405,Basic,2023-07-14,,199.0,US,0,933
2406,Basic,2023-01-05,,199.0,Unknown,0,1123
2407,Premium,2023-03-11,,399.0,US,0,1058
2408,Premium,2023-03-18,2023-04-03,199.0,UK,1,16
2409,Premium,2023-06-14,2023-07-22,199.0,Germany,1,38
2410,Basic,2023-12-06,,199.0,India,0,788
2411,Standard,2023-09-01,,799.0,US,0,884
2412,Premium,2023-06-03,,199.0,India,0,974
2413,Basic,2023-09-26,,399.0,Australia,0,859
2414,Standard,2023-10-15,,399.0,Germany,0,840
2415,Premium,2023-04-25,,199.0,UK,0,1013
2416,Standard,2023-08-30,2023-09-22,399.0,Australia,1,23
2417,Standard,2023-10-13,,199.0,Germany,0,842
2418,Basic,2023-04-30,,199.0,Unknown,0,1008
2419,Basic,2023-02-23,,799.0,US,0,1074
2420,Standard,2023-11-06,,199.0,India,0,818
2421,Standard,2023-07-23,,199.0,Australia,0,924
2422,Basic,2023-06-04,,199.0,Germany,0,973
2423,Basic,2023-09-02,,399.0,Germany,0,883
2424,Basic,2023-08-05,2023-11-08,199.0,Unknown,1,95
2425,Standard,2023-01-18,2023-07-05,199.0,India,1,168
2426,Basic,2023-04-04,,399.0,Unknown,0,1034
2427,Standard,2023-08-05,,199.0,Unknown,0,911
2428,Basic,2023-04-07,2023-07-28,799.0,US,1,112
2429,Standard,2023-03-19,,399.0,Unknown,0,1050
2430,Basic,2023-08-05,,399.0,India,0,911
2431,Premium,2023-03-28,2023-10-15,399.0,India,1,201
2432,Basic,2023-08-16,,199.0,India,0,900
2433,Basic,2023-10-07,,199.0,Australia,0,848
2434,Premium,2023-07-23,,399.0,Australia,0,924
2435,Basic,2023-12-14,,199.0,UK,0,780
2436,Basic,2023-03-02,,399.0,UK,0,1067
2437,Basic,2023-12-14,,399.0,Germany,0,780
2438,Basic,2023-12-25,,199.0,Germany,0,769
2439,Basic,2023-12-07,,199.0,Unknown,0,787
2440,Basic,2023-05-01,,399.0,US,0,1007
2441,Standard,2023-12-22,,399.0,Australia,0,772
2442,Basic,2023-05-17,2024-03-12,399.0,UK,1,300
2443,Basic,2023-04-13,,199.0,Germany,0,1025
2444,Basic,2023-04-18,2024-02-12,199.0,Unknown,1,300
2445,Standard,2023-12-15,,399.0,Australia,0,779
2446,Standard,2023-05-25,,199.0,Germany,0,983
2447,Premium,2023-01-25,,399.0,UK,0,1103
2448,Standard,2023-01-10,,799.0,US,0,1118
2449,Basic,2023-06-09,,799.0,US,0,968
2450,Basic,2023-10-17,,199.0,Australia,0,838
2451,Premium,2023-07-21,2023-11-26,399.0,Germany,1,128
2452,Standard,2023-01-26,,199.0,Germany,0,1102
2453,Basic,2023-09-12,,399.0,Australia,0,873
2454,Basic,2023-09-24,,399.0,UK,0,861
2455,Standard,2023-09-09,2024-03-04,399.0,Australia,1,177
2456,Basic,2023-11-17,,399.0,US,0,807
2457,Basic,2023-07-02,,199.0,Australia,0,945
2458,Basic,2023-03-10,,399.0,India,0,1059
2459,Basic,2023-05-09,2024-01-22,799.0,Germany,1,258
2460,Premium,2023-07-27,,799.0,Unknown,0,920
2461,Basic,2023-08-05,,799.0,India,0,911
2462,Premium,2023-01-30,,199.0,UK,0,1098
2463,Premium,2023-02-27,,199.0,Unknown,0,1070
2464,Basic,2023-08-29,,799.0,India,0,887
2465,Premium,2023-09-08,,199.0,India,0,877
2466,Basic,2023-02-04,,199.0,US,0,1093
2467,Basic,2023-08-27,,399.0,US,0,889
2468,Basic,2023-06-08,,199.0,US,0,969
2469,Basic,2023-01-01,,399.0,Australia,0,1127
2470,Basic,2023-04-11,,199.0,Unknown,0,1027
2471,Premium,2023-12-31,,199.0,Unknown,0,763
2472,Premium,2023-10-08,,399.0,India,0,847
2473,Basic,2023-04-29,2023-07-30,199.0,Australia,1,92
2474,Basic,2023-05-29,,799.0,UK,0,979
2475,Unknown,2023-01-25,,199.0,Unknown,0,1103
2476,Basic,2023-10-19,,399.0,US,0,836
2477,Standard,2023-08-29,,199.0,Australia,0,887
2478,Standard,2023-08-05,,399.0,India,0,911
2479,Standard,2023-05-25,,199.0,Unknown,0,983
2480,Basic,2023-04-21,,199.0,Australia,0,1017
2481,Basic,2023-11-06,,199.0,Australia,0,818
2482,Basic,2023-04-05,2024-01-21,399.0,Australia,1,291
2483,Premium,2023-01-02,,799.0,Unknown,0,1126
2484,Standard,2023-12-08,,799.0,Australia,0,786
2485,Premium,2023-01-30,2024-03-23,799.0,UK,1,418
2486,Basic,2023-12-18,,199.0,Australia,0,776
2487,Basic,2023-05-10,,399.0,US,0,998
2488,Premium,2023-05-21,,799.0,Germany,0,987
2489,Basic,2023-11-09,,799.0,Germany,0,815
2490,Basic,2023-10-22,,199.0,India,0,833
2491,Basic,2023-09-03,,799.0,Germany,0,882
2492,Basic,2023-12-14,,199.0,US,0,780
2493,Standard,2023-03-31,,199.0,Australia,0,1038
2494,Premium,2023-03-07,,199.0,Australia,0,1062
2495,Standard,2023-11-02,,399.0,Australia,0,822
2496,Basic,2023-10-03,,199.0,Unknown,0,852
2497,Premium,2023-01-12,,399.0,Germany,0,1116
2498,Basic,2023-04-26,,199.0,Germany,0,1012
2499,Basic,2023-08-27,,799.0,Unknown,0,889
2500,Basic,2023-09-04,,399.0,UK,0,881
2501,Premium,2023-01-25,,199.0,US,0,1103
2502,Basic,2023-06-11,2024-02-27,199.0,UK,1,261
2503,Premium,2023-01-22,,199.0,Australia,0,1106
2504,Standard,2023-03-13,,199.0,Unknown,0,1056
2505,Standard,2023-10-25,,199.0,India,0,830
2506,Premium,2023-12-21,,399.0,Australia,0,773
2507,Basic,2023-09-02,,399.0,Germany,0,883
2508,Basic,2023-04-10,,199.0,UK,0,1028
2509,Premium,2023-04-23,,399.0,India,0,1015
2510,Standard,2023-08-19,,399.0,Germany,0,897
2511,Basic,2023-09-29,,199.0,UK,0,856
2512,Standard,2023-07-11,,199.0,Germany,0,936
2513,Standard,2023-02-19,,399.0,Unknown,0,1078
2514,Standard,2023-08-04,2023-08-14,199.0,US,1,10
2515,Standard,2023-06-23,,399.0,Australia,0,954
2516,Standard,2023-01-28,,199.0,Unknown,0,1100
2517,Basic,2023-01-11,,199.0,Unknown,0,1117
2518,Standard,2023-11-29,,799.0,Unknown,0,795
2519,Premium,2023-10-22,,199.0,Australia,0,833
2520,Premium,2023-05-27,,199.0,UK,0,981
2521,Basic,2023-06-24,,399.0,Australia,0,953
2522,Basic,2023-03-12,,399.0,Germany,0,1057
2523,Basic,2023-05-13,,399.0,UK,0,995
2524,Basic,2023-07-23,,399.0,US,0,924
2525,Basic,2023-01-22,,199.0,UK,0,1106
2526,Basic,2023-08-13,,399.0,US,0,903
2527,Standard,2023-11-23,,799.0,UK,0,801
2528,Basic,2023-10-23,,199.0,India,0,832
2529,Standard,2023-05-20,,199.0,UK,0,988
2530,Basic,2023-06-19,,199.0,Australia,0,958
2531,Unknown,2023-11-19,,199.0,Unknown,0,805
2532,Basic,2023-08-05,2023-10-05,399.0,Unknown,1,61
2533,Premium,2023-07-12,,199.0,Unknown,0,935
2534,Standard,2023-06-11,2023-09-18,399.0,India,1,99
2535,Premium,2023-07-26,,199.0,UK,0,921
2536,Basic,2023-06-11,,799.0,Germany,0,966
2537,Basic,2023-09-22,2023-11-22,199.0,Unknown,1,61
2538,Standard,2023-03-07,,399.0,India,0,1062
2539,Basic,2023-12-19,,399.0,Australia,0,775
2540,Basic,2023-12-21,,199.0,Australia,0,773
2541,Standard,2023-04-14,,199.0,Unknown,0,1024
2542,Basic,2023-01-31,2023-07-03,799.0,Germany,1,153
2543,Premium,2023-07-09,,199.0,US,0,938
2544,Standard,2023-10-06,,799.0,Germany,0,849
2545,Standard,2023-09-25,,199.0,Australia,0,860
2546,Standard,2023-08-21,,799.0,Unknown,0,895
2547,Premium,2023-02-23,,799.0,US,0,1074
2548,Basic,2023-11-16,,799.0,Germany,0,808
2549,Basic,2023-07-24,,399.0,Australia,0,923
2550,Basic,2023-10-01,,199.0,Unknown,0,854
2551,Unknown,2023-07-04,2023-08-13,199.0,Australia,1,40
2552,Basic,2023-09-05,,399.0,UK,0,880
2553,Standard,2023-02-10,,399.0,India,0,1087
2554,Basic,2023-01-05,,399.0,UK,0,1123
2555,Premium,2023-04-25,,199.0,India,0,1013
2556,Basic,2023-04-04,2024-02-21,399.0,India,1,323
2557,Standard,2023-05-04,,199.0,UK,0,1004
2558,Basic,2023-02-17,,399.0,India,0,1080
2559,Premium,2023-10-14,,199.0,India,0,841
2560,Basic,2023-01-10,2023-10-13,199.0,Australia,1,276
2561,Standard,2023-05-03,,399.0,US,0,1005
2562,Standard,2023-11-27,,399.0,Unknown,0,797
2563,Basic,2023-10-20,,199.0,Unknown,0,835
2564,Standard,2023-01-14,,199.0,Germany,0,1114
2565,Basic,2023-10-15,,399.0,Unknown,0,840
2566,Premium,2023-04-21,,199.0,US,0,1017
2567,Standard,2023-05-27,,399.0,India,0,981
2568,Basic,2023-08-05,,199.0,India,0,911
2569,Basic,2023-07-29,,199.0,UK,0,918
2570,Basic,2023-03-14,2023-07-04,799.0,Germany,1,112
2571,Basic,2023-03-02,,799.0,Australia,0,1067
2572,Basic,2023-06-20,,399.0,Germany,0,957
2573,Standard,2023-04-20,,199.0,Unknown,0,1018
2574,Standard,2023-01-10,,799.0,Germany,0,1118
2575,Unknown,2023-04-25,,199.0,UK,0,1013
2576,Standard,2023-09-12,2024-01-11,399.0,Australia,1,121
2577,Premium,2023-07-13,,399.0,India,0,934
2578,Basic,2023-01-03,,199.0,Australia,0,1125
2579,Standard,2023-07-28,,199.0,Unknown,0,919
2580,Basic,2023-12-16,,799.0,India,0,778
2581,Basic,2023-07-01,,399.0,US,0,946
2582,Basic,2023-04-08,,199.0,India,0,1030
2583,Standard,2023-09-06,,199.0,India,0,879
2584,Basic,2023-10-19,,199.0,US,0,836
2585,Basic,2023-09-24,,199.0,Australia,0,861
2586,Basic,2023-05-03,,799.0,Germany,0,1005
2587,Unknown,2023-07-23,,199.0,UK,0,924
2588,Basic,2023-12-05,,199.0,UK,0,789
2589,Premium,2023-11-03,,399.0,Unknown,0,821
2590,Unknown,2023-01-11,,799.0,Unknown,0,1117
2591,Standard,2023-08-03,,399.0,Unknown,0,913
2592,Unknown,2023-10-25,,799.0,UK,0,830
2593,Unknown,2023-01-18,2023-08-16,399.0,Germany,1,210
2594,Premium,2023-03-11,,199.0,UK,0,1058
2595,Standard,2023-10-28,,399.0,Australia,0,827
2596,Basic,2023-03-01,2023-03-23,199.0,UK,1,22
2597,Basic,2023-03-14,,799.0,Unknown,0,1055
2598,Basic,2023-09-17,,399.0,UK,0,868
2599,Basic,2023-05-16,2023-08-28,199.0,Unknown,1,104
2600,Standard,2023-05-15,,199.0,UK,0,993
2601,Basic,2023-06-20,,399.0,Germany,0,957
2602,Premium,2023-08-06,,399.0,Germany,0,910
2603,Basic,2023-10-23,,399.0,India,0,832
2604,Standard,2023-07-15,,199.0,Unknown,0,932
2605,Basic,2023-04-17,,199.0,Australia,0,1021
2606,Basic,2023-08-05,,799.0,India,0,911
2607,Premium,2023-01-03,2024-03-15,799.0,Unknown,1,437
2608,Basic,2023-08-14,2023-11-17,799.0,Unknown,1,95
2609,Standard,2023-09-27,,399.0,UK,0,858
2610,Basic,2023-04-09,,399.0,UK,0,1029
2611,Standard,2023-09-01,,199.0,UK,0,884
2612,Basic,2023-09-09,,399.0,UK,0,876
2613,Basic,2023-08-24,,399.0,India,0,892
2614,Standard,2023-09-14,,199.0,US,0,871
2615,Standard,2023-03-13,,399.0,Germany,0,1056
2616,Standard,2023-08-09,,799.0,Unknown,0,907
2617,Basic,2023-02-04,,799.0,Australia,0,1093
2618,Premium,2023-05-16,,199.0,India,0,992
2619,Basic,2023-08-31,,399.0,Australia,0,885
2620,Unknown,2023-08-01,,199.0,Unknown,0,915
2621,Premium,2023-07-15,,799.0,Germany,0,932
2622,Premium,2023-10-19,,199.0,Australia,0,836
2623,Basic,2023-10-02,2024-02-27,399.0,UK,1,148
2624,Standard,2023-06-16,2023-12-02,199.0,US,1,169
2625,Unknown,2023-09-27,,399.0,Germany,0,858
2626,Standard,2023-10-15,,399.0,India,0,840
2627,Standard,2023-11-25,,399.0,US,0,799
2628,Basic,2023-03-13,,199.0,Australia,0,1056
2629,Basic,2023-07-30,,399.0,US,0,917
2630,Standard,2023-09-28,,199.0,Germany,0,857
2631,Standard,2023-04-28,,799.0,US,0,1010
2632,Standard,2023-03-17,2024-03-13,799.0,India,1,362
2633,Basic,2023-05-31,,399.0,Germany,0,977
2634,Basic,2023-05-28,,799.0,UK,0,980
2635,Premium,2023-06-21,,399.0,India,0,956
2636,Basic,2023-11-24,,199.0,Germany,0,800
2637,Unknown,2023-03-14,,399.0,US,0,1055
2638,Basic,2023-01-30,,199.0,Australia,0,1098
2639,Standard,2023-10-23,,199.0,Germany,0,832
2640,Standard,2023-11-17,,199.0,US,0,807
2641,Standard,2023-10-07,,399.0,Unknown,0,848
2642,Premium,2023-08-15,,199.0,UK,0,901
2643,Premium,2023-08-28,,399.0,Germany,0,888
2644,Premium,2023-12-24,,199.0,UK,0,770
2645,Basic,2023-07-17,,199.0,Australia,0,930
2646,Basic,2023-04-08,2023-11-05,199.0,India,1,211
2647,Basic,2023-01-11,,799.0,Unknown,0,1117
2648,Basic,2023-02-01,,199.0,India,0,1096
2649,Standard,2023-08-11,,399.0,UK,0,905
2650,Standard,2023-10-30,2024-02-20,399.0,Germany,1,113
2651,Standard,2023-04-22,,799.0,Germany,0,1016
2652,Standard,2023-06-08,,199.0,Australia,0,969
2653,Standard,2023-12-13,,799.0,Germany,0,781
2654,Basic,2023-08-06,,399.0,US,0,910
2655,Premium,2023-12-23,,199.0,Germany,0,771
2656,Premium,2023-12-31,,799.0,India,0,763
2657,Premium,2023-04-15,,199.0,India,0,1023
2658,Premium,2023-11-12,,399.0,India,0,812
2659,Basic,2023-02-11,,399.0,Germany,0,1086
2660,Basic,2023-12-30,2024-02-24,399.0,Australia,1,56
2661,Standard,2023-04-01,2023-11-14,399.0,India,1,227
2662,Basic,2023-01-07,,199.0,Australia,0,1121
2663,Standard,2023-06-07,2023-06-20,199.0,US,1,13
2664,Standard,2023-04-25,,199.0,India,0,1013
2665,Standard,2023-01-08,,399.0,UK,0,1120
2666,Basic,2023-04-11,2023-09-20,799.0,UK,1,162
2667,Standard,2023-10-20,,399.0,Germany,0,835
2668,Basic,2023-07-23,,399.0,Australia,0,924
2669,Basic,2023-08-24,,199.0,Unknown,0,892
2670,Basic,2023-05-18,,199.0,Unknown,0,990
2671,Premium,2023-01-22,2024-03-16,799.0,Germany,1,419
2672,Basic,2023-09-07,,199.0,India,0,878
2673,Premium,2023-05-20,,199.0,Unknown,0,988
2674,Standard,2023-01-29,,399.0,UK,0,1099
2675,Standard,2023-10-28,,799.0,Germany,0,827
2676,Basic,2023-05-16,,799.0,Australia,0,992
2677,Unknown,2023-03-21,,799.0,UK,0,1048
2678,Standard,2023-03-07,,399.0,Germany,0,1062
2679,Basic,2023-08-24,,399.0,India,0,892
2680,Premium,2023-12-13,,399.0,UK,0,781
2681,Standard,2023-11-03,,199.0,UK,0,821
2682,Premium,2023-08-07,,199.0,Australia,0,909
2683,Standard,2023-06-20,,199.0,India,0,957
2684,Unknown,2023-08-02,,199.0,UK,0,914
2685,Premium,2023-03-01,,399.0,UK,0,1068
2686,Standard,2023-10-26,,399.0,Unknown,0,829
2687,Premium,2023-03-05,,799.0,India,0,1064
2688,Basic,2023-06-05,,199.0,US,0,972
2689,Premium,2023-09-14,,199.0,US,0,871
2690,Standard,2023-03-24,2024-02-17,399.0,Unknown,1,330
2691,Premium,2023-12-01,,199.0,India,0,793
2692,Premium,2023-09-28,,799.0,UK,0,857
2693,Standard,2023-03-17,,199.0,Unknown,0,1052
2694,Premium,2023-07-08,,199.0,Australia,0,939
2695,Standard,2023-03-23,2023-04-03,399.0,US,1,11
2696,Standard,2023-04-19,,799.0,Unknown,0,1019
2697,Unknown,2023-04-17,,399.0,India,0,1021
2698,Standard,2023-01-11,,199.0,UK,0,1117
2699,Basic,2023-09-17,2023-10-15,199.0,India,1,28
2700,Basic,2023-10-25,,399.0,Germany,0,830
2701,Basic,2023-08-31,,199.0,India,0,885
2702,Standard,2023-04-20,,399.0,UK,0,1018
2703,Standard,2023-04-29,,799.0,Australia,0,1009
2704,Basic,2023-09-30,,199.0,India,0,855
2705,Standard,2023-01-08,,199.0,UK,0,1120
2706,Unknown,2023-04-10,,199.0,UK,0,1028
2707,Premium,2023-03-04,2023-08-29,399.0,Australia,1,178
2708,Standard,2023-05-02,,199.0,Australia,0,1006
2709,Standard,2023-01-21,2023-11-14,199.0,UK,1,297
2710,Premium,2023-01-05,,799.0,Germany,0,1123
2711,Basic,2023-04-15,,799.0,Unknown,0,1023
2712,Premium,2023-08-03,,199.0,India,0,913
2713,Standard,2023-11-26,,399.0,US,0,798
2714,Basic,2023-07-09,,799.0,Unknown,0,938
2715,Standard,2023-10-04,,799.0,Australia,0,851
2716,Basic,2023-03-19,,399.0,India,0,1050
2717,Basic,2023-06-22,,399.0,Germany,0,955
2718,Basic,2023-11-20,2024-03-07,199.0,India,1,108
2719,Basic,2023-07-15,,399.0,India,0,932
2720,Standard,2023-11-21,,399.0,Australia,0,803
2721,Basic,2023-11-20,,799.0,Germany,0,804
2722,Premium,2023-05-25,,799.0,US,0,983
2723,Basic,2023-04-19,,799.0,Germany,0,1019
2724,Premium,2023-05-16,,199.0,Germany,0,992
2725,Standard,2023-09-28,,399.0,US,0,857
2726,Basic,2023-11-04,,399.0,India,0,820
2727,Premium,2023-10-02,,799.0,India,0,853
2728,Standard,2023-08-25,2023-10-02,199.0,Australia,1,38
2729,Basic,2023-04-11,,399.0,Unknown,0,1027
2730,Premium,2023-07-24,,799.0,India,0,923
2731,Basic,2023-04-30,,199.0,Australia,0,1008
2732,Standard,2023-10-31,,199.0,US,0,824
2733,Standard,2023-09-15,,199.0,Australia,0,870
2734,Standard,2023-01-11,,399.0,US,0,1117
2735,Standard,2023-05-25,2023-12-30,799.0,Unknown,1,219
2736,Premium,2023-11-18,,199.0,India,0,806
2737,Premium,2023-01-22,,199.0,US,0,1106
2738,Basic,2023-08-07,2024-02-19,199.0,US,1,196
2739,Standard,2023-05-14,,199.0,Germany,0,994
2740,Standard,2023-03-19,2023-09-14,799.0,India,1,179
2741,Basic,2023-07-05,,199.0,Australia,0,942
2742,Basic,2023-06-28,,199.0,US,0,949
2743,Premium,2023-09-11,,399.0,India,0,874
2744,Basic,2023-03-13,,399.0,Australia,0,1056
2745,Basic,2023-04-11,,199.0,UK,0,1027
2746,Standard,2023-10-17,2024-03-08,199.0,Unknown,1,143
2747,Standard,2023-09-12,,799.0,Germany,0,873
2748,Premium,2023-05-20,,199.0,UK,0,988
2749,Premium,2023-09-03,2023-11-04,199.0,Germany,1,62
2750,Basic,2023-04-14,,399.0,Germany,0,1024
2751,Basic,2023-10-01,2023-11-09,199.0,Unknown,1,39
2752,Basic,2023-01-09,,199.0,US,0,1119
2753,Premium,2023-12-28,,799.0,US,0,766
2754,Premium,2023-03-23,,399.0,Unknown,0,1046
2755,Basic,2023-05-22,,799.0,US,0,986
2756,Premium,2023-05-22,,199.0,US,0,986
2757,Standard,2023-06-22,,399.0,US,0,955
2758,Unknown,2023-02-04,,399.0,UK,0,1093
2759,Standard,2023-01-07,,399.0,Germany,0,1121
2760,Premium,2023-10-20,,399.0,UK,0,835
2761,Standard,2023-08-16,,799.0,India,0,900
2762,Basic,2023-08-31,,199.0,Germany,0,885
2763,Premium,2023-01-11,,799.0,UK,0,1117
2764,Basic,2023-07-20,,199.0,US,0,927
2765,Premium,2023-10-01,,199.0,India,0,854
2766,Standard,2023-03-03,,199.0,Australia,0,1066
2767,Basic,2023-09-03,,799.0,UK,0,882
2768,Standard,2023-08-10,,199.0,India,0,906
2769,Premium,2023-01-11,2023-07-11,199.0,Germany,1,181
2770,Basic,2023-06-08,,799.0,Germany,0,969
2771,Basic,2023-08-09,,199.0,India,0,907
2772,Premium,2023-12-23,,199.0,UK,0,771
2773,Basic,2023-05-01,,199.0,Germany,0,1007
2774,Basic,2023-11-29,,799.0,Germany,0,795
2775,Standard,2023-05-26,2023-08-03,799.0,Germany,1,69
2776,Premium,2023-04-16,,399.0,US,0,1022
2777,Unknown,2023-10-06,,799.0,US,0,849
2778,Basic,2023-12-18,,399.0,Australia,0,776
2779,Basic,2023-10-08,,799.0,UK,0,847
2780,Unknown,2023-12-19,2024-03-19,199.0,Australia,1,91
2781,Standard,2023-07-18,,199.0,Germany,0,929
2782,Premium,2023-10-10,,399.0,UK,0,845
2783,Basic,2023-03-05,,199.0,Unknown,0,1064
2784,Basic,2023-01-20,2023-12-14,199.0,UK,1,328
2785,Premium,2023-09-05,,399.0,Unknown,0,880
2786,Basic,2023-12-16,,799.0,Germany,0,778
2787,Basic,2023-03-04,2023-10-27,199.0,Germany,1,237
2788,Basic,2023-03-04,,199.0,India,0,1065
2789,Basic,2023-02-01,,199.0,US,0,1096
2790,Basic,2023-05-16,,199.0,Unknown,0,992
2791,Basic,2023-03-16,,199.0,India,0,1053
2792,Basic,2023-11-23,,799.0,UK,0,801
2793,Standard,2023-01-20,,399.0,Australia,0,1108
2794,Standard,2023-05-26,2024-01-10,799.0,US,1,229
2795,Standard,2023-03-22,2023-12-06,199.0,India,1,259
2796,Basic,2023-07-15,,399.0,Australia,0,932
2797,Standard,2023-03-29,,199.0,Unknown,0,1040
2798,Standard,2023-07-06,,399.0,India,0,941
2799,Basic,2023-11-23,,399.0,Australia,0,801
2800,Standard,2023-06-09,,799.0,UK,0,968
2801,Unknown,2023-07-03,,399.0,US,0,944
2802,Premium,2023-07-07,2024-02-03,399.0,Australia,1,211
2803,Standard,2023-09-06,,799.0,India,0,879
2804,Basic,2023-04-01,2024-02-08,199.0,Germany,1,313
2805,Basic,2023-03-18,,199.0,US,0,1051
2806,Basic,2023-09-16,,199.0,UK,0,869
2807,Basic,2023-07-13,2023-12-17,199.0,Germany,1,157
2808,Standard,2023-08-20,,799.0,UK,0,896
2809,Standard,2023-02-16,,799.0,Unknown,0,1081
2810,Basic,2023-09-15,,799.0,Australia,0,870
2811,Standard,2023-09-13,,199.0,UK,0,872
2812,Basic,2023-07-02,2023-12-22,799.0,Germany,1,173
2813,Premium,2023-04-05,,199.0,US,0,1033
2814,Premium,2023-06-11,2023-11-24,399.0,India,1,166
2815,Unknown,2023-01-10,,199.0,Unknown,0,1118
2816,Standard,2023-07-10,,799.0,Australia,0,937
2817,Premium,2023-08-07,,199.0,Unknown,0,909
2818,Standard,2023-08-19,,399.0,India,0,897
2819,Basic,2023-08-19,,799.0,UK,0,897
2820,Basic,2023-04-22,,799.0,UK,0,1016
2821,Standard,2023-11-14,2024-03-13,199.0,Germany,1,120
2822,Standard,2023-09-18,,799.0,UK,0,867
2823,Standard,2023-04-03,,799.0,Germany,0,1035
2824,Standard,2023-06-21,,399.0,Germany,0,956
2825,Standard,2023-01-28,,799.0,India,0,1100
2826,Standard,2023-01-15,,799.0,Unknown,0,1113
2827,Standard,2023-01-12,2023-03-25,399.0,US,1,72
2828,Basic,2023-04-18,,399.0,India,0,1020
2829,Standard,2023-11-03,,199.0,India,0,821
2830,Basic,2023-11-19,,199.0,UK,0,805
2831,Standard,2023-09-25,,399.0,Unknown,0,860
2832,Basic,2023-10-04,,199.0,Unknown,0,851
2833,Basic,2023-08-20,,199.0,US,0,896
2834,Premium,2023-12-21,,399.0,Australia,0,773
2835,Standard,2023-06-16,,399.0,Unknown,0,961
2836,Premium,2023-06-28,2023-07-30,799.0,US,1,32
2837,Basic,2023-02-06,,199.0,Unknown,0,1091
2838,Basic,2023-05-20,,399.0,India,0,988
2839,Basic,2023-02-06,,399.0,Australia,0,1091
2840,Premium,2023-03-03,,199.0,US,0,1066
2841,Standard,2023-08-09,2023-10-20,799.0,India,1,72
2842,Premium,2023-09-21,,199.0,US,0,864
2843,Basic,2023-08-01,,799.0,US,0,915
2844,Standard,2023-10-14,,199.0,UK,0,841
2845,Basic,2023-09-06,,399.0,India,0,879
2846,Premium,2023-01-01,,199.0,Germany,0,1127
2847,Standard,2023-12-29,,799.0,India,0,765
2848,Unknown,2023-08-23,,199.0,Unknown,0,893
2849,Standard,2023-08-10,,399.0,UK,0,906
2850,Standard,2023-07-12,,199.0,India,0,935
2851,Basic,2023-10-18,,199.0,US,0,837
2852,Standard,2023-04-12,,399.0,India,0,1026
2853,Premium,2023-12-12,,399.0,Germany,0,782
2854,Standard,2023-08-27,,399.0,Germany,0,889
2855,Standard,2023-06-15,,199.0,Unknown,0,962
2856,Premium,2023-02-19,,799.0,US,0,1078
2857,Standard,2023-04-15,2023-08-27,399.0,US,1,134
2858,Standard,2023-11-08,,799.0,UK,0,816
2859,Standard,2023-02-27,2023-06-01,199.0,US,1,94
2860,Standard,2023-05-25,,799.0,Australia,0,983
2861,Standard,2023-04-27,2023-07-02,199.0,UK,1,66
2862,Premium,2023-02-19,,399.0,Unknown,0,1078
2863,Standard,2023-10-28,,199.0,Germany,0,827
2864,Basic,2023-02-09,,199.0,Unknown,0,1088
2865,Basic,2023-12-27,,199.0,US,0,767
2866,Standard,2023-08-29,,199.0,UK,0,887
2867,Standard,2023-02-27,,799.0,UK,0,1070
2868,Premium,2023-04-15,,399.0,India,0,1023
2869,Unknown,2023-08-28,,799.0,Australia,0,888
2870,Premium,2023-06-10,,199.0,US,0,967
2871,Standard,2023-06-13,2024-01-06,199.0,India,1,207
2872,Standard,2023-09-03,2023-12-28,399.0,UK,1,116
2873,Premium,2023-04-20,,799.0,Germany,0,1018
2874,Basic,2023-02-15,,199.0,UK,0,1082
2875,Basic,2023-10-05,,199.0,US,0,850
2876,Basic,2023-11-30,,199.0,US,0,794
2877,Standard,2023-01-01,,199.0,Germany,0,1127
2878,Premium,2023-01-19,2023-09-28,799.0,India,1,252
2879,Basic,2023-03-01,2023-12-08,399.0,UK,1,282
2880,Basic,2023-06-01,2023-08-19,399.0,India,1,79
2881,Basic,2023-11-11,,399.0,US,0,813
2882,Premium,2023-03-08,,799.0,Germany,0,1061
2883,Basic,2023-11-20,,799.0,Australia,0,804
2884,Basic,2023-04-08,,199.0,US,0,1030
2885,Basic,2023-06-10,,399.0,Australia,0,967
2886,Basic,2023-08-30,,799.0,Unknown,0,886
2887,Basic,2023-02-13,,799.0,UK,0,1084
2888,Standard,2023-07-04,,199.0,Germany,0,943
2889,Standard,2023-06-07,,799.0,UK,0,970
2890,Basic,2023-01-31,,399.0,UK,0,1097
2891,Standard,2023-07-20,,799.0,Unknown,0,927
2892,Basic,2023-07-26,2024-01-01,199.0,UK,1,159
2893,Unknown,2023-04-18,,199.0,Australia,0,1020
2894,Basic,2023-12-10,,199.0,Unknown,0,784
2895,Standard,2023-08-15,,399.0,Germany,0,901
2896,Unknown,2023-03-20,,399.0,Australia,0,1049
2897,Basic,2023-12-07,,199.0,Unknown,0,787
2898,Basic,2023-06-19,,799.0,Germany,0,958
2899,Standard,2023-02-17,,799.0,Germany,0,1080
2900,Standard,2023-01-28,,399.0,Unknown,0,1100
2901,Basic,2023-06-16,,199.0,Unknown,0,961
2902,Standard,2023-09-11,,399.0,India,0,874
2903,Premium,2023-07-10,,799.0,Unknown,0,937
2904,Standard,2023-06-02,,799.0,Germany,0,975
2905,Basic,2023-11-27,,799.0,Germany,0,797
2906,Standard,2023-09-21,2024-03-09,199.0,Australia,1,170
2907,Premium,2023-11-24,,199.0,US,0,800
2908,Basic,2023-01-09,2023-02-11,199.0,Australia,1,33
2909,Standard,2023-04-29,,199.0,Germany,0,1009
2910,Standard,2023-11-09,,399.0,UK,0,815
2911,Standard,2023-09-15,,199.0,Australia,0,870
2912,Basic,2023-09-05,,799.0,Australia,0,880
2913,Basic,2023-08-26,,199.0,US,0,890
2914,Basic,2023-03-04,,399.0,UK,0,1065
2915,Premium,2023-07-11,,199.0,US,0,936
2916,Basic,2023-02-20,,199.0,US,0,1077
2917,Basic,2023-06-12,,799.0,India,0,965
2918,Standard,2023-09-11,2023-10-26,399.0,Unknown,1,45
2919,Basic,2023-10-26,,799.0,Germany,0,829
2920,Basic,2023-09-15,,399.0,Germany,0,870
2921,Standard,2023-04-29,,399.0,Unknown,0,1009
2922,Basic,2023-03-29,,199.0,UK,0,1040
2923,Standard,2023-07-24,,199.0,Germany,0,923
2924,Standard,2023-10-12,,799.0,Unknown,0,843
2925,Basic,2023-12-16,,399.0,Germany,0,778
2926,Basic,2023-04-17,,399.0,US,0,1021
2927,Premium,2023-04-01,,199.0,India,0,1037
2928,Basic,2023-09-24,,399.0,Unknown,0,861
2929,Basic,2023-02-21,2024-01-26,199.0,Germany,1,339
2930,Basic,2023-08-25,,199.0,UK,0,891
2931,Basic,2023-04-17,2023-04-29,199.0,Unknown,1,12
2932,Premium,2023-11-04,,199.0,Unknown,0,820
2933,Basic,2023-01-19,,799.0,US,0,1109
2934,Unknown,2023-12-04,,199.0,Unknown,0,790
2935,Basic,2023-01-23,,399.0,UK,0,1105
2936,Standard,2023-12-30,,199.0,Unknown,0,764
2937,Standard,2023-12-17,,799.0,India,0,777
2938,Standard,2023-03-12,2023-04-24,199.0,Unknown,1,43
2939,Basic,2023-01-22,,799.0,UK,0,1106
2940,Basic,2023-12-20,,799.0,US,0,774
2941,Standard,2023-05-20,,199.0,UK,0,988
2942,Premium,2023-08-25,,199.0,US,0,891
2943,Basic,2023-04-13,,199.0,UK,0,1025
2944,Basic,2023-11-27,,399.0,India,0,797
2945,Basic,2023-07-24,,199.0,Unknown,0,923
2946,Unknown,2023-10-09,,199.0,India,0,846
2947,Basic,2023-07-03,,199.0,Unknown,0,944
2948,Basic,2023-04-16,,399.0,Unknown,0,1022
2949,Premium,2023-01-23,2023-11-26,399.0,India,1,307
2950,Basic,2023-04-26,,399.0,Germany,0,1012
2951,Premium,2023-11-09,,799.0,Australia,0,815
2952,Standard,2023-02-25,2023-11-22,399.0,Unknown,1,270
2953,Unknown,2023-12-18,,799.0,Germany,0,776
2954,Basic,2023-11-11,,399.0,Germany,0,813
2955,Premium,2023-11-06,,199.0,Unknown,0,818
2956,Basic,2023-09-08,,199.0,US,0,877
2957,Premium,2023-08-17,,399.0,US,0,899
2958,Basic,2023-05-19,,399.0,UK,0,989
2959,Standard,2023-08-30,,199.0,Unknown,0,886
2960,Premium,2023-04-13,,199.0,Australia,0,1025
2961,Standard,2023-10-29,2024-03-12,399.0,UK,1,135
2962,Standard,2023-06-19,,799.0,US,0,958
2963,Basic,2023-01-29,2023-12-09,399.0,Australia,1,314
2964,Premium,2023-06-15,,199.0,UK,0,962
2965,Standard,2023-09-21,,399.0,UK,0,864
2966,Basic,2023-06-20,,199.0,UK,0,957
2967,Basic,2023-12-22,,399.0,Germany,0,772
2968,Premium,2023-12-28,,399.0,India,0,766
2969,Basic,2023-04-30,,799.0,UK,0,1008
2970,Basic,2023-12-27,,799.0,US,0,767
2971,Standard,2023-05-08,,799.0,US,0,1000
2972,Standard,2023-08-27,,399.0,Unknown,0,889
2973,Basic,2023-04-19,,399.0,Germany,0,1019
2974,Basic,2023-10-31,,799.0,US,0,824
2975,Basic,2023-06-17,2023-09-13,399.0,Unknown,1,88
2976,Basic,2023-01-04,2024-02-02,199.0,Australia,1,394
2977,Standard,2023-05-15,2023-12-03,199.0,UK,1,202
2978,Basic,2023-10-11,,399.0,US,0,844
2979,Premium,2023-12-10,,799.0,Unknown,0,784
2980,Standard,2023-11-03,,399.0,US,0,821
2981,Standard,2023-07-17,,799.0,Australia,0,930
2982,Premium,2023-02-04,2023-02-16,199.0,Unknown,1,12
2983,Basic,2023-09-25,,199.0,India,0,860
2984,Premium,2023-04-06,,199.0,UK,0,1032
2985,Basic,2023-11-01,,799.0,UK,0,823
2986,Basic,2023-12-25,,799.0,India,0,769
2987,Unknown,2023-06-17,,199.0,Unknown,0,960
2988,Standard,2023-02-01,,399.0,Australia,0,1096
2989,Premium,2023-10-26,,799.0,Unknown,0,829
2990,Basic,2023-08-18,,199.0,UK,0,898
2991,Basic,2023-02-11,,199.0,Unknown,0,1086
2992,Standard,2023-06-07,,199.0,India,0,970
2993,Premium,2023-11-10,,399.0,India,0,814
2994,Basic,2023-04-27,,399.0,India,0,1011
2995,Standard,2023-02-25,,399.0,India,0,1072
2996,Premium,2023-06-14,2023-08-12,399.0,India,1,59
2997,Basic,2023-12-15,,399.0,Australia,0,779
2998,Basic,2023-12-05,,399.0,US,0,789
2999,Premium,2023-02-26,,199.0,US,0,1071
3000,Standard,2023-11-03,,799.0,India,0,821
3001,Standard,2023-11-24,,199.0,US,0,800
3002,Standard,2023-12-05,,199.0,India,0,789
3003,Premium,2023-02-01,,399.0,Unknown,0,1096
3004,Basic,2023-06-23,,199.0,Germany,0,954
3005,Standard,2023-12-11,,199.0,UK,0,783
3006,Basic,2023-02-02,,199.0,India,0,1095
3007,Basic,2023-04-27,,799.0,UK,0,1011
3008,Premium,2023-07-27,,199.0,Unknown,0,920
3009,Unknown,2023-12-29,,799.0,India,0,765
3010,Basic,2023-06-07,,399.0,Germany,0,970
3011,Premium,2023-09-03,,199.0,India,0,882
3012,Standard,2023-03-17,,799.0,Australia,0,1052
3013,Standard,2023-08-26,,199.0,Unknown,0,890
3014,Basic,2023-01-12,,199.0,US,0,1116
3015,Basic,2023-12-16,2024-01-03,399.0,UK,1,18
3016,Basic,2023-01-10,,199.0,US,0,1118
3017,Standard,2023-06-17,2023-07-18,199.0,UK,1,31
3018,Basic,2023-02-25,,199.0,Australia,0,1072
3019,Premium,2023-08-31,,399.0,Unknown,0,885
3020,Basic,2023-12-31,,399.0,US,0,763
3021,Standard,2023-09-22,,799.0,UK,0,863
3022,Standard,2023-10-12,,199.0,Germany,0,843
3023,Basic,2023-03-17,,199.0,Germany,0,1052
3024,Premium,2023-10-07,,399.0,India,0,848
3025,Premium,2023-04-27,,399.0,Unknown,0,1011
3026,Standard,2023-08-03,,399.0,Australia,0,913
3027,Basic,2023-05-05,,199.0,US,0,1003
3028,Standard,2023-03-26,2023-08-18,199.0,India,1,145
3029,Standard,2023-11-09,,199.0,US,0,815
3030,Basic,2023-05-27,,799.0,UK,0,981
3031,Standard,2023-01-04,,199.0,Australia,0,1124
3032,Premium,2023-11-20,,399.0,US,0,804
3033,Premium,2023-04-29,2023-12-25,399.0,Australia,1,240
3034,Standard,2023-07-22,,399.0,UK,0,925
3035,Basic,2023-01-27,,199.0,Unknown,0,1101
3036,Basic,2023-07-07,,799.0,Unknown,0,940
3037,Premium,2023-06-12,,199.0,UK,0,965
3038,Basic,2023-05-15,2023-08-26,399.0,Germany,1,103
3039,Standard,2023-02-25,2023-04-24,799.0,Unknown,1,58
3040,Standard,2023-06-25,,199.0,US,0,952
3041,Basic,2023-01-20,,399.0,Unknown,0,1108
3042,Premium,2023-10-07,,199.0,India,0,848
3043,Basic,2023-02-07,2023-05-10,199.0,Australia,1,92
3044,Standard,2023-04-08,2023-10-23,199.0,UK,1,198
3045,Basic,2023-11-19,,199.0,India,0,805
3046,Premium,2023-03-14,2023-06-27,399.0,UK,1,105
3047,Basic,2023-10-03,,199.0,UK,0,852
3048,Basic,2023-11-07,,399.0,India,0,817
3049,Basic,2023-10-26,,799.0,India,0,829
3050,Standard,2023-07-09,,199.0,Germany,0,938
3051,Basic,2023-06-04,2023-10-10,199.0,Germany,1,128
3052,Premium,2023-01-24,,399.0,US,0,1104
3053,Standard,2023-05-20,2023-09-05,799.0,Australia,1,108
3054,Basic,2023-01-12,,199.0,Germany,0,1116
3055,Standard,2023-10-26,,799.0,Unknown,0,829
3056,Unknown,2023-08-03,,399.0,US,0,913
3057,Standard,2023-06-27,,199.0,UK,0,950
3058,Basic,2023-03-08,,199.0,Unknown,0,1061
3059,Standard,2023-10-05,,799.0,Australia,0,850
3060,Premium,2023-03-14,,199.0,UK,0,1055
3061,Standard,2023-05-31,,199.0,India,0,977
3062,Basic,2023-02-06,,199.0,Unknown,0,1091
3063,Basic,2023-08-14,,399.0,UK,0,902
3064,Basic,2023-05-05,,399.0,India,0,1003
3065,Basic,2023-07-27,,799.0,Germany,0,920
3066,Premium,2023-07-13,,199.0,Unknown,0,934
3067,Basic,2023-04-29,2023-12-20,399.0,Germany,1,235
3068,Premium,2023-01-11,,199.0,Australia,0,1117
3069,Basic,2023-07-23,,399.0,Unknown,0,924
3070,Basic,2023-12-14,,799.0,Germany,0,780
3071,Basic,2023-08-02,,399.0,India,0,914
3072,Premium,2023-07-03,,799.0,UK,0,944
3073,Premium,2023-12-30,,199.0,India,0,764
3074,Basic,2023-12-23,,799.0,UK,0,771
3075,Basic,2023-08-06,,199.0,Germany,0,910
3076,Basic,2023-10-29,,399.0,UK,0,826
3077,Basic,2023-03-17,,399.0,UK,0,1052
3078,Unknown,2023-10-31,,199.0,Unknown,0,824
3079,Standard,2023-01-19,,399.0,Australia,0,1109
3080,Basic,2023-11-21,,399.0,Australia,0,803
3081,Standard,2023-04-17,,399.0,US,0,1021
3082,Standard,2023-05-10,,799.0,UK,0,998
3083,Premium,2023-09-28,2023-11-23,199.0,Germany,1,56
3084,Premium,2023-04-03,,399.0,India,0,1035
3085,Basic,2023-08-06,,199.0,Unknown,0,910
3086,Premium,2023-12-03,,399.0,Australia,0,791
3087,Unknown,2023-03-04,,199.0,US,0,1065
3088,Standard,2023-09-09,2023-10-03,399.0,UK,1,24
3089,Standard,2023-09-17,2023-11-13,399.0,Unknown,1,57
3090,Standard,2023-06-07,2024-03-19,399.0,Australia,1,286
3091,Basic,2023-01-05,2023-08-30,799.0,Australia,1,237
3092,Basic,2023-04-28,,199.0,India,0,1010
3093,Basic,2023-12-27,,399.0,US,0,767
3094,Basic,2023-07-10,,199.0,Germany,0,937
3095,Basic,2023-01-25,,799.0,UK,0,1103
3096,Standard,2023-11-20,,199.0,Unknown,0,804
3097,Standard,2023-01-20,2023-04-28,399.0,Germany,1,98
3098,Standard,2023-11-08,,199.0,US,0,816
3099,Premium,2023-02-25,2023-11-10,399.0,Australia,1,258
3100,Standard,2023-12-22,,799.0,Unknown,0,772
3101,Standard,2023-06-22,2023-10-01,799.0,India,1,101
3102,Standard,2023-01-18,2024-01-16,399.0,Unknown,1,363
3103,Standard,2023-10-28,,199.0,UK,0,827
3104,Premium,2023-07-07,2023-12-27,399.0,Unknown,1,173
3105,Basic,2023-05-02,2023-08-10,799.0,US,1,100
3106,Premium,2023-02-06,,199.0,Unknown,0,1091
3107,Basic,2023-10-17,,199.0,Unknown,0,838
3108,Basic,2023-07-05,,199.0,US,0,942
3109,Premium,2023-09-05,2024-01-16,399.0,Germany,1,133
3110,Basic,2023-01-15,,199.0,US,0,1113
3111,Premium,2023-02-21,,199.0,US,0,1076
3112,Basic,2023-03-03,2024-01-31,399.0,UK,1,334
3113,Basic,2023-12-09,,199.0,Australia,0,785
3114,Premium,2023-11-17,,799.0,Unknown,0,807
3115,Premium,2023-07-06,,399.0,India,0,941
3116,Basic,2023-06-21,,399.0,Germany,0,956
3117,Premium,2023-01-15,,799.0,Germany,0,1113
3118,Basic,2023-03-10,,399.0,Australia,0,1059
3119,Standard,2023-03-27,,399.0,India,0,1042
3120,Premium,2023-05-21,,799.0,India,0,987
3121,Premium,2023-04-16,,399.0,US,0,1022
3122,Standard,2023-09-27,,399.0,India,0,858
3123,Premium,2023-05-11,,199.0,Unknown,0,997
3124,Standard,2023-01-07,,399.0,Germany,0,1121
3125,Basic,2023-03-27,,399.0,Australia,0,1042
3126,Unknown,2023-02-24,,199.0,US,0,1073
3127,Standard,2023-01-14,,799.0,Germany,0,1114
3128,Basic,2023-03-14,,399.0,US,0,1055
3129,Basic,2023-11-05,,199.0,US,0,819
3130,Basic,2023-04-10,2023-09-05,399.0,US,1,148
3131,Standard,2023-07-04,,199.0,UK,0,943
3132,Standard,2023-05-14,,199.0,US,0,994
3133,Basic,2023-04-15,,199.0,US,0,1023
3134,Basic,2023-02-13,,199.0,India,0,1084
3135,Basic,2023-09-23,,399.0,UK,0,862
3136,Premium,2023-11-03,,399.0,Australia,0,821
3137,Basic,2023-01-08,,199.0,Unknown,0,1120
3138,Standard,2023-12-28,,199.0,US,0,766
3139,Standard,2023-09-03,,199.0,US,0,882
3140,Standard,2023-04-14,2023-05-10,799.0,Unknown,1,26
3141,Basic,2023-11-10,,399.0,Australia,0,814
3142,Basic,2023-03-16,2024-03-09,399.0,India,1,359
3143,Basic,2023-06-30,,399.0,India,0,947
3144,Basic,2023-06-28,,799.0,UK,0,949
3145,Premium,2023-04-13,,399.0,Unknown,0,1025
3146,Basic,2023-06-19,,799.0,US,0,958
3147,Standard,2023-03-02,,199.0,UK,0,1067
3148,Basic,2023-08-01,,399.0,Germany,0,915
3149,Basic,2023-10-01,,199.0,UK,0,854
3150,Basic,2023-02-10,2023-07-27,799.0,Australia,1,167
3151,Unknown,2023-08-16,,199.0,Australia,0,900
3152,Basic,2023-02-12,,199.0,Germany,0,1085
3153,Basic,2023-11-27,,399.0,US,0,797
3154,Standard,2023-08-18,,199.0,India,0,898
3155,Basic,2023-09-26,,199.0,Unknown,0,859
3156,Basic,2023-05-27,2024-02-12,399.0,Germany,1,261
3157,Basic,2023-07-19,,199.0,Australia,0,928
3158,Premium,2023-01-06,,199.0,India,0,1122
3159,Basic,2023-11-30,,199.0,UK,0,794
3160,Basic,2023-11-17,,199.0,Germany,0,807
3161,Premium,2023-04-19,,399.0,Australia,0,1019
3162,Basic,2023-09-03,2024-03-14,199.0,Australia,1,193
3163,Basic,2023-06-03,,399.0,Germany,0,974
3164,Basic,2023-12-03,,399.0,Germany,0,791
3165,Premium,2023-04-02,,199.0,UK,0,1036
3166,Premium,2023-10-31,,199.0,Germany,0,824
3167,Premium,2023-08-25,,799.0,Germany,0,891
3168,Basic,2023-10-21,,199.0,US,0,834
3169,Premium,2023-09-18,,799.0,Unknown,0,867
3170,Basic,2023-06-22,,199.0,UK,0,955
3171,Standard,2023-01-29,2024-01-27,199.0,India,1,363
3172,Standard,2023-07-11,,399.0,Australia,0,936
3173,Basic,2023-03-18,,399.0,UK,0,1051
3174,Unknown,2023-02-02,,199.0,US,0,1095
3175,Premium,2023-10-15,,799.0,US,0,840
3176,Standard,2023-03-26,,199.0,Australia,0,1043
3177,Standard,2023-12-04,,199.0,UK,0,790
3178,Premium,2023-08-23,,399.0,US,0,893
3179,Basic,2023-12-05,,199.0,India,0,789
3180,Basic,2023-08-05,,399.0,India,0,911
3181,Basic,2023-02-21,,399.0,Germany,0,1076
3182,Premium,2023-08-23,,799.0,Germany,0,893
3183,Premium,2023-06-23,,199.0,Unknown,0,954
3184,Basic,2023-05-18,,199.0,UK,0,990
3185,Unknown,2023-02-24,,799.0,Australia,0,1073
3186,Basic,2023-12-17,,199.0,UK,0,777
3187,Basic,2023-05-12,2023-12-13,799.0,US,1,215
3188,Basic,2023-04-16,2023-08-04,199.0,Australia,1,110
3189,Standard,2023-06-27,2023-11-03,799.0,Unknown,1,129
3190,Premium,2023-07-04,,799.0,India,0,943
3191,Premium,2023-11-08,,399.0,US,0,816
3192,Basic,2023-06-22,,199.0,Unknown,0,955
3193,Basic,2023-05-04,,199.0,Germany,0,1004
3194,Premium,2023-01-11,,799.0,Germany,0,1117
3195,Basic,2023-01-23,,799.0,US,0,1105
3196,Premium,2023-08-12,,199.0,Unknown,0,904
3197,Standard,2023-05-30,,799.0,India,0,978
3198,Standard,2023-02-23,,399.0,Australia,0,1074
3199,Standard,2023-09-28,,399.0,Australia,0,857
3200,Standard,2023-12-21,,199.0,India,0,773
3201,Basic,2023-09-14,,199.0,US,0,871
3202,Premium,2023-06-03,,199.0,Unknown,0,974
3203,Standard,2023-07-18,,799.0,Germany,0,929
3204,Standard,2023-06-23,2023-09-30,799.0,US,1,99
3205,Basic,2023-01-02,,799.0,UK,0,1126
3206,Basic,2023-12-22,,799.0,US,0,772
3207,Standard,2023-12-09,,799.0,Germany,0,785
3208,Premium,2023-04-08,,799.0,UK,0,1030
3209,Basic,2023-02-15,,199.0,Unknown,0,1082
3210,Premium,2023-09-18,,199.0,Germany,0,867
3211,Basic,2023-11-25,,399.0,India,0,799
3212,Basic,2023-11-10,,199.0,Germany,0,814
3213,Standard,2023-11-15,,799.0,Unknown,0,809
3214,Unknown,2023-08-03,,199.0,US,0,913
3215,Basic,2023-07-17,2024-02-17,199.0,Australia,1,215
3216,Basic,2023-05-28,2023-07-29,199.0,UK,1,62
3217,Basic,2023-07-20,,399.0,Unknown,0,927
3218,Standard,2023-04-13,,399.0,Germany,0,1025
3219,Basic,2023-07-07,,799.0,Australia,0,940
3220,Basic,2023-03-25,2023-09-02,799.0,Australia,1,161
3221,Premium,2023-11-07,,199.0,Unknown,0,817
3222,Basic,2023-11-13,,399.0,Australia,0,811
3223,Premium,2023-01-22,,799.0,Australia,0,1106
3224,Standard,2023-11-25,,799.0,Unknown,0,799
3225,Unknown,2023-06-13,,199.0,UK,0,964
3226,Premium,2023-04-28,2024-01-13,799.0,India,1,260
3227,Premium,2023-02-12,2024-02-21,399.0,Germany,1,374
3228,Basic,2023-12-31,,199.0,Germany,0,763
3229,Premium,2023-09-06,,399.0,US,0,879
3230,Standard,2023-11-21,,399.0,Germany,0,803
3231,Basic,2023-08-10,2023-11-05,399.0,Germany,1,87
3232,Premium,2023-06-27,,399.0,Germany,0,950
3233,Standard,2023-03-01,2023-06-27,399.0,UK,1,118
3234,Unknown,2023-05-29,,399.0,India,0,979
3235,Standard,2023-03-13,,199.0,India,0,1056
3236,Premium,2023-02-01,,199.0,US,0,1096
3237,Premium,2023-06-10,,199.0,UK,0,967
3238,Standard,2023-08-23,,199.0,Unknown,0,893
3239,Premium,2023-05-16,2023-08-11,799.0,UK,1,87
3240,Standard,2023-02-19,,399.0,India,0,1078
3241,Standard,2023-01-20,,399.0,Germany,0,1108
3242,Unknown,2023-11-18,,799.0,India,0,806
3243,Standard,2023-08-31,2023-09-25,799.0,Australia,1,25
3244,Standard,2023-08-12,,799.0,UK,0,904
3245,Unknown,2023-09-13,,199.0,US,0,872
3246,Standard,2023-04-21,,199.0,US,0,1017
3247,Basic,2023-07-19,,399.0,Australia,0,928
3248,Standard,2023-08-29,,799.0,Unknown,0,887
3249,Standard,2023-09-06,2024-02-07,199.0,Unknown,1,154
3250,Standard,2023-11-23,2024-02-11,199.0,UK,1,80
3251,Unknown,2023-06-23,,799.0,Unknown,0,954
3252,Standard,2023-09-14,,799.0,Unknown,0,871
3253,Unknown,2023-02-09,,199.0,UK,0,1088
3254,Premium,2023-06-05,,399.0,Germany,0,972
3255,Unknown,2023-01-25,,199.0,UK,0,1103
3256,Basic,2023-03-31,,199.0,Germany,0,1038
3257,Basic,2023-03-16,2023-10-17,199.0,US,1,215
3258,Standard,2023-11-16,,199.0,UK,0,808
3259,Premium,2023-03-31,,199.0,Australia,0,1038
3260,Premium,2023-06-30,2023-12-10,399.0,UK,1,163
3261,Standard,2023-05-20,2023-06-10,199.0,India,1,21
3262,Basic,2023-09-13,,199.0,Unknown,0,872
3263,Basic,2023-12-29,,199.0,Unknown,0,765
3264,Basic,2023-01-17,,799.0,Germany,0,1111
3265,Basic,2023-11-13,,399.0,India,0,811
3266,Standard,2023-11-01,,799.0,Germany,0,823
3267,Unknown,2023-10-01,,799.0,UK,0,854
3268,Standard,2023-09-02,,399.0,Germany,0,883
3269,Standard,2023-01-09,,399.0,US,0,1119
3270,Standard,2023-11-04,,399.0,Germany,0,820
3271,Basic,2023-11-12,,199.0,Australia,0,812
3272,Basic,2023-10-19,,799.0,US,0,836
3273,Standard,2023-10-20,,399.0,Unknown,0,835
3274,Standard,2023-11-17,,399.0,Germany,0,807
3275,Unknown,2023-01-31,2023-08-21,799.0,Australia,1,202
3276,Standard,2023-01-05,,399.0,Germany,0,1123
3277,Standard,2023-04-25,,799.0,Unknown,0,1013
3278,Premium,2023-12-06,,399.0,India,0,788
3279,Premium,2023-11-22,,399.0,Unknown,0,802
3280,Basic,2023-07-15,,199.0,Germany,0,932
3281,Premium,2023-06-09,,199.0,India,0,968
3282,Premium,2023-12-15,,399.0,Unknown,0,779
3283,Standard,2023-12-02,,399.0,UK,0,792
3284,Basic,2023-01-15,2023-08-04,199.0,Germany,1,201
3285,Premium,2023-05-04,,399.0,Australia,0,1004
3286,Standard,2023-01-25,,199.0,US,0,1103
3287,Basic,2023-10-24,,199.0,US,0,831
3288,Standard,2023-03-12,,399.0,India,0,1057
3289,Basic,2023-11-25,,199.0,UK,0,799
3290,Basic,2023-01-19,,399.0,US,0,1109
3291,Standard,2023-07-24,2023-12-09,199.0,India,1,138
3292,Standard,2023-09-28,2024-01-29,399.0,Germany,1,123
3293,Standard,2023-01-14,,399.0,India,0,1114
3294,Basic,2023-06-24,,199.0,Australia,0,953
3295,Basic,2023-08-22,,399.0,Australia,0,894
3296,Basic,2023-06-08,,399.0,India,0,969
3297,Basic,2023-08-15,2023-10-17,199.0,US,1,63
3298,Basic,2023-10-27,,199.0,India,0,828
3299,Standard,2023-08-12,2023-08-17,399.0,Germany,1,5
3300,Premium,2023-04-01,,399.0,Australia,0,1037
3301,Standard,2023-05-22,,399.0,UK,0,986
3302,Standard,2023-07-03,,199.0,Australia,0,944
3303,Basic,2023-07-26,,199.0,US,0,921
3304,Premium,2023-02-22,,799.0,UK,0,1075
3305,Standard,2023-10-31,,399.0,Germany,0,824
3306,Basic,2023-08-13,,399.0,India,0,903
3307,Standard,2023-11-06,,399.0,Germany,0,818
3308,Standard,2023-10-20,,399.0,Unknown,0,835
3309,Premium,2023-01-01,2023-02-14,199.0,UK,1,44
3310,Standard,2023-05-15,,799.0,UK,0,993
3311,Basic,2023-07-22,,199.0,UK,0,925
3312,Standard,2023-12-30,2024-02-03,399.0,Germany,1,35
3313,Basic,2023-01-21,,799.0,UK,0,1107
3314,Standard,2023-09-30,,199.0,US,0,855
3315,Premium,2023-04-14,2024-02-10,399.0,Germany,1,302
3316,Basic,2023-01-09,,199.0,Germany,0,1119
3317,Standard,2023-06-29,2023-09-22,199.0,UK,1,85
3318,Basic,2023-11-25,,799.0,Germany,0,799
3319,Basic,2023-04-27,,799.0,US,0,1011
3320,Premium,2023-02-04,2023-03-27,199.0,US,1,51
3321,Standard,2023-01-20,2023-03-29,399.0,India,1,68
3322,Basic,2023-01-04,,399.0,Unknown,0,1124
3323,Basic,2023-08-25,,199.0,India,0,891
3324,Basic,2023-04-26,,199.0,Australia,0,1012
3325,Standard,2023-06-17,,399.0,UK,0,960
3326,Premium,2023-04-18,2023-08-22,199.0,India,1,126
3327,Standard,2023-12-29,,199.0,Germany,0,765
3328,Basic,2023-10-03,,399.0,US,0,852
3329,Basic,2023-11-12,,799.0,UK,0,812
3330,Basic,2023-07-01,,799.0,UK,0,946
3331,Premium,2023-06-23,,199.0,India,0,954
3332,Basic,2023-08-05,,199.0,Germany,0,911
3333,Standard,2023-12-31,,399.0,Australia,0,763
3334,Basic,2023-12-15,,199.0,Germany,0,779
3335,Basic,2023-01-30,,199.0,Germany,0,1098
3336,Standard,2023-05-07,,799.0,Germany,0,1001
3337,Standard,2023-06-08,,399.0,US,0,969
3338,Basic,2023-07-17,,399.0,Germany,0,930
3339,Basic,2023-08-17,,199.0,Unknown,0,899
3340,Basic,2023-03-24,,399.0,Australia,0,1045
3341,Basic,2023-05-19,2023-06-01,399.0,Germany,1,13
3342,Basic,2023-02-09,,399.0,India,0,1088
3343,Premium,2023-11-26,,199.0,Australia,0,798
3344,Basic,2023-11-10,,199.0,Unknown,0,814
3345,Basic,2023-01-05,,799.0,Australia,0,1123
3346,Standard,2023-02-16,,199.0,Germany,0,1081
3347,Premium,2023-12-09,,199.0,Germany,0,785
3348,Premium,2023-05-10,,399.0,Germany,0,998
3349,Basic,2023-10-31,,399.0,India,0,824
3350,Standard,2023-12-29,,799.0,Australia,0,765
3351,Standard,2023-08-04,,199.0,Germany,0,912
3352,Basic,2023-10-21,,199.0,Germany,0,834
3353,Premium,2023-05-27,,399.0,Unknown,0,981
3354,Basic,2023-10-12,,199.0,India,0,843
3355,Standard,2023-10-13,,399.0,Germany,0,842
3356,Standard,2023-03-20,,399.0,Australia,0,1049
3357,Unknown,2023-10-16,,199.0,Germany,0,839
3358,Basic,2023-07-21,,399.0,Unknown,0,926
3359,Standard,2023-12-21,,199.0,Australia,0,773
3360,Basic,2023-02-12,,199.0,Germany,0,1085
3361,Standard,2023-04-03,,199.0,UK,0,1035
3362,Standard,2023-05-12,,399.0,India,0,996
3363,Premium,2023-10-11,,199.0,Australia,0,844
3364,Basic,2023-05-21,,799.0,Unknown,0,987
3365,Premium,2023-03-10,,199.0,Germany,0,1059
3366,Basic,2023-11-29,2024-03-05,199.0,Australia,1,97
3367,Premium,2023-03-03,2023-09-10,399.0,Australia,1,191
3368,Basic,2023-12-03,2023-12-13,199.0,Germany,1,10
3369,Basic,2023-02-16,,399.0,Germany,0,1081
3370,Basic,2023-02-01,,199.0,UK,0,1096
3371,Standard,2023-03-24,2024-03-24,799.0,India,1,366
3372,Premium,2023-12-09,,199.0,Unknown,0,785
3373,Standard,2023-02-22,2023-08-10,199.0,UK,1,169
3374,Basic,2023-06-08,,799.0,Unknown,0,969
3375,Premium,2023-11-11,,799.0,US,0,813
3376,Standard,2023-03-25,2024-02-13,199.0,Australia,1,325
3377,Standard,2023-05-27,,199.0,Germany,0,981
3378,Standard,2023-02-14,,799.0,India,0,1083
3379,Basic,2023-07-18,,199.0,Unknown,0,929
3380,Standard,2023-11-06,,399.0,Australia,0,818
3381,Basic,2023-06-17,,199.0,US,0,960
3382,Basic,2023-04-07,,799.0,Australia,0,1031
3383,Basic,2023-12-05,,199.0,Germany,0,789
3384,Basic,2023-02-23,,199.0,US,0,1074
3385,Premium,2023-11-16,,199.0,Unknown,0,808
3386,Premium,2023-01-14,,199.0,Germany,0,1114
3387,Basic,2023-06-12,2023-09-04,399.0,Germany,1,84
3388,Premium,2023-11-10,,799.0,Unknown,0,814
3389,Basic,2023-10-23,,799.0,Germany,0,832
3390,Standard,2023-05-09,,199.0,Germany,0,999
3391,Premium,2023-06-18,2023-07-28,199.0,UK,1,40
3392,Basic,2023-05-07,,799.0,US,0,1001
3393,Premium,2023-08-18,,399.0,UK,0,898
3394,Premium,2023-12-14,,399.0,Australia,0,780
3395,Standard,2023-08-11,,399.0,India,0,905
3396,Standard,2023-09-01,,799.0,Unknown,0,884
3397,Standard,2023-07-13,,199.0,India,0,934
3398,Standard,2023-04-09,,399.0,US,0,1029
3399,Basic,2023-11-30,,199.0,Germany,0,794
3400,Basic,2023-10-21,,399.0,US,0,834
3401,Premium,2023-09-04,2023-10-07,399.0,Germany,1,33
3402,Standard,2023-11-29,,199.0,Germany,0,795
3403,Basic,2023-07-30,,199.0,UK,0,917
3404,Premium,2023-09-06,2024-01-28,199.0,India,1,144
3405,Basic,2023-01-20,,199.0,Unknown,0,1108
3406,Basic,2023-11-23,,399.0,US,0,801
3407,Standard,2023-10-26,,199.0,India,0,829
3408,Basic,2023-09-12,,399.0,Unknown,0,873
3409,Standard,2023-09-18,,399.0,Germany,0,867
3410,Standard,2023-06-12,,199.0,UK,0,965
3411,Basic,2023-03-28,,399.0,UK,0,1041
3412,Basic,2023-05-29,,399.0,India,0,979
3413,Standard,2023-02-27,,199.0,India,0,1070
3414,Basic,2023-08-07,,399.0,Germany,0,909
3415,Premium,2023-08-23,,199.0,India,0,893
3416,Standard,2023-03-26,,199.0,Unknown,0,1043
3417,Basic,2023-06-29,2024-02-22,199.0,Australia,1,238
3418,Standard,2023-10-27,2024-01-18,399.0,Unknown,1,83
3419,Standard,2023-08-15,,799.0,UK,0,901
3420,Basic,2023-05-30,,799.0,Unknown,0,978
3421,Standard,2023-02-17,,399.0,UK,0,1080
3422,Basic,2023-12-22,,399.0,US,0,772
3423,Basic,2023-05-18,,399.0,Australia,0,990
3424,Basic,2023-03-14,,399.0,Australia,0,1055
3425,Standard,2023-09-02,,199.0,Unknown,0,883
3426,Basic,2023-03-29,,199.0,Germany,0,1040
3427,Standard,2023-03-03,,799.0,US,0,1066
3428,Basic,2023-12-11,,199.0,Australia,0,783
3429,Basic,2023-01-10,2023-11-30,199.0,Unknown,1,324
3430,Premium,2023-07-18,,199.0,UK,0,929
3431,Basic,2023-08-30,,799.0,Australia,0,886
3432,Standard,2023-06-02,,399.0,US,0,975
3433,Basic,2023-03-17,,799.0,Australia,0,1052
3434,Unknown,2023-11-28,,799.0,UK,0,796
3435,Unknown,2023-09-10,2024-01-04,399.0,UK,1,116
3436,Basic,2023-12-04,,399.0,India,0,790
3437,Premium,2023-07-04,,199.0,Unknown,0,943
3438,Premium,2023-10-25,,799.0,UK,0,830
3439,Basic,2023-08-15,,399.0,Unknown,0,901
3440,Basic,2023-03-28,,199.0,US,0,1041
3441,Basic,2023-12-02,,399.0,Germany,0,792
3442,Basic,2023-04-07,,199.0,India,0,1031
3443,Standard,2023-11-06,,199.0,India,0,818
3444,Standard,2023-05-04,2024-02-22,199.0,UK,1,294
3445,Standard,2023-10-23,,399.0,US,0,832
3446,Basic,2023-01-21,2023-05-28,199.0,Germany,1,127
3447,Standard,2023-11-27,,199.0,Unknown,0,797
3448,Premium,2023-08-14,,199.0,India,0,902
3449,Basic,2023-05-30,,399.0,Unknown,0,978
3450,Standard,2023-06-18,,399.0,Unknown,0,959
3451,Basic,2023-03-08,,199.0,Unknown,0,1061
3452,Premium,2023-08-10,2024-01-29,199.0,India,1,172
3453,Standard,2023-04-11,,399.0,UK,0,1027
3454,Premium,2023-02-02,2023-11-26,199.0,Unknown,1,297
3455,Basic,2023-10-03,,399.0,Australia,0,852
3456,Standard,2023-10-17,,399.0,Unknown,0,838
3457,Basic,2023-11-21,,799.0,Unknown,0,803
3458,Basic,2023-04-09,,799.0,US,0,1029
3459,Basic,2023-11-25,,199.0,India,0,799
3460,Premium,2023-08-04,,199.0,India,0,912
3461,Basic,2023-10-09,,799.0,Unknown,0,846
3462,Standard,2023-10-21,,399.0,US,0,834
3463,Basic,2023-12-02,,799.0,India,0,792
3464,Unknown,2023-07-25,,399.0,Unknown,0,922
3465,Premium,2023-02-18,,199.0,UK,0,1079
3466,Standard,2023-11-06,,199.0,India,0,818
3467,Standard,2023-10-09,,399.0,Unknown,0,846
3468,Basic,2023-05-06,2023-11-24,799.0,Germany,1,202
3469,Basic,2023-01-01,2024-01-01,399.0,UK,1,365
3470,Standard,2023-11-16,,399.0,Unknown,0,808
3471,Standard,2023-03-14,,199.0,Unknown,0,1055
3472,Premium,2023-12-15,,199.0,Unknown,0,779
3473,Basic,2023-12-29,,199.0,Australia,0,765
3474,Premium,2023-01-18,2023-06-15,399.0,US,1,148
3475,Basic,2023-02-23,,199.0,India,0,1074
3476,Basic,2023-06-16,2023-11-29,799.0,Australia,1,166
3477,Basic,2023-10-20,,199.0,India,0,835
3478,Basic,2023-09-29,,399.0,UK,0,856
3479,Premium,2023-03-13,,399.0,India,0,1056
3480,Premium,2023-11-15,,799.0,UK,0,809
3481,Standard,2023-02-24,,199.0,Unknown,0,1073
3482,Basic,2023-12-25,,199.0,UK,0,769
3483,Basic,2023-06-07,,199.0,US,0,970
3484,Basic,2023-12-30,,199.0,US,0,764
3485,Standard,2023-06-15,,199.0,UK,0,962
3486,Basic,2023-10-03,,399.0,UK,0,852
3487,Standard,2023-03-21,,799.0,US,0,1048
3488,Basic,2023-09-26,,199.0,US,0,859
3489,Premium,2023-01-20,,399.0,Unknown,0,1108
3490,Standard,2023-11-12,,199.0,India,0,812
3491,Basic,2023-11-28,,199.0,India,0,796
3492,Basic,2023-07-30,,799.0,Germany,0,917
3493,Premium,2023-08-01,2024-03-01,799.0,Australia,1,213
3494,Premium,2023-02-12,,799.0,Germany,0,1085
3495,Standard,2023-03-12,2024-02-16,399.0,Australia,1,341
3496,Premium,2023-03-06,,199.0,Germany,0,1063
3497,Basic,2023-12-17,,399.0,Unknown,0,777
3498,Basic,2023-08-10,,799.0,Germany,0,906
3499,Standard,2023-06-17,2023-10-22,799.0,Australia,1,127
3500,Basic,2023-11-02,,199.0,US,0,822
3501,Standard,2023-04-10,,399.0,Australia,0,1028
3502,Premium,2023-03-05,,799.0,Unknown,0,1064
3503,Basic,2023-10-10,,399.0,India,0,845
3504,Basic,2023-07-20,,399.0,UK,0,927
3505,Standard,2023-10-24,,399.0,US,0,831
3506,Standard,2023-01-09,,399.0,US,0,1119
3507,Basic,2023-06-16,,399.0,UK,0,961
3508,Basic,2023-09-24,,799.0,Germany,0,861
3509,Basic,2023-03-14,2024-01-06,399.0,US,1,298
3510,Basic,2023-02-21,2023-12-08,199.0,India,1,290
3511,Standard,2023-10-06,,199.0,India,0,849
3512,Basic,2023-03-16,,399.0,Germany,0,1053
3513,Premium,2023-06-05,,399.0,India,0,972
3514,Standard,2023-03-04,,799.0,Australia,0,1065
3515,Basic,2023-06-02,,799.0,Germany,0,975
3516,Standard,2023-04-29,,199.0,India,0,1009
3517,Basic,2023-10-22,,199.0,Unknown,0,833
3518,Standard,2023-01-02,,199.0,UK,0,1126
3519,Basic,2023-12-29,,199.0,Australia,0,765
3520,Standard,2023-05-19,2023-10-11,399.0,UK,1,145
3521,Basic,2023-12-21,,799.0,Germany,0,773
3522,Standard,2023-10-04,,199.0,US,0,851
3523,Standard,2023-12-01,,399.0,Germany,0,793
3524,Standard,2023-02-09,2024-01-20,399.0,UK,1,345
3525,Basic,2023-12-07,,199.0,US,0,787
3526,Basic,2023-11-26,,399.0,UK,0,798
3527,Unknown,2023-03-21,,199.0,Unknown,0,1048
3528,Basic,2023-05-18,,199.0,India,0,990
3529,Premium,2023-05-07,2023-09-02,199.0,UK,1,118
3530,Standard,2023-10-11,,199.0,UK,0,844
3531,Premium,2023-03-28,,399.0,India,0,1041
3532,Basic,2023-12-19,,199.0,UK,0,775
3533,Standard,2023-08-14,,399.0,India,0,902
3534,Premium,2023-02-03,,399.0,UK,0,1094
3535,Basic,2023-05-05,2023-11-16,199.0,Germany,1,195
3536,Standard,2023-01-30,2023-05-02,399.0,India,1,92
3537,Premium,2023-03-25,2023-11-16,199.0,Germany,1,236
3538,Premium,2023-03-26,2023-06-30,199.0,Australia,1,96
3539,Basic,2023-04-03,,199.0,Unknown,0,1035
3540,Premium,2023-06-21,,199.0,Germany,0,956
3541,Standard,2023-06-22,,399.0,Germany,0,955
3542,Basic,2023-04-10,,799.0,Australia,0,1028
3543,Premium,2023-09-08,,399.0,Germany,0,877
3544,Basic,2023-01-17,,199.0,Australia,0,1111
3545,Basic,2023-09-18,,399.0,India,0,867
3546,Basic,2023-06-01,,399.0,Australia,0,976
3547,Standard,2023-07-20,,399.0,US,0,927
3548,Basic,2023-05-20,2024-01-06,799.0,Germany,1,231
3549,Premium,2023-04-07,,199.0,Germany,0,1031
3550,Premium,2023-06-05,,399.0,US,0,972
3551,Basic,2023-03-14,,799.0,UK,0,1055
3552,Unknown,2023-10-12,,199.0,India,0,843
3553,Basic,2023-01-31,,199.0,US,0,1097
3554,Basic,2023-07-29,,399.0,Australia,0,918
3555,Premium,2023-06-03,,399.0,UK,0,974
3556,Basic,2023-05-28,,199.0,Germany,0,980
3557,Basic,2023-09-18,,799.0,India,0,867
3558,Basic,2023-12-10,,399.0,US,0,784
3559,Basic,2023-12-05,,399.0,Australia,0,789
3560,Basic,2023-03-19,2024-03-13,199.0,US,1,360
3561,Standard,2023-07-01,,399.0,UK,0,946
3562,Basic,2023-05-04,,799.0,Unknown,0,1004
3563,Basic,2023-01-26,,199.0,Australia,0,1102
3564,Premium,2023-02-11,,399.0,India,0,1086
3565,Standard,2023-12-16,,399.0,India,0,778
3566,Basic,2023-12-30,,799.0,Unknown,0,764
3567,Basic,2023-01-18,,399.0,Australia,0,1110
3568,Unknown,2023-09-21,2023-12-31,399.0,Germany,1,101
3569,Basic,2023-07-23,,199.0,India,0,924
3570,Standard,2023-04-28,2023-05-29,399.0,Germany,1,31
3571,Basic,2023-08-04,,399.0,Unknown,0,912
3572,Premium,2023-04-05,2023-09-18,199.0,US,1,166
3573,Standard,2023-12-29,,399.0,India,0,765
3574,Premium,2023-05-15,,399.0,Germany,0,993
3575,Unknown,2023-02-06,,799.0,US,0,1091
3576,Standard,2023-04-15,,399.0,Australia,0,1023
3577,Standard,2023-04-27,,399.0,Unknown,0,1011
3578,Standard,2023-06-18,2024-01-22,399.0,India,1,218
3579,Premium,2023-10-03,,399.0,UK,0,852
3580,Standard,2023-04-06,,399.0,Unknown,0,1032
3581,Standard,2023-06-17,2024-03-01,399.0,Unknown,1,258
3582,Premium,2023-05-27,,399.0,US,0,981
3583,Basic,2023-12-08,,799.0,Australia,0,786
3584,Premium,2023-12-05,,399.0,Australia,0,789
3585,Premium,2023-01-22,,199.0,Unknown,0,1106
3586,Basic,2023-11-30,,199.0,US,0,794
3587,Premium,2023-10-08,,799.0,Unknown,0,847
3588,Basic,2023-08-14,,799.0,US,0,902
3589,Basic,2023-01-19,,399.0,India,0,1109
3590,Premium,2023-07-26,2023-08-26,399.0,Germany,1,31
3591,Unknown,2023-11-27,,399.0,US,0,797
3592,Basic,2023-12-12,,799.0,India,0,782
3593,Basic,2023-08-20,,399.0,India,0,896
3594,Basic,2023-08-04,2024-01-09,399.0,Germany,1,158
3595,Premium,2023-11-22,2024-01-15,399.0,India,1,54
3596,Basic,2023-08-12,,799.0,Australia,0,904
3597,Standard,2023-01-02,,799.0,US,0,1126
3598,Premium,2023-05-22,2023-07-23,199.0,UK,1,62
3599,Standard,2023-09-15,,399.0,Unknown,0,870
3600,Unknown,2023-08-27,,399.0,UK,0,889
3601,Basic,2023-01-04,,799.0,Australia,0,1124
3602,Premium,2023-04-06,,199.0,India,0,1032
3603,Basic,2023-08-03,,199.0,Australia,0,913
3604,Standard,2023-06-22,,799.0,UK,0,955
3605,Standard,2023-07-30,,799.0,Germany,0,917
3606,Basic,2023-07-17,,199.0,US,0,930
3607,Premium,2023-04-27,2023-10-09,199.0,Unknown,1,165
3608,Premium,2023-09-25,,199.0,Germany,0,860
3609,Basic,2023-03-09,,199.0,US,0,1060
3610,Standard,2023-05-21,,199.0,UK,0,987
3611,Basic,2023-04-01,2023-09-26,199.0,Germany,1,178
3612,Basic,2023-09-21,,199.0,Australia,0,864
3613,Standard,2023-08-31,,799.0,Germany,0,885
3614,Basic,2023-01-11,,399.0,Australia,0,1117
3615,Unknown,2023-05-28,,199.0,Unknown,0,980
3616,Basic,2023-07-30,,799.0,US,0,917
3617,Standard,2023-11-20,,199.0,Unknown,0,804
3618,Basic,2023-09-03,,199.0,India,0,882
3619,Basic,2023-10-22,,199.0,Germany,0,833
3620,Premium,2023-05-23,,199.0,Australia,0,985
3621,Basic,2023-08-20,,399.0,Unknown,0,896
3622,Premium,2023-07-17,2023-09-20,399.0,Unknown,1,65
3623,Premium,2023-10-27,,399.0,US,0,828
3624,Basic,2023-05-11,,799.0,India,0,997
3625,Basic,2023-03-15,,199.0,India,0,1054
3626,Premium,2023-01-08,,199.0,US,0,1120
3627,Premium,2023-03-21,2023-05-26,399.0,India,1,66
3628,Basic,2023-11-21,,199.0,Unknown,0,803
3629,Basic,2023-10-16,,399.0,Unknown,0,839
3630,Premium,2023-05-10,2023-08-02,799.0,Unknown,1,84
3631,Standard,2023-06-05,,399.0,UK,0,972
3632,Basic,2023-02-13,2023-05-31,199.0,India,1,107
3633,Basic,2023-03-14,2023-03-17,799.0,Germany,1,3
3634,Standard,2023-02-19,,799.0,UK,0,1078
3635,Premium,2023-03-03,,199.0,Unknown,0,1066
3636,Basic,2023-10-06,,399.0,India,0,849
3637,Standard,2023-03-17,2024-01-28,199.0,India,1,317
3638,Basic,2023-04-19,2023-07-28,199.0,UK,1,100
3639,Standard,2023-06-12,2024-03-21,199.0,India,1,283
3640,Basic,2023-07-31,,199.0,US,0,916
3641,Standard,2023-01-03,2023-07-05,399.0,India,1,183
3642,Basic,2023-09-21,2024-03-22,199.0,Unknown,1,183
3643,Premium,2023-07-04,,199.0,India,0,943
3644,Unknown,2023-09-22,,799.0,US,0,863
3645,Standard,2023-01-13,2023-02-20,199.0,UK,1,38
3646,Basic,2023-07-14,2023-10-25,199.0,UK,1,103
3647,Premium,2023-06-18,,399.0,US,0,959
3648,Basic,2023-07-26,,799.0,India,0,921
3649,Basic,2023-05-02,2024-01-25,399.0,US,1,268
3650,Standard,2023-01-28,,199.0,Australia,0,1100
3651,Standard,2023-04-23,,399.0,Germany,0,1015
3652,Standard,2023-12-29,,399.0,Germany,0,765
3653,Basic,2023-11-02,,399.0,India,0,822
3654,Premium,2023-01-19,,199.0,US,0,1109
3655,Standard,2023-10-14,2023-10-21,399.0,Australia,1,7
3656,Basic,2023-04-27,,199.0,Australia,0,1011
3657,Standard,2023-09-29,,199.0,India,0,856
3658,Unknown,2023-06-26,,399.0,UK,0,951
3659,Basic,2023-03-16,,199.0,Unknown,0,1053
3660,Premium,2023-04-01,2024-01-05,399.0,Germany,1,279
3661,Unknown,2023-06-08,,399.0,US,0,969
3662,Premium,2023-06-19,,199.0,US,0,958
3663,Standard,2023-04-26,,399.0,UK,0,1012
3664,Basic,2023-08-05,,199.0,Germany,0,911
3665,Basic,2023-01-04,,199.0,US,0,1124
3666,Premium,2023-06-07,,199.0,Germany,0,970
3667,Basic,2023-09-11,,199.0,Australia,0,874
3668,Standard,2023-05-22,,799.0,Germany,0,986
3669,Standard,2023-06-04,,399.0,Unknown,0,973
3670,Premium,2023-02-24,,399.0,Australia,0,1073
3671,Premium,2023-10-27,,799.0,UK,0,828
3672,Standard,2023-04-16,,799.0,US,0,1022
3673,Standard,2023-05-12,,799.0,Germany,0,996
3674,Standard,2023-06-20,,399.0,Australia,0,957
3675,Standard,2023-07-09,,799.0,UK,0,938
3676,Basic,2023-03-16,,199.0,Germany,0,1053
3677,Basic,2023-05-30,,799.0,US,0,978
3678,Standard,2023-01-23,,199.0,Unknown,0,1105
3679,Basic,2023-03-24,,199.0,Germany,0,1045
3680,Basic,2023-03-12,,199.0,Unknown,0,1057
3681,Basic,2023-02-02,,199.0,Unknown,0,1095
3682,Basic,2023-03-15,,399.0,Germany,0,1054
3683,Standard,2023-11-26,,199.0,Australia,0,798
3684,Basic,2023-07-09,2023-08-18,199.0,UK,1,40
3685,Basic,2023-12-13,,199.0,US,0,781
3686,Premium,2023-10-03,,799.0,Unknown,0,852
3687,Basic,2023-11-21,,799.0,UK,0,803
3688,Standard,2023-05-03,,199.0,Germany,0,1005
3689,Standard,2023-11-20,,199.0,Germany,0,804
3690,Basic,2023-04-28,,399.0,US,0,1010
3691,Standard,2023-12-05,,399.0,Germany,0,789
3692,Standard,2023-08-29,,399.0,Germany,0,887
3693,Premium,2023-03-26,,799.0,India,0,1043
3694,Unknown,2023-10-23,,399.0,Unknown,0,832
3695,Standard,2023-02-09,,199.0,Germany,0,1088
3696,Basic,2023-04-15,,199.0,US,0,1023
3697,Standard,2023-03-22,,799.0,Australia,0,1047
3698,Basic,2023-02-04,,199.0,US,0,1093
3699,Standard,2023-05-11,,199.0,Germany,0,997
3700,Basic,2023-08-11,,399.0,US,0,905
3701,Basic,2023-05-04,,399.0,Australia,0,1004
3702,Premium,2023-04-29,,399.0,US,0,1009
3703,Premium,2023-05-23,,199.0,India,0,985
3704,Standard,2023-08-16,,199.0,India,0,900
3705,Unknown,2023-05-19,,399.0,US,0,989
3706,Basic,2023-08-23,2023-11-26,399.0,India,1,95
3707,Basic,2023-11-01,,199.0,India,0,823
3708,Standard,2023-02-08,,399.0,Germany,0,1089
3709,Basic,2023-03-13,,199.0,Unknown,0,1056
3710,Standard,2023-12-18,,199.0,US,0,776
3711,Basic,2023-05-06,,199.0,Germany,0,1002
3712,Standard,2023-07-29,,399.0,Australia,0,918
3713,Basic,2023-05-03,,199.0,India,0,1005
3714,Basic,2023-10-30,,199.0,US,0,825
3715,Basic,2023-01-24,,799.0,US,0,1104
3716,Standard,2023-06-19,,399.0,Germany,0,958
3717,Basic,2023-01-10,2023-04-24,199.0,UK,1,104
3718,Unknown,2023-05-30,,199.0,Unknown,0,978
3719,Basic,2023-10-26,,399.0,Unknown,0,829
3720,Basic,2023-04-21,,799.0,UK,0,1017
3721,Basic,2023-07-26,2023-10-14,199.0,India,1,80
3722,Standard,2023-12-02,2023-12-12,799.0,Germany,1,10
3723,Basic,2023-06-23,,399.0,India,0,954
3724,Premium,2023-05-04,,199.0,Germany,0,1004
3725,Premium,2023-06-19,2024-01-29,199.0,US,1,224
3726,Standard,2023-12-22,,199.0,Unknown,0,772
3727,Premium,2023-08-03,,199.0,US,0,913
3728,Standard,2023-02-24,,199.0,US,0,1073
3729,Basic,2023-07-05,,399.0,Germany,0,942
3730,Basic,2023-07-28,,199.0,UK,0,919
3731,Standard,2023-06-03,2024-01-18,399.0,India,1,229
3732,Basic,2023-01-15,,399.0,Australia,0,1113
3733,Basic,2023-01-02,,399.0,US,0,1126
3734,Standard,2023-02-03,,199.0,Unknown,0,1094
3735,Premium,2023-12-19,,799.0,US,0,775
3736,Standard,2023-03-04,2023-07-27,199.0,UK,1,145
3737,Premium,2023-08-11,,199.0,Australia,0,905
3738,Standard,2023-12-23,,199.0,Unknown,0,771
3739,Basic,2023-12-24,,799.0,Australia,0,770
3740,Unknown,2023-05-28,2023-12-20,399.0,UK,1,206
3741,Basic,2023-09-01,,399.0,India,0,884
3742,Basic,2023-07-27,,399.0,Unknown,0,920
3743,Basic,2023-04-16,,199.0,US,0,1022
3744,Standard,2023-08-03,,399.0,Unknown,0,913
3745,Standard,2023-04-27,,199.0,Germany,0,1011
3746,Basic,2023-03-13,2024-02-03,199.0,Unknown,1,327
3747,Premium,2023-07-26,,399.0,Australia,0,921
3748,Basic,2023-09-25,,399.0,US,0,860
3749,Premium,2023-04-01,2023-10-28,199.0,Unknown,1,210
3750,Premium,2023-10-03,,199.0,Germany,0,852
3751,Basic,2023-10-11,,199.0,Germany,0,844
3752,Basic,2023-12-08,,199.0,US,0,786
3753,Basic,2023-01-05,,199.0,UK,0,1123
3754,Standard,2023-03-28,2024-01-11,199.0,Unknown,1,289
3755,Basic,2023-08-01,,199.0,Germany,0,915
3756,Unknown,2023-06-06,,799.0,India,0,971
3757,Basic,2023-04-29,2023-06-22,799.0,India,1,54
3758,Premium,2023-02-14,2023-09-01,199.0,Germany,1,199
3759,Basic,2023-03-21,,199.0,Unknown,0,1048
3760,Basic,2023-02-20,,199.0,Unknown,0,1077
3761,Standard,2023-12-18,,199.0,UK,0,776
3762,Standard,2023-07-03,,199.0,Australia,0,944
3763,Basic,2023-09-04,,399.0,Unknown,0,881
3764,Basic,2023-09-01,,199.0,Australia,0,884
3765,Basic,2023-11-24,2024-02-21,199.0,US,1,89
3766,Basic,2023-03-27,,399.0,Australia,0,1042
3767,Standard,2023-10-23,,199.0,Australia,0,832
3768,Standard,2023-01-16,,199.0,Australia,0,1112
3769,Basic,2023-08-02,2023-12-09,399.0,Germany,1,129
3770,Basic,2023-11-12,,799.0,UK,0,812
3771,Unknown,2023-08-15,,199.0,US,0,901
3772,Basic,2023-09-20,,399.0,Australia,0,865
3773,Standard,2023-07-27,,799.0,India,0,920
3774,Basic,2023-03-13,,199.0,Germany,0,1056
3775,Basic,2023-02-05,,199.0,Australia,0,1092
3776,Standard,2023-08-08,,399.0,Unknown,0,908
3777,Basic,2023-02-19,,199.0,Unknown,0,1078
3778,Standard,2023-10-15,,199.0,UK,0,840
3779,Basic,2023-06-28,,399.0,Unknown,0,949
3780,Basic,2023-11-08,,799.0,India,0,816
3781,Standard,2023-12-06,,399.0,UK,0,788
3782,Standard,2023-05-02,,399.0,Unknown,0,1006
3783,Basic,2023-11-15,,199.0,India,0,809
3784,Standard,2023-05-11,2023-08-13,399.0,Unknown,1,94
3785,Standard,2023-07-18,,199.0,India,0,929
3786,Premium,2023-04-21,2023-09-25,199.0,Unknown,1,157
3787,Premium,2023-08-23,,199.0,UK,0,893
3788,Premium,2023-01-18,2023-09-06,399.0,US,1,231
3789,Basic,2023-07-19,,399.0,US,0,928
3790,Basic,2023-10-04,,199.0,Australia,0,851
3791,Basic,2023-08-03,,199.0,India,0,913
3792,Basic,2023-06-02,2024-01-12,199.0,Australia,1,224
3793,Basic,2023-09-15,,199.0,Unknown,0,870
3794,Basic,2023-05-09,,399.0,Unknown,0,999
3795,Basic,2023-09-14,,399.0,Germany,0,871
3796,Basic,2023-07-08,,799.0,UK,0,939
3797,Basic,2023-07-13,,199.0,Australia,0,934
3798,Basic,2023-04-02,,199.0,Unknown,0,1036
3799,Premium,2023-08-13,,199.0,India,0,903
3800,Standard,2023-05-01,,799.0,Australia,0,1007
3801,Basic,2023-07-15,2023-09-21,399.0,Germany,1,68
3802,Basic,2023-09-29,,399.0,Unknown,0,856
3803,Standard,2023-01-01,2024-02-23,199.0,UK,1,418
3804,Basic,2023-03-16,,199.0,Unknown,0,1053
3805,Standard,2023-08-10,,199.0,UK,0,906
3806,Standard,2023-06-16,,799.0,India,0,961
3807,Basic,2023-10-18,,199.0,UK,0,837
3808,Standard,2023-08-25,,399.0,Germany,0,891
3809,Premium,2023-09-20,,799.0,India,0,865
3810,Standard,2023-07-03,2023-12-19,799.0,Australia,1,169
3811,Basic,2023-11-15,,399.0,India,0,809
3812,Basic,2023-11-24,,399.0,India,0,800
3813,Premium,2023-03-05,2024-01-30,199.0,Unknown,1,331
3814,Unknown,2023-07-11,,399.0,UK,0,936
3815,Premium,2023-06-12,,199.0,UK,0,965
3816,Basic,2023-09-10,,799.0,Germany,0,875
3817,Standard,2023-05-14,,399.0,UK,0,994
3818,Premium,2023-08-03,,399.0,India,0,913
3819,Standard,2023-02-11,,199.0,India,0,1086
3820,Unknown,2023-04-28,2023-12-30,799.0,Unknown,1,246
3821,Standard,2023-01-18,,199.0,Unknown,0,1110
3822,Basic,2023-11-17,,799.0,Germany,0,807
3823,Basic,2023-09-04,,399.0,Germany,0,881
3824,Unknown,2023-03-10,2023-06-09,199.0,Australia,1,91
3825,Unknown,2023-08-27,,199.0,Unknown,0,889
3826,Premium,2023-11-17,,399.0,Unknown,0,807
3827,Basic,2023-05-15,,399.0,Australia,0,993
3828,Basic,2023-09-16,2024-01-10,799.0,US,1,116
3829,Standard,2023-07-06,,199.0,Germany,0,941
3830,Basic,2023-07-25,,199.0,India,0,922
3831,Premium,2023-02-01,2023-07-29,399.0,US,1,178
3832,Standard,2023-05-16,,199.0,Unknown,0,992
3833,Standard,2023-04-11,2024-03-06,199.0,Germany,1,330
3834,Standard,2023-07-10,,199.0,Germany,0,937
3835,Basic,2023-07-01,,399.0,India,0,946
3836,Premium,2023-02-02,2024-02-26,799.0,India,1,389
3837,Basic,2023-02-07,,199.0,Unknown,0,1090
3838,Standard,2023-06-05,,399.0,India,0,972
3839,Basic,2023-08-12,,199.0,Australia,0,904
3840,Standard,2023-07-16,,399.0,Australia,0,931
3841,Standard,2023-09-13,,399.0,UK,0,872
3842,Standard,2023-06-30,2023-07-19,799.0,India,1,19
3843,Basic,2023-10-18,,399.0,Australia,0,837
3844,Basic,2023-03-28,2024-01-31,399.0,Germany,1,309
3845,Basic,2023-08-07,,799.0,US,0,909
3846,Basic,2023-12-28,,799.0,Australia,0,766
3847,Basic,2023-01-23,2024-03-17,199.0,UK,1,419
3848,Basic,2023-05-26,,799.0,Germany,0,982
3849,Unknown,2023-11-12,,799.0,India,0,812
3850,Standard,2023-01-31,,199.0,India,0,1097
3851,Basic,2023-01-20,,399.0,Unknown,0,1108
3852,Premium,2023-01-03,,799.0,India,0,1125
3853,Unknown,2023-12-12,,399.0,Germany,0,782
3854,Premium,2023-01-22,,199.0,US,0,1106
3855,Basic,2023-07-28,,199.0,UK,0,919
3856,Premium,2023-09-10,,399.0,Germany,0,875
3857,Premium,2023-11-17,,399.0,UK,0,807
3858,Standard,2023-12-02,,799.0,Australia,0,792
3859,Standard,2023-07-03,,399.0,US,0,944
3860,Basic,2023-01-24,2023-06-04,199.0,UK,1,131
3861,Basic,2023-10-17,2024-03-03,199.0,Unknown,1,138
3862,Standard,2023-09-30,2024-01-09,199.0,US,1,101
3863,Standard,2023-02-10,,399.0,US,0,1087
3864,Standard,2023-05-02,,199.0,Unknown,0,1006
3865,Premium,2023-06-28,2023-10-06,199.0,Germany,1,100
3866,Basic,2023-03-26,,799.0,Australia,0,1043
3867,Basic,2023-05-24,,399.0,US,0,984
3868,Basic,2023-03-29,,199.0,Unknown,0,1040
3869,Standard,2023-01-13,,199.0,UK,0,1115
3870,Basic,2023-08-17,,799.0,Unknown,0,899
3871,Basic,2023-12-05,,399.0,Germany,0,789
3872,Basic,2023-10-05,,199.0,US,0,850
3873,Basic,2023-11-13,,399.0,Germany,0,811
3874,Premium,2023-01-06,2023-08-30,399.0,Germany,1,236
3875,Basic,2023-02-02,2023-06-27,399.0,Unknown,1,145
3876,Premium,2023-07-06,,799.0,Germany,0,941
3877,Standard,2023-01-01,,199.0,India,0,1127
3878,Unknown,2023-08-30,,199.0,Germany,0,886
3879,Basic,2023-09-18,,399.0,Unknown,0,867
3880,Basic,2023-10-28,,799.0,Unknown,0,827
3881,Basic,2023-01-22,,399.0,Unknown,0,1106
3882,Standard,2023-03-12,2023-09-16,199.0,UK,1,188
3883,Basic,2023-02-16,2023-07-26,199.0,Australia,1,160
3884,Standard,2023-03-16,,399.0,India,0,1053
3885,Basic,2023-02-05,,199.0,UK,0,1092
3886,Basic,2023-10-27,,199.0,UK,0,828
3887,Premium,2023-02-11,2024-03-15,399.0,Germany,1,398
3888,Premium,2023-02-10,2023-12-02,199.0,Germany,1,295
3889,Premium,2023-12-11,,399.0,Unknown,0,783
3890,Unknown,2023-12-17,,199.0,India,0,777
3891,Premium,2023-03-29,2023-10-15,199.0,US,1,200
3892,Basic,2023-11-17,,799.0,UK,0,807
3893,Basic,2023-04-04,,199.0,Germany,0,1034
3894,Basic,2023-05-23,,399.0,US,0,985
3895,Premium,2023-01-24,2023-09-15,399.0,Unknown,1,234
3896,Basic,2023-08-31,,399.0,Australia,0,885
3897,Standard,2023-11-27,,799.0,US,0,797
3898,Basic,2023-06-02,2023-07-07,199.0,Australia,1,35
3899,Basic,2023-09-02,,199.0,India,0,883
3900,Basic,2023-06-07,,399.0,Australia,0,970
3901,Basic,2023-05-04,2023-08-28,199.0,US,1,116
3902,Premium,2023-12-20,,399.0,US,0,774
3903,Premium,2023-10-19,,199.0,US,0,836
3904,Basic,2023-02-25,,199.0,UK,0,1072
3905,Unknown,2023-06-10,,399.0,India,0,967
3906,Basic,2023-03-02,2023-12-14,199.0,US,1,287
3907,Basic,2023-05-06,,399.0,UK,0,1002
3908,Standard,2023-03-06,,399.0,Germany,0,1063
3909,Basic,2023-05-13,,799.0,US,0,995
3910,Premium,2023-07-23,,799.0,UK,0,924
3911,Basic,2023-03-01,2024-03-05,199.0,US,1,370
3912,Premium,2023-02-23,,799.0,Unknown,0,1074
3913,Basic,2023-02-09,2023-07-23,199.0,Germany,1,164
3914,Premium,2023-02-06,,399.0,US,0,1091
3915,Basic,2023-11-12,,799.0,Unknown,0,812
3916,Premium,2023-09-13,,399.0,US,0,872
3917,Premium,2023-12-13,2024-03-24,399.0,Australia,1,102
3918,Standard,2023-05-16,,199.0,Germany,0,992
3919,Premium,2023-08-07,,399.0,US,0,909
3920,Premium,2023-07-14,,799.0,India,0,933
3921,Premium,2023-07-15,,199.0,UK,0,932
3922,Standard,2023-06-03,2023-11-28,199.0,Germany,1,178
3923,Unknown,2023-09-20,2023-11-02,399.0,UK,1,43
3924,Standard,2023-01-20,,199.0,UK,0,1108
3925,Standard,2023-03-31,,199.0,US,0,1038
3926,Standard,2023-04-26,,199.0,US,0,1012
3927,Unknown,2023-10-30,,399.0,India,0,825
3928,Basic,2023-04-12,,399.0,Australia,0,1026
3929,Standard,2023-10-26,,399.0,Germany,0,829
3930,Basic,2023-05-07,,399.0,India,0,1001
3931,Standard,2023-09-18,,399.0,UK,0,867
3932,Basic,2023-02-24,,199.0,Germany,0,1073
3933,Basic,2023-04-16,,199.0,Germany,0,1022
3934,Standard,2023-04-11,,199.0,Australia,0,1027
3935,Basic,2023-11-14,,799.0,Australia,0,810
3936,Standard,2023-04-12,,799.0,Australia,0,1026
3937,Standard,2023-01-04,2023-09-27,399.0,Germany,1,266
3938,Basic,2023-04-05,,199.0,Australia,0,1033
3939,Standard,2023-06-30,,199.0,US,0,947
3940,Basic,2023-02-03,,399.0,Unknown,0,1094
3941,Basic,2023-05-17,,199.0,US,0,991
3942,Standard,2023-10-09,,399.0,Australia,0,846
3943,Basic,2023-04-11,,199.0,UK,0,1027
3944,Basic,2023-11-15,,199.0,UK,0,809
3945,Basic,2023-12-11,2024-03-11,399.0,US,1,91
3946,Standard,2023-03-22,,199.0,India,0,1047
3947,Premium,2023-11-26,,399.0,India,0,798
3948,Basic,2023-07-18,,199.0,India,0,929
3949,Standard,2023-12-28,,799.0,US,0,766
3950,Basic,2023-02-11,,199.0,US,0,1086
3951,Standard,2023-01-23,2024-01-10,399.0,Unknown,1,352
3952,Basic,2023-02-16,,799.0,Australia,0,1081
3953,Basic,2023-05-07,2023-09-11,399.0,UK,1,127
3954,Standard,2023-08-08,,199.0,Unknown,0,908
3955,Standard,2023-12-21,,399.0,Australia,0,773
3956,Basic,2023-12-24,,399.0,Australia,0,770
3957,Basic,2023-10-05,,199.0,India,0,850
3958,Premium,2023-01-09,,399.0,US,0,1119
3959,Basic,2023-12-30,,199.0,Unknown,0,764
3960,Standard,2023-05-10,,199.0,Germany,0,998
3961,Basic,2023-11-02,,199.0,Australia,0,822
3962,Premium,2023-04-30,2024-02-20,199.0,Germany,1,296
3963,Unknown,2023-07-10,,799.0,Unknown,0,937
3964,Basic,2023-06-01,,399.0,UK,0,976
3965,Basic,2023-10-21,,199.0,India,0,834
3966,Basic,2023-09-19,,399.0,Australia,0,866
3967,Basic,2023-08-20,2024-02-01,199.0,UK,1,165
3968,Premium,2023-12-29,,399.0,Unknown,0,765
3969,Standard,2023-06-21,2024-01-20,199.0,UK,1,213
3970,Basic,2023-10-20,,399.0,Germany,0,835
3971,Unknown,2023-11-12,,799.0,US,0,812
3972,Standard,2023-07-05,,199.0,UK,0,942
3973,Basic,2023-02-07,,199.0,Australia,0,1090
3974,Basic,2023-07-27,2024-02-11,399.0,US,1,199
3975,Basic,2023-11-02,,199.0,US,0,822
3976,Premium,2023-06-21,,799.0,India,0,956
3977,Basic,2023-08-16,2023-10-10,199.0,Australia,1,55
3978,Standard,2023-01-06,,199.0,Australia,0,1122
3979,Premium,2023-05-18,2024-01-01,199.0,US,1,228
3980,Standard,2023-01-28,,399.0,UK,0,1100
3981,Basic,2023-02-07,,399.0,US,0,1090
3982,Basic,2023-02-17,2023-05-12,199.0,US,1,84
3983,Basic,2023-12-03,,399.0,UK,0,791
3984,Standard,2023-04-23,,199.0,Germany,0,1015
3985,Standard,2023-12-22,,399.0,India,0,772
3986,Basic,2023-03-20,,799.0,Germany,0,1049
3987,Basic,2023-04-06,2023-07-22,799.0,India,1,107
3988,Basic,2023-06-21,2023-12-05,799.0,Unknown,1,167
3989,Basic,2023-07-20,,199.0,Australia,0,927
3990,Standard,2023-05-09,,799.0,Germany,0,999
3991,Premium,2023-04-11,2023-10-31,199.0,Unknown,1,203
3992,Standard,2023-08-27,,399.0,US,0,889
3993,Standard,2023-10-12,,199.0,UK,0,843
3994,Basic,2023-05-07,,399.0,India,0,1001
3995,Basic,2023-10-18,,199.0,India,0,837
3996,Basic,2023-09-07,,399.0,UK,0,878
3997,Premium,2023-09-19,,199.0,Unknown,0,866
3998,Premium,2023-08-02,,199.0,Unknown,0,914
3999,Unknown,2023-11-25,,799.0,UK,0,799
4000,Basic,2023-02-21,,199.0,Unknown,0,1076
